{"type": "FeatureCollection", "crs": {"type": "name", "properties": {"name": "EPSG:4326"}}, "features": [{"type": "Feature", "id": 7494, "geometry": {"type": "LineString", "coordinates": [[30.5068000000201, 38.9238440003004], [30.586021000269, 38.8597529999011]]}, "properties": {"OBJECTID": 7494, "catalog_id": "EUR_TRCS222", "catalog_na": "SHARE", "name": " ", "slip_type": "Normal", "Shape__Length": 0.10190006483133637}}, {"type": "Feature", "id": 1921, "geometry": {"type": "LineString", "coordinates": [[42.3412399998262, 39.456557999752], [42.3145629998826, 39.4173369996029], [42.287885999939, 39.378115000307], [42.2349670003268, 39.3611139996115], [42.1820489998615, 39.3441129998151], [42.1254159998485, 39.3374429997946], [42.0687829998356, 39.3307719997281], [42.01216100033, 39.3241029997537], [41.9555379998789, 39.3174329997332], [41.8995610004399, 39.3080980000227], [41.8435840001016, 39.2987630003122], [41.7992489997416, 39.2707449996821], [41.7549130002348, 39.242725999905], [41.7081520004145, 39.2172189999569], [41.6613899996488, 39.1917120000089], [41.6095939996634, 39.1859959999155], [41.5577969996319, 39.1802789997761]]}, "properties": {"OBJECTID": 1921, "catalog_id": "ME_TRCS081", "catalog_na": "EMME", "name": " ", "slip_type": "Sinistral", "Shape__Length": 0.8632570911525896}}, {"type": "Feature", "id": 7423, "geometry": {"type": "LineString", "coordinates": [[40.7736110002475, 39.0842759999375], [40.7234619997715, 39.197751999755]]}, "properties": {"OBJECTID": 7423, "catalog_id": "EUR_TRCS150", "catalog_na": "SHARE", "name": " ", "slip_type": "Dextral", "Shape__Length": 0.12406339018149905}}, {"type": "Feature", "id": 2253, "geometry": {"type": "LineString", "coordinates": [[44.4992499997877, 40.6510010000961], [44.5450359996117, 40.623964999785], [44.5791669997573, 40.5746299999745], [44.6071549999034, 40.4431089998805], [44.6562450001067, 40.3242170003144], [44.7074059995873, 40.2467500000125], [44.7253909997949, 40.199267000172], [44.7288150003121, 40.1390490003112], [44.7764259997601, 40.0711699996958], [44.8240079996695, 40.0207880001661]]}, "properties": {"OBJECTID": 2253, "catalog_id": "ME_AM2s2", "catalog_na": "EMME", "name": " ", "slip_type": "Dextral-Normal", "Shape__Length": 0.7323944722585115}}, {"type": "Feature", "id": 1898, "geometry": {"type": "LineString", "coordinates": [[39.1807429995898, 38.3894299997947], [39.2319239999927, 38.4082600002988], [39.2831040003494, 38.4270899999036], [39.3343069999681, 38.4459279998774], [39.3855090004401, 38.4647659998511], [39.436734000174, 38.4836120001937], [39.4879579998619, 38.502457999637], [39.5392039996649, 38.5213120003486], [39.5712459997032, 38.5329720002576], [39.601844999747, 38.5443030002833]]}, "properties": {"OBJECTID": 1898, "catalog_id": "ME_TRCS051", "catalog_na": "EMME", "name": " ", "slip_type": "Sinistral", "Shape__Length": 0.448678944115407}}, {"type": "Feature", "id": 7517, "geometry": {"type": "LineString", "coordinates": [[33.439188000326, 40.3495040000096], [33.4214279997025, 40.2800090004151], [33.397527000071, 40.1864859998291], [33.41478700012, 40.0921169997998], [33.4476969997168, 40.0002239997378], [33.3718640001235, 39.9247210000742]]}, "properties": {"OBJECTID": 7517, "catalog_id": "EUR_TRCS245", "catalog_na": "SHARE", "name": " ", "slip_type": "Sinistral-Normal", "Shape__Length": 0.46881102366903427}}, {"type": "Feature", "id": 7400, "geometry": {"type": "LineString", "coordinates": [[41.2244280001522, 39.2628970001965], [41.1307430001893, 39.3178170003544]]}, "properties": {"OBJECTID": 7400, "catalog_id": "EUR_TRCS127", "catalog_na": "SHARE", "name": " ", "slip_type": "Dextral", "Shape__Length": 0.10859597430557043}}, {"type": "Feature", "id": 2136, "geometry": {"type": "LineString", "coordinates": [[31.3127999999201, 37.3786649999898], [31.3239669995774, 37.4115260000249], [31.3351340001341, 37.44438700006], [31.3463009997914, 37.4772480000952], [31.3475459996482, 37.5112699997107], [31.3487919995512, 37.5452910001796], [31.3500370003074, 37.5793129997951], [31.3393290002332, 37.611045999973], [31.3286200001129, 37.6427790001508], [31.3179120000388, 37.6745120003286]]}, "properties": {"OBJECTID": 2136, "catalog_id": "ME_TRCS380", "catalog_na": "EMME", "name": " ", "slip_type": "Normal", "Shape__Length": 0.30672632275807543}}, {"type": "Feature", "id": 1875, "geometry": {"type": "LineString", "coordinates": [[25.8005560002592, 40.2450410003419], [25.8298019999624, 40.2814090002252], [25.8590479996655, 40.3177780001546], [25.8959299998696, 40.3498790002158], [25.9328120000738, 40.3819800002768], [25.981324999749, 40.4033300000795], [26.0298380003235, 40.4246809999283], [26.0769989997041, 40.4454370002175], [26.1241589999379, 40.4661919995612]]}, "properties": {"OBJECTID": 1875, "catalog_id": "ME_TRCS018", "catalog_na": "EMME", "name": " ", "slip_type": "Dextral-Normal", "Shape__Length": 0.40018694378071956}}, {"type": "Feature", "id": 2207, "geometry": {"type": "LineString", "coordinates": [[42.0558420002082, 42.2748129996203], [42.1432840000566, 42.299655000378], [42.1932189996572, 42.3502289997686], [42.2633580001716, 42.417785999924], [42.3896769995939, 42.4676139999862], [42.4721889996227, 42.5427859996742], [42.6018589997931, 42.5835509999787], [42.6340579998769, 42.6155940000631]]}, "properties": {"OBJECTID": 2207, "catalog_id": "ME_G14s3s3", "catalog_na": "EMME", "name": " ", "slip_type": "Sinistral", "Shape__Length": 0.6881217221456478}}, {"type": "Feature", "id": 2159, "geometry": {"type": "LineString", "coordinates": [[30.1262690002142, 36.475201000326], [30.0827489996666, 36.4969549998734], [30.0392279999723, 36.5187090003201], [30.0065680002131, 36.5504699999906], [29.9739070004078, 36.582230999661], [29.9491439996959, 36.6183170000296], [29.9243799998372, 36.6544020003521], [29.9205409999672, 36.6835170003094], [29.9167020000973, 36.7126330003128]]}, "properties": {"OBJECTID": 2159, "catalog_id": "ME_TRCS419", "catalog_na": "EMME", "name": " ", "slip_type": "Normal", "Shape__Length": 0.3346892881458111}}, {"type": "Feature", "id": 2061, "geometry": {"type": "LineString", "coordinates": [[31.1454410001021, 38.0936269996864], [31.1689390000349, 38.068075000361], [31.1924380000137, 38.0425230001364], [31.2159359999465, 38.0169709999118], [31.2394260004097, 37.9914280001022], [31.2629159999735, 37.9658850002926], [31.2864060004366, 37.9403419995837], [31.3098879996315, 37.9148080001891], [31.3333689996796, 37.8892749999413], [31.3568509997739, 37.8637409996475], [31.3771509997189, 37.8365739995905], [31.3974509996639, 37.8094060003867], [31.417750999609, 37.7822390003296], [31.4497100003163, 37.7249549999733], [31.4570089996657, 37.6592879997414]]}, "properties": {"OBJECTID": 2061, "catalog_id": "ME_TRCS256", "catalog_na": "EMME", "name": " ", "slip_type": "Normal", "Shape__Length": 0.5457259216417195}}, {"type": "Feature", "id": 2084, "geometry": {"type": "LineString", "coordinates": [[29.2500210001691, 36.3964819998445], [29.2605730002438, 36.437784999778], [29.2711250003185, 36.4790879997115], [29.3045589997981, 36.5115829999555], [29.3379930001769, 36.5440780001996], [29.3481809996534, 36.5854440003404], [29.3583690000294, 36.6268099995819], [29.352125999915, 36.6686790004356], [29.3458829998007, 36.71054800039], [29.3168489999814, 36.7457159997936], [29.2878150001622, 36.7808830000504], [29.2567300001894, 36.8017839998318], [29.2256450002166, 36.8226849996131]]}, "properties": {"OBJECTID": 2084, "catalog_id": "ME_TRCS289", "catalog_na": "EMME", "name": " ", "slip_type": "Sinistral-Normal", "Shape__Length": 0.5144991127178129}}, {"type": "Feature", "id": 6999, "geometry": {"type": "LineString", "coordinates": [[26.344454000152, 35.9108380000737], [26.2924149997525, 35.9108380000737], [26.2521580003914, 35.9100679996385], [26.2119010001311, 35.9092970000565], [26.1819539995774, 35.9065999997902], [26.1520069999232, 35.9039020003771], [26.1117499996628, 35.8923409996375], [26.067565999971, 35.8807799997972], [26.021417999641, 35.869218999957], [25.9734190002867, 35.8584240003674], [25.9366140000361, 35.8537250004085], [25.8951659997112, 35.8494809998483], [25.8510149997425, 35.84665199979]]}, "properties": {"OBJECTID": 6999, "catalog_id": "EUR_GRCS979", "catalog_na": "SHARE", "name": " ", "slip_type": "Normal", "Shape__Length": 0.5000418894569593}}, {"type": "Feature", "id": 6993, "geometry": {"type": "LineString", "coordinates": [[26.9623430001294, 36.6405310001056], [26.9821679997534, 36.6608289999584], [27.0019930002768, 36.6811269998112], [27.0278520002697, 36.7027780000047], [27.0537110002625, 36.7244300002444], [27.0968090002352, 36.7454049998409], [27.1399070002079, 36.7663790002907], [27.1743850001677, 36.7934440001405], [27.2123109999528, 36.8123879996065], [27.2640269998462, 36.8259209995545], [27.3019529996313, 36.836295000414], [27.3398790003156, 36.8466700004203], [27.3778050001008, 36.8570440003804]]}, "properties": {"OBJECTID": 6993, "catalog_id": "EUR_GRCS965", "catalog_na": "SHARE", "name": " ", "slip_type": "Normal", "Shape__Length": 0.4777024705233738}}, {"type": "Feature", "id": 7663, "geometry": {"type": "LineString", "coordinates": [[27.6903689997296, 37.1263519999449], [27.6141850001377, 37.1944190002367]]}, "properties": {"OBJECTID": 7663, "catalog_id": "EUR_TRCS398", "catalog_na": "SHARE", "name": " ", "slip_type": "Dextral-Normal", "Shape__Length": 0.10216221572846866}}, {"type": "Feature", "id": 7586, "geometry": {"type": "LineString", "coordinates": [[32.539300000095, 38.1754799999021], [32.425678999886, 38.1654169998947], [32.310871999843, 38.155248000395], [32.1960809996385, 38.1450810000881], [32.0813060001718, 38.1349149998275], [31.9658550001082, 38.1374180001407], [31.8509110000427, 38.1463540003369], [31.7359530002308, 38.1552909996799]]}, "properties": {"OBJECTID": 7586, "catalog_id": "EUR_TRCS315", "catalog_na": "SHARE", "name": " ", "slip_type": "Normal", "Shape__Length": 0.8058607551022744}}, {"type": "Feature", "id": 6945, "geometry": {"type": "LineString", "coordinates": [[26.1177589997781, 35.122184999738], [26.1180380000537, 35.1158360001314], [26.1149699997657, 35.102481000298], [26.1113439998258, 35.0924099999216], [26.104092999992, 35.0779610000002], [26.0968410001121, 35.0709549997734], [26.0851270004108, 35.0659189995623], [26.0699249999388, 35.0626160001283], [26.056120000038, 35.0605649999748], [26.0466369997977, 35.0560080002691], [26.014285999899, 35.0304899998137]]}, "properties": {"OBJECTID": 6945, "catalog_id": "EUR_GRCS752", "catalog_na": "SHARE", "name": " ", "slip_type": "Normal", "Shape__Length": 0.151000437914674}}, {"type": "Feature", "id": 6976, "geometry": {"type": "LineString", "coordinates": [[25.8691390000649, 37.5337050000857], [25.8950050003805, 37.5511539998573], [25.9208709997969, 37.5686019995827], [25.9475459996482, 37.5870030000884], [25.9742200003528, 37.6054029996488], [26.0162519997301, 37.6288790003656], [26.05262599989, 37.6441070002379], [26.0865749997365, 37.6517209997244], [26.1116329996632, 37.6504519996601], [26.1383070003678, 37.6555279999173], [26.177915000377, 37.6625079998444], [26.2131629998726, 37.6753019998874], [26.249905999962, 37.6869760004421], [26.2866480000052, 37.6986520001897], [26.3185089997905, 37.7085400002209], [26.3503699995759, 37.7184280002521]]}, "properties": {"OBJECTID": 6976, "catalog_id": "EUR_GRCS907", "catalog_na": "SHARE", "name": " ", "slip_type": "Dextral-Normal", "Shape__Length": 0.5233666091958384}}, {"type": "Feature", "id": 2107, "geometry": {"type": "LineString", "coordinates": [[28.8251820003491, 38.0677469996244], [28.862711999859, 38.0609370003423], [28.9002420002681, 38.054127000161], [28.937771999778, 38.0473169999796], [28.9677419995937, 38.028287000145], [28.9977130003547, 38.0092580003565], [29.0276830001704, 37.9902279996226], [29.0541579997919, 37.9682319997071], [29.0806320002666, 37.9462369998377], [29.1071069998882, 37.9242409999222], [29.1457440000856, 37.8921409999073], [29.1843800002369, 37.8600399998462]]}, "properties": {"OBJECTID": 2107, "catalog_id": "ME_TRCS330", "catalog_na": "EMME", "name": " ", "slip_type": "Sinistral-Normal", "Shape__Length": 0.4246552565585742}}, {"type": "Feature", "id": 7609, "geometry": {"type": "LineString", "coordinates": [[36.2308359998815, 37.5005960003052], [36.2529940000731, 37.5951659997112], [36.3028620001812, 37.6916900001934]]}, "properties": {"OBJECTID": 7609, "catalog_id": "EUR_TRCS340", "catalog_na": "SHARE", "name": " ", "slip_type": "Sinistral", "Shape__Length": 0.20577599220032114}}, {"type": "Feature", "id": 7640, "geometry": {"type": "LineString", "coordinates": [[33.5209229995968, 40.7196969997168], [33.5735370004323, 40.8170790001957]]}, "properties": {"OBJECTID": 7640, "catalog_id": "EUR_TRCS375", "catalog_na": "SHARE", "name": " ", "slip_type": "Dextral-Normal", "Shape__Length": 0.11068643594044439}}, {"type": "Feature", "id": 7540, "geometry": {"type": "LineString", "coordinates": [[29.1429079997044, 37.1312530002259], [29.2098739995855, 37.1931500001724], [29.2778700002004, 37.2559979999078], [29.3265030000135, 37.3293769996488], [29.3627430002893, 37.4071699996958]]}, "properties": {"OBJECTID": 7540, "catalog_id": "EUR_TRCS268", "catalog_na": "SHARE", "name": " ", "slip_type": "Normal", "Shape__Length": 0.35763480282080223}}, {"type": "Feature", "id": 2130, "geometry": {"type": "LineString", "coordinates": [[33.027832999993, 40.6210930004416], [33.0813769996489, 40.6360739997154], [33.134921000204, 40.6510549998884], [33.1736599997093, 40.6828740004348], [33.2123990001138, 40.7146920000358], [33.2684219998754, 40.7232200003028], [33.324443999591, 40.7317469996244], [33.3708399996663, 40.7570520001497], [33.4172349996956, 40.7823559997296], [33.4652160000184, 40.8059480004], [33.5237640002085, 40.8202089997456]]}, "properties": {"OBJECTID": 2130, "catalog_id": "ME_TRCS373", "catalog_na": "EMME", "name": " ", "slip_type": "Dextral", "Shape__Length": 0.5442205342854594}}, {"type": "Feature", "id": 7563, "geometry": {"type": "LineString", "coordinates": [[30.5415499999326, 38.1063380003985], [30.4649999996503, 38.0699830002154]]}, "properties": {"OBJECTID": 7563, "catalog_id": "EUR_TRCS291", "catalog_na": "SHARE", "name": " ", "slip_type": "Sinistral-Normal", "Shape__Length": 0.08474425397353547}}, {"type": "Feature", "id": 2153, "geometry": {"type": "LineString", "coordinates": [[38.2129999998502, 41.3598599998392], [38.0963930004366, 41.3574809998483], [37.9797900003083, 41.3551019998575], [37.8631910003645, 41.3527219998205], [37.7465959997057, 41.3503429998296], [37.6300060001768, 41.3479639998388], [37.5134199999331, 41.345585999894], [37.3968379998739, 41.3432069999032], [37.280259999999, 41.3408279999123], [37.1636870003549, 41.3384489999215], [37.1053790004406, 41.3372599999491], [37.0470699995809, 41.3360699999306]]}, "properties": {"OBJECTID": 2153, "catalog_id": "ME_TRCS411", "catalog_na": "EMME", "name": " ", "slip_type": "Reverse", "Shape__Length": 1.166172684320425}}, {"type": "Feature", "id": 7686, "geometry": {"type": "LineString", "coordinates": [[43.715964999685, 37.8442100000915], [43.6519829998156, 37.785080000042], [43.6002130001299, 37.7165180003055], [43.542628000282, 37.6509480000502]]}, "properties": {"OBJECTID": 7686, "catalog_id": "EUR_TRCS428", "catalog_na": "SHARE", "name": " ", "slip_type": "Sinistral", "Shape__Length": 0.2602995500604526}}, {"type": "Feature", "id": 1844, "geometry": {"type": "LineString", "coordinates": [[25.1558740003849, 39.0546459996132], [25.1749479995506, 39.0738959997007], [25.1940219996156, 39.093144999742], [25.2239940004228, 39.1230890001573], [25.2539660003307, 39.1530329996733], [25.2893879997565, 39.1829770000886], [25.3248100000815, 39.2129209996045], [25.3602320004065, 39.2428650000198], [25.383394000133, 39.2674620002712], [25.4065559998596, 39.2920589996232], [25.4256279998324, 39.3091699999956], [25.4446999998052, 39.3262810003679]]}, "properties": {"OBJECTID": 1844, "catalog_id": "ME_GRCS845", "catalog_na": "EMME", "name": " ", "slip_type": "Dextral", "Shape__Length": 0.3968980089392981}}, {"type": "Feature", "id": 7500, "geometry": {"type": "LineString", "coordinates": [[29.3960419998385, 39.0783649998449], [29.5111399998112, 39.0459339998542]]}, "properties": {"OBJECTID": 7500, "catalog_id": "EUR_TRCS228", "catalog_na": "SHARE", "name": " ", "slip_type": "Dextral-Normal", "Shape__Length": 0.11957976149043899}}, {"type": "Feature", "id": 1998, "geometry": {"type": "LineString", "coordinates": [[35.9283930002368, 39.7459520001847], [35.9602339999992, 39.7637649996551], [35.9920749997615, 39.7815790000708], [36.0239160004231, 39.7993920004405], [36.059105999942, 39.8130180001806], [36.094295000314, 39.8266449999668], [36.1294849998329, 39.8402709997069], [36.1651559999495, 39.8530770003034], [36.2008280001122, 39.8658830000005], [36.2364990002287, 39.8786889996977]]}, "properties": {"OBJECTID": 1998, "catalog_id": "ME_TRCS175", "catalog_na": "EMME", "name": " ", "slip_type": "Sinistral", "Shape__Length": 0.3363638206091001}}, {"type": "Feature", "id": 1904, "geometry": {"type": "LineString", "coordinates": [[36.7919189999619, 36.7822530002758], [36.7492229996417, 36.7523259997452], [36.7065260001748, 36.7223980000677], [36.6692200002029, 36.6881780003145], [36.6319140002309, 36.653957999662], [36.6191830003952, 36.6096679995786], [36.6064519996601, 36.5653780003944], [36.5937219998705, 36.5210910004494], [36.5809920000808, 36.476803999605], [36.5682630003373, 36.4325199997982]]}, "properties": {"OBJECTID": 1904, "catalog_id": "ME_TRCS059", "catalog_na": "EMME", "name": " ", "slip_type": "Sinistral-Normal", "Shape__Length": 0.4359329331873918}}, {"type": "Feature", "id": 6859, "geometry": {"type": "LineString", "coordinates": [[26.5743289996836, 41.6193930000869], [26.5159960004152, 41.6106550000283], [26.4815530002708, 41.6048090002352], [26.4471090000803, 41.5989630004422], [26.4070800004417, 41.5927520000049], [26.3670509999038, 41.5865409995675], [26.3284179998909, 41.5803300000295], [26.289785999924, 41.5741180004454], [26.2385860004436, 41.5668109998279], [26.2087969999816, 41.5598689998545], [26.1652570003104, 41.5512380002336], [26.1217169997398, 41.5426069997133]]}, "properties": {"OBJECTID": 6859, "catalog_id": "EUR_GRCS170", "catalog_na": "SHARE", "name": " ", "slip_type": "Normal", "Shape__Length": 0.4592097427763727}}, {"type": "Feature", "id": 7394, "geometry": {"type": "LineString", "coordinates": [[41.6405160002133, 40.8108360000814], [41.7058120004235, 40.8718840004463], [41.7711299998497, 40.9329519999349], [41.8364710003365, 40.994042000438]]}, "properties": {"OBJECTID": 7394, "catalog_id": "EUR_TRCS121", "catalog_na": "SHARE", "name": " ", "slip_type": "Sinistral", "Shape__Length": 0.2682588314301365}}, {"type": "Feature", "id": 2199, "geometry": {"type": "LineString", "coordinates": [[43.4905299998596, 42.6286610001051], [43.4373269997413, 42.6402860001988], [43.3394390002097, 42.6553600001639], [43.2714059996872, 42.6975379999787], [43.2178129995703, 42.7193369998027], [43.121921000354, 42.7548190001967], [43.0344239997679, 42.7862520000298], [42.9333610004099, 42.8029789997811], [42.857655000378, 42.8118689996547], [42.7516699997707, 42.807778999901], [42.6417419998934, 42.8343549996836], [42.5796029995788, 42.8515640000786], [42.5305769996289, 42.8895859997941], [42.4190440003804, 42.948811999774], [42.3781490003761, 42.9890059998271], [42.2754219998255, 43.031841000262], [42.1876920001857, 43.0502789997761]]}, "properties": {"OBJECTID": 2199, "catalog_id": "ME_G10s1s3", "catalog_na": "EMME", "name": " ", "slip_type": "Reverse", "Shape__Length": 1.395534224537438}}, {"type": "Feature", "id": 6953, "geometry": {"type": "LineString", "coordinates": [[26.8446409996824, 36.210945999958], [26.8823070000681, 36.2181379997689], [26.9321889999225, 36.2277270004008], [26.9708729995893, 36.2341200002379], [27.0024309997909, 36.2373160001334], [27.0339879999463, 36.2405120000288], [27.0680909996999, 36.2425100004362], [27.1021940003529, 36.2445079999443], [27.1449499998427, 36.2457070003778], [27.1877060002318, 36.2469049998659]]}, "properties": {"OBJECTID": 6953, "catalog_id": "EUR_GRCS779", "catalog_na": "SHARE", "name": " ", "slip_type": "Normal", "Shape__Length": 0.3456568807820362}}, {"type": "Feature", "id": 7703, "geometry": {"type": "LineString", "coordinates": [[27.391797999678, 36.936121000284], [27.4719339998543, 36.9516850003625], [27.5297640002085, 36.9594670004018], [27.5834639998637, 36.9627099997667], [27.6417020001472, 36.9694290002482], [27.6943439995759, 36.9765529996213], [27.7429980003575, 36.9806559999745], [27.7916520002397, 36.9847580002815], [27.8849480002501, 36.9950770004033], [27.9321450003915, 37.0000650001996], [27.9793419996336, 37.0050519999499], [28.0392460003027, 37.0100389997001], [28.0991500000725, 37.0150260003497], [28.171762000416, 37.0235759998326], [28.2443699996758, 37.0364000003598], [28.3296899996938, 37.0492239999876]]}, "properties": {"OBJECTID": 7703, "catalog_id": "EUR_TRCS913", "catalog_na": "SHARE", "name": " ", "slip_type": "Normal", "Shape__Length": 0.9453127605552366}}, {"type": "Feature", "id": 7546, "geometry": {"type": "LineString", "coordinates": [[29.4226940004278, 37.0040949998844], [29.5042630001374, 37.044710999613], [29.5858630003772, 37.0853420000333]]}, "properties": {"OBJECTID": 7546, "catalog_id": "EUR_TRCS274", "catalog_na": "SHARE", "name": " ", "slip_type": "Normal", "Shape__Length": 0.18227780330539356}}, {"type": "Feature", "id": 7557, "geometry": {"type": "LineString", "coordinates": [[30.4968899998736, 36.3995670000171], [30.5547089997206, 36.4947089997206], [30.6125420002132, 36.5898730004387]]}, "properties": {"OBJECTID": 7557, "catalog_id": "EUR_TRCS285", "catalog_na": "SHARE", "name": " ", "slip_type": "Normal", "Shape__Length": 0.222692072106938}}, {"type": "Feature", "id": 7692, "geometry": {"type": "LineString", "coordinates": [[33.0232879999413, 40.5773300003793], [33.0231040004493, 40.5124650002596]]}, "properties": {"OBJECTID": 7692, "catalog_id": "EUR_TRCS434", "catalog_na": "SHARE", "name": " ", "slip_type": "Dextral", "Shape__Length": 0.06486526109047601}}, {"type": "Feature", "id": 1950, "geometry": {"type": "LineString", "coordinates": [[42.1417779998549, 40.3745589997981], [42.175275000441, 40.4121870002299], [42.2087720001277, 40.4498149997625], [42.2422810003679, 40.4874569999407], [42.2757889996627, 40.5250990001188], [42.3093099995569, 40.5627539999971], [42.3428300003043, 40.6004089998755], [42.3725029999136, 40.6398969997468], [42.4021760004221, 40.6793849996181], [42.4559170001694, 40.6995430002094], [42.5096569998707, 40.7196999998552], [42.5500439998308, 40.7533209998643], [42.5904299997447, 40.7869409998273], [42.6330369995579, 40.8189829998656], [42.6756440002704, 40.8510249999039], [42.7355480000402, 40.9029549997735]]}, "properties": {"OBJECTID": 1950, "catalog_id": "ME_TRCS113", "catalog_na": "EMME", "name": " ", "slip_type": "Sinistral", "Shape__Length": 0.8069549575262973}}, {"type": "Feature", "id": 7360, "geometry": {"type": "LineString", "coordinates": [[41.7241319998919, 40.2823369998527], [41.8070380001037, 40.3266570004203], [41.8899790001308, 40.3709970001115]]}, "properties": {"OBJECTID": 7360, "catalog_id": "EUR_TRCS087", "catalog_na": "SHARE", "name": " ", "slip_type": "Sinistral", "Shape__Length": 0.18805803129727341}}, {"type": "Feature", "id": 7348, "geometry": {"type": "LineString", "coordinates": [[42.7716999998552, 40.1731999995804], [42.6572059998571, 40.1434029996487], [42.5427849996281, 40.113624999694], [42.4284089996756, 40.0838580002466], [42.3140779999998, 40.0541029995538], [42.1997919997011, 40.0243600003138], [42.0855499996328, 39.9946289998285], [41.9713529998411, 39.9649079998044], [41.8572000002798, 39.9352000003798]]}, "properties": {"OBJECTID": 7348, "catalog_id": "EUR_TRCS075", "catalog_na": "SHARE", "name": " ", "slip_type": "Sinistral", "Shape__Length": 0.9449625647924232}}, {"type": "Feature", "id": 1938, "geometry": {"type": "LineString", "coordinates": [[43.9075600001939, 38.6906289996287], [43.7874490001713, 38.8206940000281], [43.7633230000565, 38.8463050002756], [43.7391979999878, 38.8719149995776], [43.716358999868, 38.898244999707], [43.6935199997482, 38.9245759998826], [43.6706809996285, 38.950906000012], [43.6425449998519, 38.9739440003154], [43.6031170000496, 38.9828649998199]]}, "properties": {"OBJECTID": 1938, "catalog_id": "ME_TRCS098", "catalog_na": "EMME", "name": " ", "slip_type": "Dextral", "Shape__Length": 0.42876554413423706}}, {"type": "Feature", "id": 7005, "geometry": {"type": "LineString", "coordinates": [[25.9496100004013, 35.6645950002591], [25.8739640004383, 35.6958889999774], [25.826941000227, 35.712740000051], [25.7809400003808, 35.7247770002584], [25.7314899997637, 35.731165999911], [25.6768299999046, 35.7350659998961], [25.6006410000821, 35.7376660001858], [25.5244510002136, 35.7402669996224], [25.4482620003911, 35.7428669999122], [25.3712460002028, 35.7409169999196], [25.2942300000145, 35.7389669999271], [25.2271500002723, 35.7448179999508], [25.1600699996308, 35.7506679999283], [25.1054099997717, 35.7584689999445], [25.0507499999126, 35.7662699999606], [25.0035460003477, 35.7701699999456], [24.9563419998834, 35.7740699999306], [24.8842940003678, 35.7740699999306], [24.812245999953, 35.7740699999306]]}, "properties": {"OBJECTID": 7005, "catalog_id": "EUR_GRCS991", "catalog_na": "SHARE", "name": " ", "slip_type": "Normal", "Shape__Length": 1.1507295684131071}}, {"type": "Feature", "id": 2090, "geometry": {"type": "LineString", "coordinates": [[29.5912960000105, 37.9095640002785], [29.5996949997245, 37.9406060000669], [29.6080940003379, 37.9716489999015], [29.6164930000519, 38.0026909996899], [29.6397929998471, 38.0285889996827], [29.6630929996423, 38.0544859996292], [29.6863930003367, 38.0803839996219], [29.7104299999446, 38.1058749997315], [29.7344679995986, 38.131364999795], [29.7585050001057, 38.1568559999045], [29.7929110003424, 38.1771670003569], [29.8273169996799, 38.1974769998637]]}, "properties": {"OBJECTID": 2090, "catalog_id": "ME_TRCS302", "catalog_na": "EMME", "name": " ", "slip_type": "Normal", "Shape__Length": 0.38600206727867226}}, {"type": "Feature", "id": 2096, "geometry": {"type": "LineString", "coordinates": [[28.2186190001668, 39.6728739999352], [28.3339530002308, 39.6640799999921], [28.4492719996031, 39.655287000095], [28.5645760000824, 39.6464950002441], [28.679865999916, 39.6377040004393], [28.7951409999573, 39.6289139997813], [28.9104020002521, 39.6201250000688], [29.0208319998969, 39.5932869998952], [29.1276840000166, 39.5589959995658], [29.2395009997714, 39.5360839996769], [29.3512839997568, 39.5131790001108], [29.463032999973, 39.4902809999682], [29.5747470003738, 39.4673900001484], [29.6729649998349, 39.5144409998523], [29.7790529997961, 39.478984999758], [29.8850960003801, 39.4435440003554], [29.9910929997422, 39.4081179998458], [30.097044999727, 39.3727080000742], [30.1481969996918, 39.3556120003935]]}, "properties": {"OBJECTID": 2096, "catalog_id": "ME_TRCS311", "catalog_na": "EMME", "name": " ", "slip_type": "Dextral-Normal", "Shape__Length": 1.9859841826188593}}, {"type": "Feature", "id": 2339, "geometry": {"type": "LineString", "coordinates": [[44.4407920001507, 38.3070990000189], [44.4825260001748, 38.2772860002488], [44.5296959999705, 38.2435910004244], [44.5737600004238, 38.2121140003609], [44.6094769999636, 38.1865990000439], [44.6321410001071, 38.1704099999216], [44.6768349999354, 38.1445000002748], [44.6788799998122, 38.1433140004408], [44.7208780003195, 38.1317990000239], [44.7629749999963, 38.1203550001832], [44.8097030000934, 38.1086730001589], [44.8122260004296, 38.1080429998846], [44.869685999909, 38.0628959998506], [44.9271450002416, 38.0423749996066], [44.974343999576, 38.0341659996612], [45.0297509997089, 38.0259579997619]]}, "properties": {"OBJECTID": 2339, "catalog_id": "ME_IR7", "catalog_na": "EMME", "name": " ", "slip_type": "Dextral-Normal", "Shape__Length": 0.6651279340464142}}, {"type": "Feature", "id": 2144, "geometry": {"type": "LineString", "coordinates": [[27.5100219999154, 36.990547000144], [27.5536300000246, 36.9904880001212], [27.5972370000875, 36.9904290000983], [27.6408450001966, 36.9903700000755], [27.6944370002674, 37.0003469997143], [27.7687910000047, 37.0046609999053], [27.8554729998791, 37.0264969996369]]}, "properties": {"OBJECTID": 2144, "catalog_id": "ME_TRCS393", "catalog_na": "EMME", "name": " ", "slip_type": "Sinistral-Normal", "Shape__Length": 0.3492049855805959}}, {"type": "Feature", "id": 7603, "geometry": {"type": "LineString", "coordinates": [[27.2291799999571, 37.7155299997098], [27.3526500001974, 37.7453719999179]]}, "properties": {"OBJECTID": 7603, "catalog_id": "EUR_TRCS333", "catalog_na": "SHARE", "name": " ", "slip_type": "Normal", "Shape__Length": 0.127025138991342}}, {"type": "Feature", "id": 7646, "geometry": {"type": "LineString", "coordinates": [[31.3732990001488, 37.3224470002289], [31.3731919997111, 37.4524230001214]]}, "properties": {"OBJECTID": 7646, "catalog_id": "EUR_TRCS381", "catalog_na": "SHARE", "name": " ", "slip_type": "Normal", "Shape__Length": 0.12997604393560755}}, {"type": "Feature", "id": 1990, "geometry": {"type": "LineString", "coordinates": [[38.4113180001257, 39.118568000313], [38.4497990003237, 39.1339490000464], [38.4882799996224, 39.1493289997336], [38.5267609998203, 39.1647100003663], [38.5699959998156, 39.1666400003358], [38.6132309998109, 39.1685710003514], [38.6564659998061, 39.1705010003209], [38.6989490001963, 39.1770490001113], [38.7414319996871, 39.1835959998556], [38.7839150000772, 39.1901439996459], [38.8212680004179, 39.2042740001451], [38.8586199998132, 39.2184049997909], [38.9585029996138, 39.230488000321]]}, "properties": {"OBJECTID": 1990, "catalog_id": "ME_TRCS166", "catalog_na": "EMME", "name": " ", "slip_type": "Dextral", "Shape__Length": 0.5635940077141482}}, {"type": "Feature", "id": 7308, "geometry": {"type": "LineString", "coordinates": [[27.386580000067, 39.6208399997662], [27.532920000058, 39.6642699997607]]}, "properties": {"OBJECTID": 7308, "catalog_id": "EUR_TRCS034", "catalog_na": "SHARE", "name": " ", "slip_type": "Dextral", "Shape__Length": 0.1526484867166891}}, {"type": "Feature", "id": 6962, "geometry": {"type": "LineString", "coordinates": [[24.8309920001807, 38.8746420003281], [24.8681549998534, 38.902841000312], [24.9065559999595, 38.9339569999157], [24.9561069998382, 38.9757699999856], [24.9907920003506, 39.0049409998273], [24.9994640000636, 39.0175820000093], [25.0068960001503, 39.0380030001384], [25.0229999999501, 39.0574500003173], [25.0465359998366, 39.0807870000201], [25.0886539995824, 39.12260000009], [25.1295319997021, 39.162468000398], [25.1657340000241, 39.1973350003101], [25.2114369996179, 39.239190999665], [25.257140000111, 39.2810459998731], [25.2962929998221, 39.3187989997741], [25.3354469995794, 39.3565519996751]]}, "properties": {"OBJECTID": 6962, "catalog_id": "EUR_GRCS840", "catalog_na": "SHARE", "name": " ", "slip_type": "Sinistral", "Shape__Length": 0.7011243398740217}}, {"type": "Feature", "id": 2044, "geometry": {"type": "LineString", "coordinates": [[32.8968199999431, 38.5592190001568], [32.8462089997456, 38.4811570002954], [32.7956090000554, 38.4031110002725], [32.7450199999731, 38.3250830001804], [32.6944420003981, 38.2470719999729], [32.6438759995777, 38.1690769996039], [32.593320000118, 38.091100000065], [32.5136879998014, 38.0300240002075], [32.4559380004384, 37.9552570003104], [32.3982040000146, 37.880510999583], [32.3404860003287, 37.8057859998241]]}, "properties": {"OBJECTID": 2044, "catalog_id": "ME_TRCS235", "catalog_na": "EMME", "name": " ", "slip_type": "Sinistral-Normal", "Shape__Length": 0.9415928632091038}}, {"type": "Feature", "id": 7454, "geometry": {"type": "LineString", "coordinates": [[35.9056069998632, 38.9682690003141], [35.8274910002095, 38.9097990001238], [35.7494139996564, 38.8513580003715], [35.6713699997258, 38.7929430000195], [35.5933599995644, 38.734552999921]]}, "properties": {"OBJECTID": 7454, "catalog_id": "EUR_TRCS181", "catalog_na": "SHARE", "name": " ", "slip_type": "Sinistral", "Shape__Length": 0.3900273811389749}}, {"type": "Feature", "id": 6959, "geometry": {"type": "LineString", "coordinates": [[24.1422619996916, 39.2563060002218], [24.1721260000149, 39.2321329997382], [24.2053070004178, 39.2045060000519], [24.2429129998351, 39.1725630000824], [24.2738819998544, 39.1449360003962], [24.3081700000455, 39.1155820002092], [24.351305999972, 39.0819119997391], [24.396654000282, 39.0465149996676], [24.4284489997216, 39.0211950002491], [24.4570520003496, 38.9979310003155], [24.4936960003702, 38.9783239999527], [24.5372449995571, 38.9530530000959], [24.5774019997026, 38.9323699995759], [24.6165639998288, 38.9118779997699]]}, "properties": {"OBJECTID": 6959, "catalog_id": "EUR_GRCS835", "catalog_na": "SHARE", "name": " ", "slip_type": "Sinistral", "Shape__Length": 0.5886194502785823}}, {"type": "Feature", "id": 7600, "geometry": {"type": "LineString", "coordinates": [[29.1843800002369, 37.8600399998462], [29.1071069998882, 37.9242409999222], [29.0276830001704, 37.9902279996226], [28.937771999778, 38.0473169999796], [28.8251820003491, 38.0677469996244]]}, "properties": {"OBJECTID": 7600, "catalog_id": "EUR_TRCS330", "catalog_na": "SHARE", "name": " ", "slip_type": "Sinistral-Normal", "Shape__Length": 0.42465525653062736}}, {"type": "Feature", "id": 7649, "geometry": {"type": "LineString", "coordinates": [[31.5810769996039, 37.0636739999552], [31.5097839998318, 37.0967679999433]]}, "properties": {"OBJECTID": 7649, "catalog_id": "EUR_TRCS384", "catalog_na": "SHARE", "name": " ", "slip_type": "Sinistral-Normal", "Shape__Length": 0.0785996479109205}}, {"type": "Feature", "id": 7354, "geometry": {"type": "LineString", "coordinates": [[41.5577969996319, 39.1802789997761], [41.6613899996488, 39.1917120000089], [41.7549130002348, 39.242725999905], [41.8435840001016, 39.2987630003122], [41.9555379998789, 39.3174329997332], [42.0687829998356, 39.3307719997281], [42.1820489998615, 39.3441129998151], [42.287885999939, 39.378115000307], [42.3412399998262, 39.456557999752]]}, "properties": {"OBJECTID": 7354, "catalog_id": "EUR_TRCS081", "catalog_na": "SHARE", "name": " ", "slip_type": "Sinistral", "Shape__Length": 0.8632570911375274}}, {"type": "Feature", "id": 1944, "geometry": {"type": "LineString", "coordinates": [[44.0028090003352, 37.6939770004383], [43.9500890000074, 37.7027419999434], [43.895608000309, 37.6919949998694], [43.8419960002153, 37.7063390003447], [43.7919059997622, 37.7290390003496], [43.739160000034, 37.7378080000392], [43.6864130002598, 37.7465759996827]]}, "properties": {"OBJECTID": 1944, "catalog_id": "ME_TRCS105", "catalog_na": "EMME", "name": " ", "slip_type": "Dextral", "Shape__Length": 0.3264065845198907}}, {"type": "Feature", "id": 2190, "geometry": {"type": "LineString", "coordinates": [[43.5929600002039, 41.2819820003691], [43.6695210000941, 41.2353920003406], [43.6955719999479, 41.2199070003079], [43.7229879997964, 41.2066149997825], [43.8223360001064, 41.1539120002387]]}, "properties": {"OBJECTID": 2190, "catalog_id": "ME_G34s1s1", "catalog_na": "EMME", "name": " ", "slip_type": "Dextral", "Shape__Length": 0.26285833583169266}}, {"type": "Feature", "id": 1838, "geometry": {"type": "LineString", "coordinates": [[26.9307920002507, 35.8574270002559], [26.9352980003025, 35.8813039996799], [26.9398050004005, 35.9051810000032], [26.9409409997274, 35.9303539998373], [26.9420779999998, 35.9555269996713], [26.9369219996506, 35.9820010001461], [26.9318319996471, 36.0099700003153], [26.9287790000508, 36.0427330003278], [26.9309060001119, 36.0730140000961], [26.9304719998829, 36.103968000323], [26.9328499998277, 36.1338289996087], [26.9277599998242, 36.1633959997257]]}, "properties": {"OBJECTID": 1838, "catalog_id": "ME_GRCS778", "catalog_na": "EMME", "name": " ", "slip_type": "Normal", "Shape__Length": 0.30856924009103937}}, {"type": "Feature", "id": 7577, "geometry": {"type": "LineString", "coordinates": [[29.8662289999684, 38.1901229997767], [29.9771659996113, 38.1375299999096], [29.9228890003271, 38.0395580001017]]}, "properties": {"OBJECTID": 7577, "catalog_id": "EUR_TRCS306", "catalog_na": "SHARE", "name": " ", "slip_type": "Normal", "Shape__Length": 0.23477457200816243}}, {"type": "Feature", "id": 2004, "geometry": {"type": "LineString", "coordinates": [[34.8767729995743, 38.7306849996131], [34.9229290002732, 38.7451579997419], [34.9690860001189, 38.7596299998247], [35.0152589998031, 38.7741080001841], [35.0614310003405, 38.7885849995981], [35.1076209999093, 38.8030680001881], [35.1538110003774, 38.8175499998327]]}, "properties": {"OBJECTID": 2004, "catalog_id": "ME_TRCS182", "catalog_na": "EMME", "name": " ", "slip_type": "Sinistral", "Shape__Length": 0.2903370147994378}}, {"type": "Feature", "id": 7506, "geometry": {"type": "LineString", "coordinates": [[27.8673229995568, 39.6248779998199], [27.7592430003642, 39.6221990003836], [27.651171999788, 39.6195210000942], [27.5431050002956, 39.6168419997585]]}, "properties": {"OBJECTID": 7506, "catalog_id": "EUR_TRCS234", "catalog_na": "SHARE", "name": " ", "slip_type": "Dextral", "Shape__Length": 0.32431757328873756}}, {"type": "Feature", "id": 7340, "geometry": {"type": "LineString", "coordinates": [[44.1380680001382, 39.0208830002503], [44.0549289999734, 39.066220000053], [43.9739129996852, 39.1196740000551], [43.8762139998763, 39.152360000114], [43.7751759998725, 39.1783259996452], [43.6730390004496, 39.2016559999245], [43.5706500001974, 39.2244159999984]]}, "properties": {"OBJECTID": 7340, "catalog_id": "EUR_TRCS067", "catalog_na": "SHARE", "name": " ", "slip_type": "Dextral", "Shape__Length": 0.608757179273992}}, {"type": "Feature", "id": 2359, "geometry": {"type": "LineString", "coordinates": [[39.7361390000149, 35.440754000197], [39.1828939998583, 35.2668420003581], [38.8551360001264, 35.0448449998969]]}, "properties": {"OBJECTID": 2359, "catalog_id": "ME_SY2s3s3", "catalog_na": "EMME", "name": " ", "slip_type": "Sinistral", "Shape__Length": 0.9757992788593857}}, {"type": "Feature", "id": 1861, "geometry": {"type": "LineString", "coordinates": [[40.5480750002611, 39.414054000192], [40.5875300004092, 39.4018240000776], [40.6269839996119, 39.3895929999171], [40.6664389997601, 39.3773629998026], [40.7087779998049, 39.3802420003681], [40.7511169998497, 39.3831199999881], [40.7934559998945, 39.3859989996542], [40.8359150000773, 39.3845209998443], [40.8783750003061, 39.3830419999883], [40.9208339995895, 39.3815640001785], [40.9602560000145, 39.3693059996722], [40.9996789995862, 39.3570480000652], [41.0391010000112, 39.3447899995589], [41.0846099996518, 39.3312949995646], [41.1301190001918, 39.3177990004236]]}, "properties": {"OBJECTID": 1861, "catalog_id": "ME_TRCS001", "catalog_na": "EMME", "name": " ", "slip_type": "Dextral", "Shape__Length": 0.5974739231584508}}, {"type": "Feature", "id": 1887, "geometry": {"type": "LineString", "coordinates": [[25.4385999999901, 39.2214000003098], [25.5445319999519, 39.2615360003862], [25.6496150003321, 39.3030829998806], [25.7619559999695, 39.3311580004414], [25.8737210000242, 39.3606780001896], [25.9795159999635, 39.4013570001255], [26.0844659996063, 39.4434159998486], [26.2014280001022, 39.4570059997271], [26.3120810001381, 39.4893470000641], [26.4266229996518, 39.5123729998141], [26.5386829998207, 39.5418850000927], [26.6507860001738, 39.5714079999793], [26.7617560004391, 39.6034700000405], [26.8724640003134, 39.6361800003068]]}, "properties": {"OBJECTID": 1887, "catalog_id": "ME_TRCS033", "catalog_na": "EMME", "name": " ", "slip_type": "Dextral-Normal", "Shape__Length": 1.496701889595742}}, {"type": "Feature", "id": 2124, "geometry": {"type": "LineString", "coordinates": [[26.8245500003823, 38.8949529998811], [26.8624570001904, 38.8615879999863], [26.9003650000448, 38.8282230000914], [26.9091010000112, 38.784197999638], [26.9178359999315, 38.7401730000839], [26.9146230001514, 38.6976119996941], [26.9114100003713, 38.6550500001574]]}, "properties": {"OBJECTID": 2124, "catalog_id": "ME_TRCS363", "catalog_na": "EMME", "name": " ", "slip_type": "Sinistral", "Shape__Length": 0.2761308288609467}}, {"type": "Feature", "id": 7457, "geometry": {"type": "LineString", "coordinates": [[35.2914439999407, 38.8126749998514], [35.3782439998607, 38.8690299996348], [35.4684219999754, 38.9275769997788], [35.5606540003819, 38.9842249995841], [35.6594969998867, 39.0337639998088], [35.7567649996051, 39.0852279997724], [35.8517100001164, 39.1393209995645], [35.9483529997912, 39.1916570001705], [36.0216680001781, 39.2632640000336], [36.1032179999108, 39.3293709998718], [36.1898110001775, 39.3915880001861], [36.2764459996832, 39.4538340000391]]}, "properties": {"OBJECTID": 7457, "catalog_id": "EUR_TRCS184", "catalog_na": "SHARE", "name": " ", "slip_type": "Sinistral", "Shape__Length": 1.179795046298264}}, {"type": "Feature", "id": 2147, "geometry": {"type": "LineString", "coordinates": [[27.6203120002986, 37.2514600001789], [27.6563080001142, 37.235254000172], [27.6923029998836, 37.2190490002113], [27.7282989996991, 37.2028430002043], [27.7642799997222, 37.1866439996209], [27.8002599996993, 37.1704439998907], [27.8362409997224, 37.1542450002066]]}, "properties": {"OBJECTID": 2147, "catalog_id": "ME_TRCS397", "catalog_na": "EMME", "name": " ", "slip_type": "Dextral-Normal", "Shape__Length": 0.23680390415085179}}, {"type": "Feature", "id": 7483, "geometry": {"type": "LineString", "coordinates": [[28.0234490002712, 39.264564999775], [28.1265449998519, 39.225211999834], [28.2295879996865, 39.1858799999621], [28.3325850000977, 39.1465649999748]]}, "properties": {"OBJECTID": 7483, "catalog_id": "EUR_TRCS210", "catalog_na": "SHARE", "name": " ", "slip_type": "Normal", "Shape__Length": 0.3308913210442554}}, {"type": "Feature", "id": 2073, "geometry": {"type": "LineString", "coordinates": [[29.5858630003772, 37.0853420000333], [29.5450630002573, 37.0650270002959], [29.5042630001374, 37.044710999613], [29.463478999856, 37.0244030001983], [29.4226940004278, 37.0040949998844]]}, "properties": {"OBJECTID": 2073, "catalog_id": "ME_TRCS274", "catalog_na": "EMME", "name": " ", "slip_type": "Normal", "Shape__Length": 0.1822778033108816}}, {"type": "Feature", "id": 7434, "geometry": {"type": "LineString", "coordinates": [[39.2969209999043, 39.3427400003508], [39.2036530002858, 39.3491999996803], [39.112328000337, 39.3055539996174], [39.02897400015, 39.2532769999336]]}, "properties": {"OBJECTID": 7434, "catalog_id": "EUR_TRCS161", "catalog_na": "SHARE", "name": " ", "slip_type": "Sinistral", "Shape__Length": 0.29310109355881503}}, {"type": "Feature", "id": 7414, "geometry": {"type": "LineString", "coordinates": [[40.119295000364, 39.0711869997803], [40.0218169999546, 39.0782279998224], [39.918004999731, 39.1196689998245], [39.8141930004067, 39.1612019995727], [39.7026160000285, 39.1881480002301], [39.587085999919, 39.2019799995774], [39.4702410003219, 39.2051530002108], [39.3568689999045, 39.2273500004022]]}, "properties": {"OBJECTID": 7414, "catalog_id": "EUR_TRCS141", "catalog_na": "SHARE", "name": " ", "slip_type": "Dextral", "Shape__Length": 0.7848741315140682}}, {"type": "Feature", "id": 2173, "geometry": {"type": "LineString", "coordinates": [[26.0544860002288, 39.4746860002588], [26.0258859997392, 39.4893649999948], [25.9972860001488, 39.5040439997309], [25.9609859998041, 39.5187220003201], [25.9246860003587, 39.5334010000562], [25.8806860001588, 39.5403090002602], [25.8366849999128, 39.5472169995649], [25.7849849998579, 39.542900000135], [25.7332849998029, 39.5385819997595], [25.6980849998229, 39.5273570001255], [25.6628839997968, 39.5161319995922]]}, "properties": {"OBJECTID": 2173, "catalog_id": "ME_TRCS904", "catalog_na": "EMME", "name": " ", "slip_type": "Normal", "Shape__Length": 0.40933772154922476}}, {"type": "Feature", "id": 1930, "geometry": {"type": "LineString", "coordinates": [[44.0905830002054, 39.4058210000392], [43.9772000001799, 39.4777850001777], [43.9215970000016, 39.5195580002016], [43.834124999669, 39.5846550002281], [43.7214020004021, 39.6199110000927], [43.6334989999789, 39.6847619995667], [43.5337490000164, 39.7385960000054], [43.4213490003561, 39.7221129998151], [43.3252970000565, 39.8254939999482], [43.2519590004076, 39.9255519997251], [43.1497310003854, 40.0514789999559]]}, "properties": {"OBJECTID": 1930, "catalog_id": "ME_TRCS090", "catalog_na": "EMME", "name": " ", "slip_type": "Dextral", "Shape__Length": 1.1945418302828352}}, {"type": "Feature", "id": 7320, "geometry": {"type": "LineString", "coordinates": [[40.7198430001544, 38.8260679996385], [40.6397720002776, 38.788388000406], [40.5365840000516, 38.7398290004081], [40.4227390003047, 38.709117999696], [40.3025539995675, 38.715164999765], [40.1829789999809, 38.7264860002288], [40.0633620002562, 38.7376440003704]]}, "properties": {"OBJECTID": 7320, "catalog_id": "EUR_TRCS047", "catalog_na": "SHARE", "name": " ", "slip_type": "Sinistral-Reverse", "Shape__Length": 0.6810341065845117}}, {"type": "Feature", "id": 7314, "geometry": {"type": "LineString", "coordinates": [[29.2265850003975, 40.2117939995935], [29.3292740000951, 40.2020580002766], [29.4319449998619, 40.1923240001526]]}, "properties": {"OBJECTID": 7314, "catalog_id": "EUR_TRCS041", "catalog_na": "SHARE", "name": " ", "slip_type": "Normal", "Shape__Length": 0.20628090134167626}}, {"type": "Feature", "id": 6650, "geometry": {"type": "LineString", "coordinates": [[26.8999770001385, 42.3198079998394], [27.0051569995959, 42.323977999685], [27.0789810000732, 42.3286649999898], [27.1624369995679, 42.3356969996169], [27.2000629999076, 42.332485999929], [27.248515000367, 42.3278759995778], [27.2891510001186, 42.3255710003015], [27.3282229996917, 42.3244180001906], [27.3876150001322, 42.3267230003662]]}, "properties": {"OBJECTID": 6650, "catalog_id": "EUR_BGCS009", "catalog_na": "SHARE", "name": " ", "slip_type": "Normal", "Shape__Length": 0.488647623149891}}, {"type": "Feature", "id": 7463, "geometry": {"type": "LineString", "coordinates": [[35.4147180001356, 39.096831999797], [35.3109560004191, 39.1307269998512], [35.207160000034, 39.1646320003666], [35.1033220004101, 39.198551999775], [34.9994409997024, 39.232484999783], [34.895517999756, 39.2664320004365]]}, "properties": {"OBJECTID": 7463, "catalog_id": "EUR_TRCS190", "catalog_na": "SHARE", "name": " ", "slip_type": "Dextral", "Shape__Length": 0.5461984992808551}}, {"type": "Feature", "id": 7291, "geometry": {"type": "LineString", "coordinates": [[29.2278999998852, 40.7156999997553], [29.1278610000851, 40.7608530000659], [29.0212500002874, 40.8089719995582], [28.9145819996596, 40.8571180002955], [28.7925999996903, 40.875073000019], [28.6685539998672, 40.8693430001794], [28.5445179996061, 40.8636140003858], [28.4211450002416, 40.8524479998753], [28.2980140003459, 40.8399790004306], [28.1770220001652, 40.8187540000971], [28.0562999998452, 40.7968000003198]]}, "properties": {"OBJECTID": 7291, "catalog_id": "EUR_TRCS013", "catalog_na": "SHARE", "name": " ", "slip_type": "Sinistral", "Shape__Length": 1.2085770326220615}}, {"type": "Feature", "id": 1881, "geometry": {"type": "LineString", "coordinates": [[26.1389999999501, 39.7089000002348], [26.1947010001511, 39.7228349998354], [26.2504020003521, 39.7367690002892], [26.3061229996767, 39.7507090001203], [26.3618439999007, 39.7646479999053], [26.4175860001938, 39.778592999967], [26.4733279995876, 39.7925380000287], [26.5290899999036, 39.806488000321], [26.5848520002197, 39.820437999714], [26.626538999875, 39.8521449995921], [26.6682250003835, 39.8838520003696], [26.7187639999587, 39.9067980000277], [26.7693030004332, 39.929744999732], [26.8221870002299, 39.9493920001407], [26.8750699999806, 39.969037999604], [26.9303169999296, 39.9844560001443], [26.9855639998788, 39.9998739997853], [27.0383679995836, 40.0197309999857], [27.0911720001877, 40.0395880001861], [27.1755000003248, 40.0720000001999]]}, "properties": {"OBJECTID": 1881, "catalog_id": "ME_TRCS027", "catalog_na": "EMME", "name": " ", "slip_type": "Dextral", "Shape__Length": 1.106066664608181}}, {"type": "Feature", "id": 2053, "geometry": {"type": "LineString", "coordinates": [[33.3718640001235, 39.9247210000742], [33.3971420003031, 39.9498889996776], [33.4224190004365, 39.9750560001344], [33.4212759998875, 40.0029230000964], [33.436727000151, 40.030855000358], [33.4257569996859, 40.0614860000789], [33.41478700012, 40.0921169997998], [33.409034000119, 40.1235729997941], [33.403280000072, 40.1550299998347], [33.397527000071, 40.1864859998291], [33.4054939996484, 40.2176600003088], [33.4134610001251, 40.2488349999354], [33.4214279997025, 40.2800090004151], [33.4303080000142, 40.3147570002354], [33.439188000326, 40.3495040000096]]}, "properties": {"OBJECTID": 2053, "catalog_id": "ME_TRCS245", "catalog_na": "EMME", "name": " ", "slip_type": "Sinistral-Normal", "Shape__Length": 0.46041522583527694}}, {"type": "Feature", "id": 14104, "geometry": {"type": "LineString", "coordinates": [[27.2259999999001, 34.3349999996503], [27.2337290001933, 34.3413029998336], [27.2414589996332, 34.3476049999708], [27.2491900000185, 34.3539060000619], [27.2569229995968, 34.360207000153], [27.2646560000744, 34.3665080002441], [27.2723909997449, 34.372808000289], [27.2801270003608, 34.379108000334], [27.2878640001235, 34.3854070003329], [27.2956019999324, 34.3917050002856], [27.3033419998335, 34.3980040002845], [27.3110819997345, 34.4043010001911], [27.3188239997278, 34.4105980000977], [27.3265669997673, 34.4168950000043], [27.3343109998528, 34.4231909998648], [27.3420559999844, 34.4294869997253], [27.3498030002083, 34.435782000439], [27.3575500004322, 34.4420760002073], [27.365298999849, 34.4483710000217], [27.3730490002113, 34.4546639997438], [27.3807999997202, 34.4609570003653], [27.3885520001747, 34.4672500000875], [27.396304999776, 34.4735419997635], [27.4040600003688, 34.4798340003389], [27.4118150000622, 34.4861249999688], [27.419571999848, 34.4924159995987], [27.4273299996798, 34.4987060000819], [27.4350889995577, 34.5049959996657], [27.4428500004273, 34.5112850001027], [27.4506110003974, 34.5175729995943], [27.4583739995605, 34.5238609999852], [27.466137999669, 34.5301490003761], [27.4739029998236, 34.5364359998216], [27.4816690000244, 34.5427230001664], [27.4894360002713, 34.5490089995657], [27.497204999711, 34.5552949998644], [27.5049740000501, 34.561580000117], [27.5127449995821, 34.5678650003695], [27.5205170000596, 34.5741489996767], [27.5282899996838, 34.5804319998369], [27.5360650002996, 34.5867160000434], [27.543840000016, 34.5929980001576], [27.5516169998247, 34.5992800002718], [27.5593949996796, 34.605562000386], [27.5671739995805, 34.6118429995548], [27.5749540004268, 34.6181239996229], [27.58273500042, 34.6244039996449], [27.590517999606, 34.6306839996669], [27.5983019997375, 34.6369629996428], [27.606085999869, 34.6432409995725], [27.6138730001389, 34.6495200004477], [27.6216600004087, 34.6557970003313], [27.6294479998254, 34.662074000215], [27.6372380002336, 34.6683510000987], [27.6450289997886, 34.6746269999362], [27.6528200002429, 34.6809029997737], [27.6606139999362, 34.6871779995651], [27.6684079996296, 34.6934520002097], [27.6762030002683, 34.699725999955], [27.6840000001, 34.7059999997003]]}, "properties": {"OBJECTID": 14104, "catalog_id": "PB_5450.0", "catalog_na": "Bird 2003", "name": " ", "slip_type": "Subduction_Thrust", "Shape__Length": 0.5894118026375523}}, {"type": "Feature", "id": 2104, "geometry": {"type": "LineString", "coordinates": [[27.4647939997433, 38.3708219996356], [27.5741399997613, 38.3985100003363], [27.6791650001647, 38.4351429998496], [27.77650399956, 38.4831349997805], [27.8904519995602, 38.4957240002624], [28.0055369998327, 38.4954969996868], [28.1167179999358, 38.4722850003525], [28.2307120002587, 38.4601809997534], [28.3336750000013, 38.4200709999767], [28.4364809996984, 38.3798020000623], [28.5287980004275, 38.326214000176], [28.5771920000108, 38.2445420002132], [28.6875990003936, 38.2202230001914], [28.7528999999351, 38.2025530001209]]}, "properties": {"OBJECTID": 2104, "catalog_id": "ME_TRCS322", "catalog_na": "EMME", "name": " ", "slip_type": "Normal", "Shape__Length": 1.3937845553151795}}, {"type": "Feature", "id": 2030, "geometry": {"type": "LineString", "coordinates": [[28.3325850000977, 39.1465649999748], [28.2810870003648, 39.1662229999915], [28.2295879996865, 39.1858799999621], [28.1780669997922, 39.2055460003477], [28.1265449998519, 39.225211999834], [28.0749969996119, 39.2448889998275], [28.0234490002712, 39.264564999775]]}, "properties": {"OBJECTID": 2030, "catalog_id": "ME_TRCS210", "catalog_na": "EMME", "name": " ", "slip_type": "Normal", "Shape__Length": 0.3308913210563489}}, {"type": "Feature", "id": 1981, "geometry": {"type": "LineString", "coordinates": [[40.6968599996893, 38.5457090003701], [40.6492429999645, 38.5580930003917], [40.6016260002398, 38.5704760003672], [40.560930999566, 38.593458999933], [40.5202349997455, 38.6164410003519], [40.4772090003951, 38.6366780000897], [40.4341820000993, 38.6569149998274]]}, "properties": {"OBJECTID": 1981, "catalog_id": "ME_TRCS151", "catalog_na": "EMME", "name": " ", "slip_type": "Dextral", "Shape__Length": 0.28697129663657933}}, {"type": "Feature", "id": 7391, "geometry": {"type": "LineString", "coordinates": [[42.8094460003327, 41.5890920002956], [42.7433809997334, 41.5341219996307], [42.6605080001441, 41.4888300001045], [42.5807009998513, 41.4406020000823]]}, "properties": {"OBJECTID": 7391, "catalog_id": "EUR_TRCS118", "catalog_na": "SHARE", "name": " ", "slip_type": "Sinistral", "Shape__Length": 0.2736330479141542}}, {"type": "Feature", "id": 7440, "geometry": {"type": "LineString", "coordinates": [[39.4643429999296, 39.6583090000603], [39.5143789996911, 39.7292899998337]]}, "properties": {"OBJECTID": 7440, "catalog_id": "EUR_TRCS167", "catalog_na": "SHARE", "name": " ", "slip_type": "Sinistral-Reverse", "Shape__Length": 0.0868441339467516}}, {"type": "Feature", "id": 2010, "geometry": {"type": "LineString", "coordinates": [[36.0481500001225, 39.412180000107], [36.0115110003325, 39.3809749999963], [35.974870999597, 39.3497699998857], [35.9382469995994, 39.3185780003745], [35.9016219995557, 39.2873849999179], [35.8650130002498, 39.2562050000607], [35.8284029999985, 39.2250250002036], [35.7918080004389, 39.1938580000467], [35.75521299998, 39.1626899998437], [35.7186269999361, 39.1315300000095], [35.6820399998462, 39.1003700001754]]}, "properties": {"OBJECTID": 2010, "catalog_id": "ME_TRCS188", "catalog_na": "EMME", "name": " ", "slip_type": "Sinistral", "Shape__Length": 0.480897087089381}}, {"type": "Feature", "id": 7334, "geometry": {"type": "LineString", "coordinates": [[39.9408300001045, 38.7011989996342], [40.0110600003188, 38.7524179999908], [40.0813149998874, 38.8036570003703]]}, "properties": {"OBJECTID": 7334, "catalog_id": "EUR_TRCS061", "catalog_na": "SHARE", "name": " ", "slip_type": "Sinistral", "Shape__Length": 0.17387833988422624}}, {"type": "Feature", "id": 7583, "geometry": {"type": "LineString", "coordinates": [[29.2968349997355, 39.4101780004144], [29.2802759996378, 39.3301499998227], [29.263717999586, 39.2501270003608]]}, "properties": {"OBJECTID": 7583, "catalog_id": "EUR_TRCS312", "catalog_na": "SHARE", "name": " ", "slip_type": "Normal", "Shape__Length": 0.16344129930057844}}, {"type": "Feature", "id": 1832, "geometry": {"type": "LineString", "coordinates": [[26.1217169997398, 41.5426069997133], [26.1652570003104, 41.5512380002336], [26.2087969999816, 41.5598689998545], [26.2385860004436, 41.5668109998279], [26.289785999924, 41.5741180004454], [26.3284179998909, 41.5803300000295], [26.3670509999038, 41.5865409995675], [26.4070800004417, 41.5927520000049], [26.4471090000803, 41.5989630004422], [26.4815530002708, 41.6048090002352], [26.5159960004152, 41.6106550000283], [26.5743289996836, 41.6193930000869]]}, "properties": {"OBJECTID": 1832, "catalog_id": "ME_GRCS170", "catalog_na": "EMME", "name": " ", "slip_type": "Normal", "Shape__Length": 0.45920974277637266}}, {"type": "Feature", "id": 2259, "geometry": {"type": "LineString", "coordinates": [[44.3871870003798, 40.8870130002498], [44.453680000032, 40.8617649996551], [44.5417829997857, 40.8223789999909], [44.6275980001477, 40.7893700003253], [44.6842959995608, 40.7587249999588], [44.8284850001826, 40.6999730002538], [44.9902555489545, 40.6334220869598], [45.0189686077151, 40.626242536464]]}, "properties": {"OBJECTID": 2259, "catalog_id": "ME_AM1s3", "catalog_na": "EMME", "name": " ", "slip_type": "Dextral", "Shape__Length": 0.6842467267698787}}, {"type": "Feature", "id": 2365, "geometry": {"type": "LineString", "coordinates": [[36.0035609997404, 33.5039480001002], [36.1007700003353, 33.6491050003955], [36.1911360001263, 33.772610999598], [36.2108330001429, 33.894527000121], [36.3075060003017, 34.0694479997255], [36.4392819995647, 34.219165999911]]}, "properties": {"OBJECTID": 2365, "catalog_id": "ME_LB3s2", "catalog_na": "EMME", "name": " ", "slip_type": "Sinistral", "Shape__Length": 0.8505399037458656}}, {"type": "Feature", "id": 1867, "geometry": {"type": "LineString", "coordinates": [[31.5416160000784, 40.6847749999664], [31.5891889995727, 40.6857629996628], [31.6841429995998, 40.6973250004485], [31.7916789997861, 40.7311990004335], [31.9063449996221, 40.746794000143], [32.0192900001334, 40.7685220002901], [32.1316570000706, 40.7920079996695], [32.2459200002079, 40.8096100002014], [32.3611629996727, 40.8232060003567], [32.4757739996704, 40.8396749999014], [32.5892250001337, 40.8603310000756], [32.7044689996447, 40.874344999722], [32.8172859996492, 40.8970829996807], [32.9320939997384, 40.9132709997569], [33.0477759996627, 40.9255480002401], [33.161175000426, 40.9468349998354], [33.3866729995593, 41.0112990003486], [33.4835989996942, 41.0192500000875]]}, "properties": {"OBJECTID": 1867, "catalog_id": "ME_TRCS007", "catalog_na": "EMME", "name": " ", "slip_type": "Dextral", "Shape__Length": 1.9748901826970517}}, {"type": "Feature", "id": 6681, "geometry": {"type": "LineString", "coordinates": [[24.9742799997223, 42.6526039998748], [25.05013500033, 42.6548180003505], [25.0910209999192, 42.6581680001531], [25.1529490003961, 42.6642710001066], [25.2169409998273, 42.6734259996102], [25.2747409996974, 42.6825799999671], [25.3263490000064, 42.6963120000988], [25.3758890002772, 42.7054659995563], [25.4133359995568, 42.7127980004274]]}, "properties": {"OBJECTID": 6681, "catalog_id": "EUR_BGCS040", "catalog_na": "SHARE", "name": " ", "slip_type": "Normal", "Shape__Length": 0.44424262654472757}}, {"type": "Feature", "id": 7620, "geometry": {"type": "LineString", "coordinates": [[27.147080000042, 38.3675600002938], [27.2351399996114, 38.3640700003303]]}, "properties": {"OBJECTID": 7620, "catalog_id": "EUR_TRCS355", "catalog_na": "SHARE", "name": " ", "slip_type": "Normal", "Shape__Length": 0.08812913039340402}}, {"type": "Feature", "id": 7632, "geometry": {"type": "LineString", "coordinates": [[27.1458299999546, 38.2055600002938], [27.0967510002585, 38.1436780001396], [27.0275699998556, 38.0732099997417]]}, "properties": {"OBJECTID": 7632, "catalog_id": "EUR_TRCS367", "catalog_na": "SHARE", "name": " ", "slip_type": "Dextral", "Shape__Length": 0.17773278317084606}}, {"type": "Feature", "id": 7534, "geometry": {"type": "LineString", "coordinates": [[30.9565399997213, 38.0502890003372], [31.0285290001133, 38.0860409996924], [31.1348710000966, 38.0985209996444]]}, "properties": {"OBJECTID": 7534, "catalog_id": "EUR_TRCS262", "catalog_na": "SHARE", "name": " ", "slip_type": "Normal", "Shape__Length": 0.18744979692110703}}, {"type": "Feature", "id": 7285, "geometry": {"type": "LineString", "coordinates": [[33.2602109998378, 40.9584349996755], [33.161175000426, 40.9468349998354], [33.0477759996627, 40.9255480002401], [32.9320939997384, 40.9132709997569], [32.8172859996492, 40.8970829996807], [32.7044689996447, 40.874344999722], [32.5892250001337, 40.8603310000756], [32.4757739996704, 40.8396749999014], [32.3611629996727, 40.8232060003567], [32.2459200002079, 40.8096100002014], [32.1316570000706, 40.7920079996695], [32.0192900001334, 40.7685220002901], [31.9063449996221, 40.746794000143], [31.7916789997861, 40.7311990004335], [31.6841429995998, 40.6973250004485], [31.5697980001776, 40.6807689995897], [31.4577450003316, 40.6569409997274], [31.3471480001801, 40.6295670000171]]}, "properties": {"OBJECTID": 7285, "catalog_id": "EUR_TRCS007", "catalog_na": "SHARE", "name": " ", "slip_type": "Dextral", "Shape__Length": 1.9436118879190367}}, {"type": "Feature", "id": 1961, "geometry": {"type": "LineString", "coordinates": [[43.0801030000534, 41.3013470003638], [43.0464599999291, 41.2642999997452], [43.0128159997586, 41.227253000026], [42.9648330002428, 41.2006340000591], [42.9168499998277, 41.1740150000923], [42.8742640000836, 41.1575160000634], [42.8316780003395, 41.1410159999884]]}, "properties": {"OBJECTID": 1961, "catalog_id": "ME_TRCS124", "catalog_na": "EMME", "name": " ", "slip_type": "Sinistral", "Shape__Length": 0.30117246225935557}}, {"type": "Feature", "id": 7371, "geometry": {"type": "LineString", "coordinates": [[43.5351610003799, 39.0746880002511], [43.5862730002988, 39.0200189999769], [43.6706809996285, 38.950906000012], [43.7391979999878, 38.8719149995776], [43.81157400024, 38.7950839998268]]}, "properties": {"OBJECTID": 7371, "catalog_id": "EUR_TRCS098", "catalog_na": "SHARE", "name": " ", "slip_type": "Dextral", "Shape__Length": 0.3940527177393081}}, {"type": "Feature", "id": 2210, "geometry": {"type": "LineString", "coordinates": [[44.6803530002908, 41.8708280001122], [44.6246889999974, 41.8740339995695], [44.492171999838, 41.9486990001588], [44.4153460003177, 41.9832269997263], [44.2859670000771, 42.0054530003557], [44.1832099999416, 42.0183159999835]]}, "properties": {"OBJECTID": 2210, "catalog_id": "ME_G16s1s2", "catalog_na": "EMME", "name": " ", "slip_type": "Reverse", "Shape__Length": 0.5269217594740192}}, {"type": "Feature", "id": 6942, "geometry": {"type": "LineString", "coordinates": [[25.8942990001988, 35.195491999756], [25.8894319996871, 35.1779860000539], [25.8789900001884, 35.1589669998272], [25.8768139996664, 35.1497969996319], [25.8724629995678, 35.1382500004372], [25.8646309999207, 35.1256830000705], [25.8581050002456, 35.1093810001331], [25.8459219996006, 35.0964760003671], [25.8389599996044, 35.0900229995618], [25.8341740001301, 35.0771169997498], [25.825907000208, 35.0631919997111], [25.8228610000352, 35.0543619999064], [25.8198149998624, 35.0451919997111], [25.8132890001872, 35.0404369998677], [25.8045869999901, 35.0309280002271], [25.7971899997187, 35.021417999641], [25.7897930003467, 35.0129280002271], [25.7810910001496, 35.003417999641]]}, "properties": {"OBJECTID": 6942, "catalog_id": "EUR_GRCS745", "catalog_na": "SHARE", "name": " ", "slip_type": "Normal", "Shape__Length": 0.22736394407012098}}, {"type": "Feature", "id": 6930, "geometry": {"type": "LineString", "coordinates": [[31.8625020003671, 34.3604060003367], [31.9602899997837, 34.4607079996745], [32.0845159998136, 34.5844899999136], [32.1907959996357, 34.7125030001134], [32.2714209998793, 34.8468639998737], [32.3457100002164, 34.9599089996007], [32.4265850002976, 35.0900099998616], [32.5002699997607, 35.2055139996714], [32.5739540000771, 35.3210180003805], [32.6654129999101, 35.4611449998419], [32.7446219996057, 35.597751999755], [32.8009370002424, 35.6643339999142], [32.8572519999799, 35.7309170001195]]}, "properties": {"OBJECTID": 6930, "catalog_id": "EUR_GRCS699", "catalog_na": "SHARE", "name": " ", "slip_type": "Dextral-Reverse", "Shape__Length": 1.7006496653841952}}, {"type": "Feature", "id": 6979, "geometry": {"type": "LineString", "coordinates": [[26.9566799997822, 37.6861560003991], [26.9184359997217, 37.6957090002702], [26.8694830004401, 37.7046640004433], [26.8358279997624, 37.7130230001114], [26.808291999776, 37.716604999821], [26.779990999585, 37.7195899998786], [26.7448060002967, 37.7231719995881], [26.7241540003069, 37.7225749999363], [26.705031999827, 37.7189930002268], [26.6882049999608, 37.7172020003721], [26.667552999971, 37.7124259995603], [26.6499609999003, 37.7088439998508], [26.6285439997059, 37.7076489996017], [26.6078919997161, 37.7094410004019], [26.586475000421, 37.7082460001528]]}, "properties": {"OBJECTID": 6979, "catalog_id": "EUR_GRCS915", "catalog_na": "SHARE", "name": " ", "slip_type": "Normal", "Shape__Length": 0.37527232796265503}}, {"type": "Feature", "id": 7569, "geometry": {"type": "LineString", "coordinates": [[30.5221429997997, 38.5289190004116], [30.5389790000808, 38.4466889998975]]}, "properties": {"OBJECTID": 7569, "catalog_id": "EUR_TRCS298", "catalog_na": "SHARE", "name": " ", "slip_type": "Normal", "Shape__Length": 0.08393583197902844}}, {"type": "Feature", "id": 2024, "geometry": {"type": "LineString", "coordinates": [[31.0739589997081, 38.5869910002345], [31.1114439998408, 38.5724820002442], [31.1489300000196, 38.5579730002538], [31.1864150001522, 38.5434640002634], [31.2171470000341, 38.5212989997491], [31.2478779998698, 38.4991340001341], [31.2786099997517, 38.4769689996197], [31.3080140004458, 38.454007000123], [31.3374190002867, 38.431044999727], [31.3668230000815, 38.4080830002303]]}, "properties": {"OBJECTID": 2024, "catalog_id": "ME_TRCS204", "catalog_na": "EMME", "name": " ", "slip_type": "Normal", "Shape__Length": 0.3461819102965185}}, {"type": "Feature", "id": 7669, "geometry": {"type": "LineString", "coordinates": [[37.0470699995809, 41.3360699999306], [37.1636870003549, 41.3384489999215], [37.280259999999, 41.3408279999123], [37.3968379998739, 41.3432069999032], [37.5134199999331, 41.345585999894], [37.6300060001768, 41.3479639998388], [37.7465959997057, 41.3503429998296], [37.8631910003645, 41.3527219998205], [37.9797900003083, 41.3551019998575], [38.0963930004366, 41.3574809998483], [38.2129999998502, 41.3598599998392]]}, "properties": {"OBJECTID": 7669, "catalog_id": "EUR_TRCS411", "catalog_na": "SHARE", "name": " ", "slip_type": "Reverse", "Shape__Length": 1.1661726843163127}}, {"type": "Feature", "id": 1924, "geometry": {"type": "LineString", "coordinates": [[41.0575999996403, 39.758], [41.1516239999477, 39.810024999754], [41.2456949997245, 39.8620759998076], [41.3398129998701, 39.9141530001609], [41.4339780003845, 39.9662559999145], [41.4967660000509, 40.0411819999494], [41.5503719998679, 40.1202060001069], [41.6039910002845, 40.1992490002412], [41.6611969997418, 40.27683899992], [41.7185840003514, 40.3543789999909], [41.7818369998777, 40.429255000418], [41.8658069996933, 40.491268000318], [41.9444749996216, 40.5572339999492], [42.0327439998358, 40.6084890001673], [42.0845850000977, 40.6540840001765]]}, "properties": {"OBJECTID": 1924, "catalog_id": "ME_TRCS084", "catalog_na": "EMME", "name": " ", "slip_type": "Sinistral", "Shape__Length": 1.3879560396216468}}, {"type": "Feature", "id": 1918, "geometry": {"type": "LineString", "coordinates": [[43.8594249999638, 40.84841299996], [43.8320809998383, 40.8093439996259], [43.8047359996667, 40.770274000145], [43.777398999864, 40.7312150002721], [43.7500610000152, 40.692155000353], [43.722730999636, 40.6531049999958], [43.6954000001099, 40.6140559996847], [43.6647519996051, 40.5764690002442], [43.6341039999996, 40.5388809998583], [43.5594140000561, 40.4934650000098], [43.3818980003925, 40.3624099998217], [43.3426899999436, 40.3497270004008], [43.2509849995581, 40.3051220001802], [43.1882650003296, 40.241081000288]]}, "properties": {"OBJECTID": 1918, "catalog_id": "ME_TRCS078", "catalog_na": "EMME", "name": " ", "slip_type": "Sinistral", "Shape__Length": 0.9239425777948307}}, {"type": "Feature", "id": 2167, "geometry": {"type": "LineString", "coordinates": [[43.542628000282, 37.6509480000502], [43.5714209997794, 37.6837330001779], [43.6002130001299, 37.7165180003055], [43.6260980004224, 37.7507990001738], [43.6651930001569, 37.7969109997429]]}, "properties": {"OBJECTID": 2167, "catalog_id": "ME_TRCS428", "catalog_na": "EMME", "name": " ", "slip_type": "Sinistral", "Shape__Length": 0.19067702139939946}}, {"type": "Feature", "id": 1824, "geometry": {"type": "LineString", "coordinates": [[26.3479919996311, 41.8444929997522], [26.2341770003683, 41.8738999996853], [26.1250470004188, 41.9021930004067], [26.0056710001166, 41.918555000413], [25.8361139996614, 41.9401469996843], [25.667220000103, 41.9514330003328], [25.5354140003559, 41.9803849999678], [25.3993009998413, 42.011960000054], [25.3216789995862, 42.0356020003321], [25.2221629996228, 42.0666310004204], [25.1365810001131, 42.0947060000819], [25.0430350002651, 42.1316460002628], [24.9534709996869, 42.1626760003971], [24.8237249996091, 42.217394000233], [24.7043609998603, 42.2595029995638], [24.6038489998315, 42.299271999803]]}, "properties": {"OBJECTID": 1824, "catalog_id": "ME_BGCS001", "catalog_na": "EMME", "name": " ", "slip_type": "Sinistral-Normal", "Shape__Length": 1.8119505230814474}}, {"type": "Feature", "id": 6644, "geometry": {"type": "LineString", "coordinates": [[24.7000970001765, 42.3261789995613], [24.7515949999093, 42.3203479995606], [24.8402109999378, 42.3053989999639], [24.9079329996083, 42.2915449996021], [24.9849970002114, 42.2794229999715], [25.0550549996885, 42.2828859995893], [25.1309500003423, 42.2888490002812], [25.2021749996766, 42.2880809999382], [25.2881449999918, 42.290458999883]]}, "properties": {"OBJECTID": 6644, "catalog_id": "EUR_BGCS003", "catalog_na": "SHARE", "name": " ", "slip_type": "Normal", "Shape__Length": 0.5923356766116528}}, {"type": "Feature", "id": 14118, "geometry": {"type": "LineString", "coordinates": [[33.1009999998502, 34.2900000001], [33.1117439997858, 34.2902309999607], [33.1224879997214, 34.2904599997293], [33.1332329997032, 34.2906890003971], [33.1439769996389, 34.2909170001195], [33.1547219996206, 34.2911439997958], [33.1654659995563, 34.2913700003253], [33.1762110004374, 34.2915949999094], [33.186955000373, 34.2918190003467], [33.1977000003548, 34.2920429998846], [33.2084450003366, 34.2922650002296], [33.2191890002722, 34.2924859996292], [33.2299340002539, 34.2927059998821], [33.2406790002357, 34.2929260001349], [33.2514240002175, 34.2931440002955], [33.2621690001993, 34.2933619995567], [33.272914000181, 34.293577999625], [33.2836590001628, 34.2937939996934], [33.2944040001445, 34.2940089997156], [33.3051490001263, 34.2942229996917], [33.3158950001542, 34.2944349995756], [33.326640000136, 34.2946470003589], [33.3373850001177, 34.2948580001966], [33.3481310001456, 34.2950679999882], [33.3588760001273, 34.2952769997338], [33.3696220001552, 34.2954850003326], [33.380367000137, 34.2956919999859], [33.3911130001649, 34.2958989996392], [33.4018590001928, 34.2961040000996], [33.4126050002207, 34.2963079996146], [33.4233500002024, 34.2965120000288], [33.4340960002303, 34.2967140003509], [33.4448420002582, 34.2969159997736], [33.455588000286, 34.2971160000034], [33.4663340003139, 34.2973160002333], [33.4770800003418, 34.2975140003709], [33.4878260003697, 34.2977119996091], [33.4985720003975, 34.2979089997006], [33.5093189995722, 34.298104999746], [33.5200649996001, 34.2982999997453], [33.530810999628, 34.2984939996984], [33.5415569996559, 34.2986869996054], [33.5523039997299, 34.2988790003656], [33.5630499997577, 34.2990700001804], [33.5737969998318, 34.2992599999491], [33.5845429998596, 34.2994489996717], [33.5952899999336, 34.2996380002936], [33.6060370000076, 34.2998249999239], [33.6167830000355, 34.3000119995542], [33.6275300001095, 34.3001969999916], [33.6382770001835, 34.300382000429], [33.6490240002574, 34.3005649998749], [33.6597710003314, 34.3007480002201], [33.6705170003593, 34.3009299996198], [33.6812640004333, 34.3011099998267], [33.692010999608, 34.3012900000335], [33.7027589997281, 34.3014690001942], [33.7135059998021, 34.3016470003089], [33.7242529998761, 34.3018240003774], [33.7349999999501, 34.3020000003997]]}, "properties": {"OBJECTID": 14118, "catalog_id": "PB_5464.0", "catalog_na": "Bird 2003", "name": " ", "slip_type": "Subduction_Thrust", "Shape__Length": 0.6341142631449741}}, {"type": "Feature", "id": 7626, "geometry": {"type": "LineString", "coordinates": [[26.9377880000162, 38.3742440000606], [26.8630939998882, 38.2996190004166], [26.8210289998885, 38.2028729995893], [26.7789700001654, 38.1061400002608]]}, "properties": {"OBJECTID": 7626, "catalog_id": "EUR_TRCS361", "catalog_na": "SHARE", "name": " ", "slip_type": "Dextral", "Shape__Length": 0.3165607214293914}}, {"type": "Feature", "id": 1967, "geometry": {"type": "LineString", "coordinates": [[40.7438999997852, 38.5197999998701], [40.7958099996318, 38.5123790002907], [40.8477200003778, 38.5049569997658], [40.9000200002229, 38.4995209999942], [40.952320000068, 38.4940850002226], [41.00218700013, 38.4806260000899], [41.0520530001459, 38.467165999911], [41.1003650004445, 38.4506320000668], [41.1486769998437, 38.4340980002226], [41.1962369996379, 38.416315000337], [41.2437980003775, 38.3985310004054], [41.2883489999065, 38.3814660003557], [41.3329000003348, 38.3644000002599]]}, "properties": {"OBJECTID": 1967, "catalog_id": "ME_TRCS131", "catalog_na": "EMME", "name": " ", "slip_type": "Dextral-Reverse", "Shape__Length": 0.6124354098101631}}, {"type": "Feature", "id": 7377, "geometry": {"type": "LineString", "coordinates": [[44.1770560003342, 37.5764770003134], [44.2791810001031, 37.5749560003192], [44.367144999742, 37.5248429997047], [44.4534730003787, 37.4730309998808]]}, "properties": {"OBJECTID": 7377, "catalog_id": "EUR_TRCS104", "catalog_na": "SHARE", "name": " ", "slip_type": "Dextral", "Shape__Length": 0.3040562668714422}}, {"type": "Feature", "id": 2067, "geometry": {"type": "LineString", "coordinates": [[30.1338530001159, 36.4867129997052], [30.1638619999314, 36.5184760003672], [30.1938709997469, 36.5502390001298], [30.2238889999774, 36.5820120003536], [30.253907000208, 36.6137839996319], [30.2839370000925, 36.645568000363], [30.313965999931, 36.6773520001947]]}, "properties": {"OBJECTID": 2067, "catalog_id": "ME_TRCS265", "catalog_na": "EMME", "name": " ", "slip_type": "Sinistral-Normal", "Shape__Length": 0.26226688928418257}}, {"type": "Feature", "id": 2116, "geometry": {"type": "LineString", "coordinates": [[35.71189099957, 36.3477530001009], [35.7558800001619, 36.3762539996225], [35.7998689998545, 36.4047550000433], [35.8438779995701, 36.4332690001643], [35.8878860001388, 36.4617820002392], [35.9319149998774, 36.4903080000142], [35.9759429995698, 36.5188339997893], [36.0221790003606, 36.5450419996886], [36.0684150002521, 36.571250999634], [36.1153869999102, 36.5966400004357], [36.1623589995683, 36.6220290003382], [36.209204999711, 36.6473499998027], [36.2560499998077, 36.6726700001204]]}, "properties": {"OBJECTID": 2116, "catalog_id": "ME_TRCS349", "catalog_na": "EMME", "name": " ", "slip_type": "Sinistral", "Shape__Length": 0.634215333692786}}, {"type": "Feature", "id": 7477, "geometry": {"type": "LineString", "coordinates": [[31.3668230000815, 38.4080830002303], [31.2786099997517, 38.4769689996197], [31.1864150001522, 38.5434640002634], [31.0739589997081, 38.5869910002345]]}, "properties": {"OBJECTID": 7477, "catalog_id": "EUR_TRCS204", "catalog_na": "SHARE", "name": " ", "slip_type": "Normal", "Shape__Length": 0.34618191028906087}}, {"type": "Feature", "id": 7526, "geometry": {"type": "LineString", "coordinates": [[32.5397500001624, 39.8515700000555], [32.6546140001361, 39.9004470003289], [32.7695400002709, 39.9493500000025]]}, "properties": {"OBJECTID": 7526, "catalog_id": "EUR_TRCS254", "catalog_na": "SHARE", "name": " ", "slip_type": "Sinistral", "Shape__Length": 0.24972859776084777}}, {"type": "Feature", "id": 6936, "geometry": {"type": "LineString", "coordinates": [[24.5268699995509, 35.2145530001209], [24.548658999813, 35.201325999895], [24.5607630004122, 35.1899870003998], [24.5813409996874, 35.1814840003864], [24.6091820002492, 35.1692009996265], [24.6273390002947, 35.1616419999784], [24.6515479997404, 35.1512490000414], [24.6854409997025, 35.146524999829]]}, "properties": {"OBJECTID": 6936, "catalog_id": "EUR_GRCS720", "catalog_na": "SHARE", "name": " ", "slip_type": "Normal", "Shape__Length": 0.1750045527008694}}, {"type": "Feature", "id": 6996, "geometry": {"type": "LineString", "coordinates": [[24.4317619996166, 36.309171999788], [24.4916699995709, 36.309171999788], [24.5829589996582, 36.3024540002519], [24.6742469996993, 36.2711039997499], [24.7769469999042, 36.2330349996656], [24.893910999593, 36.2084029995988], [24.9994630000175, 36.1882490000913], [25.0836190003167, 36.1815309996559], [25.1677759997626, 36.1748130001199], [25.2276839997169, 36.1748130001199], [25.3389419997735, 36.1972060003567], [25.4559060003617, 36.2240780002995], [25.5586059996672, 36.2554279999023], [25.6223300002294, 36.2685960001054]]}, "properties": {"OBJECTID": 6996, "catalog_id": "EUR_GRCS974", "catalog_na": "SHARE", "name": " ", "slip_type": "Normal", "Shape__Length": 1.2191875039968776}}, {"type": "Feature", "id": 7660, "geometry": {"type": "LineString", "coordinates": [[27.4120799996923, 36.7832500003873], [27.5476999999551, 36.7636199998632]]}, "properties": {"OBJECTID": 7660, "catalog_id": "EUR_TRCS395", "catalog_na": "SHARE", "name": " ", "slip_type": "Normal", "Shape__Length": 0.13703328570768453}}, {"type": "Feature", "id": 7589, "geometry": {"type": "LineString", "coordinates": [[27.244920000058, 39.1150800004417], [27.3335370001325, 39.1757430001394], [27.4221900000685, 39.2364300000445]]}, "properties": {"OBJECTID": 7589, "catalog_id": "EUR_TRCS318", "catalog_na": "SHARE", "name": " ", "slip_type": "Sinistral-Normal", "Shape__Length": 0.21482661685087723}}, {"type": "Feature", "id": 2087, "geometry": {"type": "LineString", "coordinates": [[29.0886209999592, 36.6187439999357], [29.1338480000852, 36.6125250000288], [29.179074000165, 36.6133749996566], [29.224301000291, 36.6170530001959], [29.2644930002518, 36.6217170003393], [29.3134909998099, 36.6369810000731]]}, "properties": {"OBJECTID": 2087, "catalog_id": "ME_TRCS293", "catalog_na": "EMME", "name": " ", "slip_type": "Normal", "Shape__Length": 0.2280450744054034}}, {"type": "Feature", "id": 7328, "geometry": {"type": "LineString", "coordinates": [[37.5865610003899, 37.7549350002501], [37.5000710003764, 37.6912790001258], [37.4125319996521, 37.6268500003273], [37.3119340001541, 37.5758500001774], [37.2056710002165, 37.5327579995821], [37.094282000414, 37.4988780002196], [36.9829369999426, 37.4650119997041]]}, "properties": {"OBJECTID": 7328, "catalog_id": "EUR_TRCS055", "catalog_na": "SHARE", "name": " ", "slip_type": "Sinistral", "Shape__Length": 0.6763470351852299}}, {"type": "Feature", "id": 7566, "geometry": {"type": "LineString", "coordinates": [[30.2585320003516, 37.3124869995754], [30.2288579997969, 37.2365250003285], [30.1632290004181, 37.1677339999242], [30.176510999583, 37.0819849999079]]}, "properties": {"OBJECTID": 7566, "catalog_id": "EUR_TRCS294", "catalog_na": "SHARE", "name": " ", "slip_type": "Normal", "Shape__Length": 0.26339940406139595}}, {"type": "Feature", "id": 2064, "geometry": {"type": "LineString", "coordinates": [[31.2856889997476, 37.005337999649], [31.2825620003361, 37.0506629997977], [31.2794339999792, 37.0959879999463], [31.2859160003232, 37.1410860004186], [31.2923969997218, 37.1861839999917], [31.2872699998107, 37.231394000233], [31.2821419998535, 37.2766039995749], [31.2870850002726, 37.3218279995626], [31.2920279997924, 37.3670520004495], [31.2835730001939, 37.4119459996082], [31.2751169996499, 37.4568389996202], [31.2628319996971, 37.5011739999802], [31.2505459996982, 37.545508000294], [31.2428930002118, 37.5904950001442], [31.2352399998262, 37.6354809999482], [31.2297999998701, 37.6674619998715]]}, "properties": {"OBJECTID": 2064, "catalog_id": "ME_TRCS260", "catalog_na": "EMME", "name": " ", "slip_type": "Normal", "Shape__Length": 0.6710567989799745}}, {"type": "Feature", "id": 7683, "geometry": {"type": "LineString", "coordinates": [[39.975214000226, 39.5040980004225], [39.8989790000808, 39.5519449999618], [39.7800299996848, 39.5734070004328], [39.6604740000751, 39.5928989999889]]}, "properties": {"OBJECTID": 7683, "catalog_id": "EUR_TRCS425", "catalog_na": "SHARE", "name": " ", "slip_type": "Dextral-Reverse", "Shape__Length": 0.3320103936950932}}, {"type": "Feature", "id": 7351, "geometry": {"type": "LineString", "coordinates": [[43.3009759999425, 40.1949129999351], [43.3502309996609, 40.2594229998716], [43.4173890003022, 40.3314989997791], [43.4835580003015, 40.4041439998458], [43.5575490003861, 40.4723159995838], [43.6341039999996, 40.5388809998583], [43.6954000001099, 40.6140559996847], [43.7500610000152, 40.692155000353], [43.8047359996667, 40.770274000145], [43.8594249999638, 40.84841299996]]}, "properties": {"OBJECTID": 7351, "catalog_id": "EUR_TRCS078", "catalog_na": "SHARE", "name": " ", "slip_type": "Sinistral", "Shape__Length": 0.8630499591674575}}, {"type": "Feature", "id": 6687, "geometry": {"type": "LineString", "coordinates": [[24.4994569998407, 42.1434569999407], [24.6059850003076, 42.1039619997466], [24.7278250000238, 42.0600550002382], [24.8190489998116, 42.0289239999427], [24.9175850004474, 41.9756069999631], [25.0134650000098, 41.9222899999835], [25.1066809999282, 41.8867450002816]]}, "properties": {"OBJECTID": 6687, "catalog_id": "EUR_BGCS046", "catalog_na": "SHARE", "name": " ", "slip_type": "Normal", "Shape__Length": 0.6610193968592306}}, {"type": "Feature", "id": 14112, "geometry": {"type": "LineString", "coordinates": [[30.2209999998502, 35.1540000001], [30.2312339996494, 35.1511130000649], [30.241468000348, 35.1482249999838], [30.251700000055, 35.1453359998566], [30.2619329998082, 35.1424469997293], [30.2721640003684, 35.1395560004091], [30.2823939999832, 35.1366650001897], [30.2926239995979, 35.1337729999241], [30.302853000066, 35.1308799996123], [30.3130819996346, 35.1279860001538], [30.3233100000565, 35.1250909997499], [30.3335370004323, 35.1221960002453], [30.3437629998626, 35.1192989997491], [30.3539880001462, 35.1164020001522], [30.3642130004297, 35.1135039996099], [30.3744369997678, 35.1106039998747], [30.3846610000052, 35.1077040001396], [30.3948830001504, 35.1048040004043], [30.4051050002956, 35.1019019996776], [30.4153260003947, 35.0989989998041], [30.4255469995944, 35.0960959999305], [30.4357669996473, 35.0931920000108], [30.4459859996542, 35.0902870000451], [30.456203999615, 35.0873810000332], [30.4664210004289, 35.0844739999752], [30.4766380003435, 35.081565999871], [30.486854000212, 35.0786569997208], [30.4970700000805, 35.0757479995706], [30.5072839998568, 35.0728380002735], [30.517497999633, 35.0699270000311], [30.5277110002625, 35.0670149997425], [30.5379239999926, 35.0641020003071], [30.5481359996767, 35.0611879999263], [30.5583470002139, 35.0582730003987], [30.5685569998058, 35.0553579999718], [30.5787670002969, 35.0524420003981], [30.5889749997964, 35.0495239998328], [30.5991840002415, 35.0466060001668], [30.6093909996949, 35.0436869995555], [30.6195980000477, 35.0407679998434], [30.6298040003544, 35.0378470000391], [30.6400089997156, 35.0349250001887], [30.65021299993, 35.0320030003382], [30.6604170001445, 35.0290800004417], [30.6706200003128, 35.0261559995998], [30.6808229995818, 35.023230999611], [30.6910239996579, 35.0203049995761], [30.701224999734, 35.0173780003944], [30.711424999764, 35.0144510003134], [30.721624999794, 35.0115230001863], [30.7318229997317, 35.008592999967], [30.7420209996695, 35.0056629997477], [30.7522179995611, 35.0027320003816], [30.7624150003521, 34.9998010001161], [30.7726110001976, 34.9968679997584], [30.782805999997, 34.9939340002539], [30.7929999997502, 34.9909999998501]]}, "properties": {"OBJECTID": 14112, "catalog_id": "PB_5458.0", "catalog_na": "Bird 2003", "name": " ", "slip_type": "Subduction_Thrust", "Shape__Length": 0.5947721121228938}}, {"type": "Feature", "id": 7706, "geometry": {"type": "LineString", "coordinates": [[34.9493110001026, 35.7449729999041], [34.8589319997121, 35.6573370001025], [34.7685520001747, 35.569701000301], [34.6863009995915, 35.5205710000517], [34.6040489998615, 35.4714409998023], [34.5014459996332, 35.4152779998798], [34.3988430003043, 35.3591139999112], [34.2913209998643, 35.3227300001894], [34.1837990003236, 35.2863459995683], [34.0588920003656, 35.2568160002583], [33.9339840003614, 35.2272860000489], [33.8342100001914, 35.2200799995924], [33.7344360000214, 35.2128750000812], [33.6272250004335, 35.2138649998699], [33.5494009998563, 35.22621300003], [33.4715760001324, 35.23856100019]]}, "properties": {"OBJECTID": 7706, "catalog_id": "EUR_TRCS998", "catalog_na": "SHARE", "name": " ", "slip_type": "Reverse", "Shape__Length": 1.625937385486666}}, {"type": "Feature", "id": 7543, "geometry": {"type": "LineString", "coordinates": [[29.1450490004111, 37.6128769998737], [29.0767340003738, 37.5691840003414], [29.0284990000289, 37.4804490002213], [28.926962000396, 37.4271560004491], [28.8340609997154, 37.3647850002276]]}, "properties": {"OBJECTID": 7543, "catalog_id": "EUR_TRCS271", "catalog_na": "SHARE", "name": " ", "slip_type": "Normal", "Shape__Length": 0.40865939059312967}}, {"type": "Feature", "id": 7374, "geometry": {"type": "LineString", "coordinates": [[42.9065380000287, 38.938164999715], [43.0046960003202, 39.0119369995929], [43.1029060003117, 39.08574800037]]}, "properties": {"OBJECTID": 7374, "catalog_id": "EUR_TRCS101", "catalog_na": "SHARE", "name": " ", "slip_type": "Sinistral", "Shape__Length": 0.2456443233975824}}, {"type": "Feature", "id": 2133, "geometry": {"type": "LineString", "coordinates": [[33.0085510002285, 40.7335890000324], [33.003744999832, 40.6991979995881], [32.9989380002885, 40.6648070000431], [32.9941309998458, 40.6304159995988], [32.9893250003485, 40.5960250000538], [32.9624720003825, 40.5426490000514], [32.921108000334, 40.5107619999664]]}, "properties": {"OBJECTID": 2133, "catalog_id": "ME_TRCS377", "catalog_na": "EMME", "name": " ", "slip_type": "Sinistral-Normal", "Shape__Length": 0.250879148043306}}, {"type": "Feature", "id": 2110, "geometry": {"type": "LineString", "coordinates": [[28.7453160000334, 37.8502380001836], [28.7955249996791, 37.8357629999625], [28.8457330001779, 37.8212879997415], [28.8953779998948, 37.8056899998936], [28.9450219995657, 37.7900920000458], [28.990352999991, 37.7677799999471], [29.0356830003702, 37.7454679998484], [29.0886610000052, 37.7402939995685], [29.1416379995941, 37.7351200001879], [29.1939409995775, 37.7435589999479], [29.246243999561, 37.751997999708], [29.2870689999344, 37.7479320001617], [29.3278930002618, 37.7438659997161]]}, "properties": {"OBJECTID": 2110, "catalog_id": "ME_TRCS335", "catalog_na": "EMME", "name": " ", "slip_type": "Sinistral-Normal", "Shape__Length": 0.6041003438298786}}, {"type": "Feature", "id": 6856, "geometry": {"type": "LineString", "coordinates": [[25.8266330004127, 41.0860230000615], [25.7869620001962, 41.0917279996475], [25.7432919999259, 41.0999999998002], [25.6898840002465, 41.1129590002577], [25.6444979999828, 41.1250490002112], [25.6033059997721, 41.134447000129], [25.5664689998445, 41.1428160002583], [25.5126789996362, 41.1553229996568], [25.4797249998089, 41.1635739997403], [25.4545030004132, 41.171358999918], [25.4356760000474, 41.1758449999468], [25.4209099998967, 41.1779889998925], [25.4078140003159, 41.1773979996181], [25.3916579999168, 41.174631999767], [25.3760250002536, 41.1700560000844], [25.3495479996405, 41.161685999909], [25.3057440003853, 41.1505610003899], [25.2846400002359, 41.1425060003517], [25.2510649996501, 41.1342750002911], [25.2349429999196, 41.1319370003923], [25.224281000168, 41.1326200004127], [25.2166030004282, 41.1336860001089], [25.2077210000242, 41.1343280000372], [25.1975840002015, 41.1332020002721], [25.1855989996942, 41.1303190004216], [25.1681930001069, 41.1253070004178], [25.1585669995674, 41.1219209998543], [25.1448730002888, 41.1208669998122], [25.1300100001614, 41.1202839999067], [25.1122139996764, 41.1206590001128], [25.0916760004471, 41.1239790003307], [25.0743619997066, 41.1272320001567], [25.0553689997795, 41.1311609996804], [25.0397140000011, 41.1351799997572], [25.0332680004179, 41.1375559996097], [25.0173270000411, 41.1401250002686], [25.0006810004279, 41.1395630004322], [24.9724000002599, 41.1418400002159], [24.9567649996051, 41.1447220000204], [24.9458150000622, 41.1478310004004], [24.930547000144, 41.1490950002341], [24.9166640002435, 41.148405999937], [24.8952389996801, 41.1470250001037], [24.8725229998366, 41.1425230002363], [24.8484739996754, 41.1335530002708], [24.8153870000101, 41.1202579996071], [24.7870279998424, 41.1059699999156], [24.7621670000071, 41.0893669995874], [24.7322610004449, 41.0647270000511], [24.6975040002095, 41.0396269999861], [24.6696960002702, 41.0188959999505], [24.6421360000764, 41.0058720000928], [24.6001789996612, 40.9885119999289], [24.5637179999858, 40.97745199981], [24.536421000229, 40.9663030000834], [24.4790290002882, 40.9471699999955]]}, "properties": {"OBJECTID": 6856, "catalog_id": "EUR_GRCS150", "catalog_na": "SHARE", "name": " ", "slip_type": "Dextral-Normal", "Shape__Length": 1.4195493119913873}}, {"type": "Feature", "id": 7520, "geometry": {"type": "LineString", "coordinates": [[33.5956329995633, 39.7536180002705], [33.6207939997433, 39.6726110003974]]}, "properties": {"OBJECTID": 7520, "catalog_id": "EUR_TRCS248", "catalog_na": "SHARE", "name": " ", "slip_type": "Sinistral", "Shape__Length": 0.08482458345610686}}, {"type": "Feature", "id": 7397, "geometry": {"type": "LineString", "coordinates": [[42.8316780003395, 41.1410159999884], [42.9168499998277, 41.1740150000923], [43.0128159997586, 41.227253000026], [43.0801030000534, 41.3013470003638]]}, "properties": {"OBJECTID": 7397, "catalog_id": "EUR_TRCS124", "catalog_na": "SHARE", "name": " ", "slip_type": "Sinistral", "Shape__Length": 0.301172462251853}}, {"type": "Feature", "id": 2179, "geometry": {"type": "LineString", "coordinates": [[33.9258320003466, 34.9978829998007], [34.0458060003467, 34.9700929997921], [34.1657800003468, 34.9423019997375], [34.3401699997457, 34.9425989999439], [34.4522780003295, 34.9427899997588], [34.5643849999678, 34.9429800004268], [34.7497970004313, 34.9677899997088], [34.9138339999392, 35.0030620003111], [35.0774620003711, 35.045331999872], [35.2811779995651, 35.1121649999149], [35.4209450004115, 35.1718909995701], [35.5607120003586, 35.2316160000784], [35.6597030003932, 35.3140180004305], [35.7586940004279, 35.3964199998832], [35.8635660000709, 35.520240000076], [35.968437999714, 35.6440600002688], [36.0733100002564, 35.7678799995624]]}, "properties": {"OBJECTID": 2179, "catalog_id": "ME_TRCS997", "catalog_na": "EMME", "name": " ", "slip_type": "Sinistral-Reverse", "Shape__Length": 2.431532904948694}}, {"type": "Feature", "id": 7420, "geometry": {"type": "LineString", "coordinates": [[40.3850170000346, 40.1055860003937], [40.3099289997236, 40.0652439998108], [40.2155379995791, 40.0185929996672], [40.1119440004153, 39.9854130002099], [40.0031649995651, 39.9642170003144], [39.891597999648, 39.9549760004421], [39.7799590000079, 39.9463819998295], [39.6694169996948, 39.9317260002547], [39.5633489997566, 39.9037849995781], [39.4537679996935, 39.885620000063], [39.3417319997321, 39.8828980004424]]}, "properties": {"OBJECTID": 7420, "catalog_id": "EUR_TRCS147", "catalog_na": "SHARE", "name": " ", "slip_type": "Sinistral", "Shape__Length": 1.0783912599084697}}, {"type": "Feature", "id": 2256, "geometry": {"type": "LineString", "coordinates": [[44.7558250003236, 40.2045829998057], [44.8093530001409, 40.1062070002529], [44.8630650003495, 40.0224860002288], [44.9094269997563, 39.9660680002381], [45.004935625179, 39.8660664428122], [45.0452654174651, 39.8065846594545], [45.087524333781, 39.7373039224381], [45.0994067818975, 39.7046536227666]]}, "properties": {"OBJECTID": 2256, "catalog_id": "ME_AM2s5", "catalog_na": "EMME", "name": " ", "slip_type": "Dextral-Normal", "Shape__Length": 0.6105341561557454}}, {"type": "Feature", "id": 2156, "geometry": {"type": "LineString", "coordinates": [[27.6673920004405, 39.1711289996037], [27.6605709997519, 39.1412339996494], [27.6537499999626, 39.111337999649], [27.6469290001733, 39.0814429996947], [27.640108000384, 39.0515489997866], [27.6332879997415, 39.0216539998323], [27.6264669999521, 38.9917599999241], [27.6196460001628, 38.9618670000621], [27.6128260004197, 38.9319740002], [27.606004999731, 38.9020810003379], [27.5991849999878, 38.8721879995766], [27.5923640001985, 38.8422959997606], [27.585543999556, 38.8124029998986]]}, "properties": {"OBJECTID": 2156, "catalog_id": "ME_TRCS416", "catalog_na": "EMME", "name": " ", "slip_type": "Dextral-Normal", "Shape__Length": 0.36794488465804814}}, {"type": "Feature", "id": 7443, "geometry": {"type": "LineString", "coordinates": [[36.7974870004248, 39.3156130003397], [36.8725529997212, 39.3400899995539], [36.9786380004434, 39.3746820002742], [37.0863279996375, 39.4062710001066], [37.1951659996112, 39.4355230000864], [37.3041370003224, 39.4645840002515], [37.416024999754, 39.4861690000993], [37.5233979996181, 39.5187339999742], [37.6379929997772, 39.508308000314], [37.7529410000272, 39.5006369999976], [37.867037999704, 39.5138660003157], [37.9785220002901, 39.5368950002041]]}, "properties": {"OBJECTID": 7443, "catalog_id": "EUR_TRCS170", "catalog_na": "SHARE", "name": " ", "slip_type": "Sinistral", "Shape__Length": 1.2133704095373823}}, {"type": "Feature", "id": 7537, "geometry": {"type": "LineString", "coordinates": [[30.313965999931, 36.6773520001947], [30.253907000208, 36.6137839996319], [30.1938709997469, 36.5502390001298], [30.1338530001159, 36.4867129997052]]}, "properties": {"OBJECTID": 7537, "catalog_id": "EUR_TRCS265", "catalog_na": "SHARE", "name": " ", "slip_type": "Sinistral-Normal", "Shape__Length": 0.262266889278464}}, {"type": "Feature", "id": 6973, "geometry": {"type": "LineString", "coordinates": [[25.9278060003467, 38.2903419997835], [25.9463199997682, 38.2835179998559], [25.9528339997893, 38.277897999693], [25.9593479998104, 38.2678630000775], [25.9754610000252, 38.2607710003814], [26.0046030003282, 38.2448489999814], [26.0265440004054, 38.2271870002799], [26.0532859997492, 38.2154119995642], [26.0786559996747, 38.2079190002617], [26.0923689998295, 38.2036369997478]]}, "properties": {"OBJECTID": 6973, "catalog_id": "EUR_GRCS885", "catalog_na": "SHARE", "name": " ", "slip_type": "Sinistral", "Shape__Length": 0.18931685146269173}}, {"type": "Feature", "id": 7514, "geometry": {"type": "LineString", "coordinates": [[31.9940229995618, 40.3087730003737], [32.1019830004152, 40.2955569997558], [32.2099200002079, 40.2823460002678]]}, "properties": {"OBJECTID": 7514, "catalog_id": "EUR_TRCS242", "catalog_na": "SHARE", "name": " ", "slip_type": "Sinistral-Normal", "Shape__Length": 0.2175083934639651}}, {"type": "Feature", "id": 2227, "geometry": {"type": "LineString", "coordinates": [[45.6045629997827, 42.2172200003028], [45.5756560004241, 42.2269480001501], [45.5419370003923, 42.2402840000066], [45.492188000376, 42.2668510002735], [45.406870999597, 42.2863439998757], [45.3489359997966, 42.3080889999075], [45.281274000195, 42.3286300001744], [45.2248289998585, 42.3383339998143], [45.1651630002723, 42.3575940003629], [45.1264609997754, 42.3803939995835], [45.0990470000191, 42.4067629997127], [45.0845240002824, 42.4199459997081], [45.0554430000944, 42.4295429998097], [45.0215049998559, 42.441528000317], [44.9729970004113, 42.4642769998837], [44.9357870003698, 42.4786309999208], [44.8727099999666, 42.4749860000039], [44.8112359997417, 42.4784929998521], [44.7416270002859, 42.4915280002171], [44.6865300000595, 42.5093510001486], [44.6151689998495, 42.5342790003756], [44.5209410000272, 42.5770280004419], [44.4721180004454, 42.6031550002032], [44.3681639999687, 42.6388709996969], [44.324033000023, 42.6425419999134], [44.2870529997962, 42.6614660002558]]}, "properties": {"OBJECTID": 2227, "catalog_id": "ME_G3s1s6", "catalog_na": "EMME", "name": " ", "slip_type": "Reverse", "Shape__Length": 1.4095448147111957}}, {"type": "Feature", "id": 2093, "geometry": {"type": "LineString", "coordinates": [[30.0467460004276, 38.1274479999253], [29.9950040002345, 38.128630999621], [29.9401870003298, 38.1550609998653], [29.9032080001492, 38.172591999821], [29.8662289999684, 38.1901229997767]]}, "properties": {"OBJECTID": 2093, "catalog_id": "ME_TRCS306", "catalog_na": "EMME", "name": " ", "slip_type": "Normal", "Shape__Length": 0.19445969751676268}}, {"type": "Feature", "id": 6670, "geometry": {"type": "LineString", "coordinates": [[23.7998610000851, 42.0574260004096], [23.86463899979, 42.0453730003637], [23.9294150003021, 42.0393470003638], [23.9769869997503, 42.0370869995654], [24.0205090003901, 42.0333200003178], [24.0601100000765, 42.0323479995606], [24.1004669995525, 42.0235280002171], [24.1340230001614, 42.0096889996477], [24.1743550002831, 41.9926429995748], [24.2199009998313, 41.9775769999786], [24.2573510001486, 41.9625110003824], [24.2947990003736, 41.9451860000339], [24.3251630003722, 41.933132999988]]}, "properties": {"OBJECTID": 6670, "catalog_id": "EUR_BGCS029", "catalog_na": "SHARE", "name": " ", "slip_type": "Normal", "Shape__Length": 0.5455325572997919}}, {"type": "Feature", "id": 7560, "geometry": {"type": "LineString", "coordinates": [[29.8960870000151, 36.4390810001881], [29.9719560003692, 36.473460000079], [30.0584010001061, 36.4885289998135]]}, "properties": {"OBJECTID": 7560, "catalog_id": "EUR_TRCS288", "catalog_na": "SHARE", "name": " ", "slip_type": "Dextral-Normal", "Shape__Length": 0.17104335965113596}}, {"type": "Feature", "id": 1855, "geometry": {"type": "LineString", "coordinates": [[26.5994390002098, 37.8212180001107], [26.6479940000231, 37.823428000402], [26.6965489998365, 37.8256369997478], [26.7415860001938, 37.8261900000685], [26.7866219996056, 37.8267420003431], [26.8274370004173, 37.8250850003725], [26.8682510002835, 37.823428000402], [26.9069539999272, 37.8206659998361], [26.9456569995709, 37.8179040001695], [26.9878789996162, 37.8123799999371], [27.0301009996614, 37.8068559997047], [27.0645819997595, 37.7991230001264], [27.0990629998576, 37.7913899996488]]}, "properties": {"OBJECTID": 1855, "catalog_id": "ME_GRCS912", "catalog_na": "EMME", "name": " ", "slip_type": "Normal", "Shape__Length": 0.5024280133464126}}, {"type": "Feature", "id": 2033, "geometry": {"type": "LineString", "coordinates": [[31.484067000092, 38.9607479997205], [31.472580000067, 38.9189209999043], [31.461093000042, 38.8770950001342], [31.449606000017, 38.8352709995571], [31.4381189999919, 38.7934469998792], [31.4130159997886, 38.7554199999331], [31.3879129995853, 38.717392999987], [31.3757770002085, 38.7030260002497], [31.3215620001862, 38.6342970000066]]}, "properties": {"OBJECTID": 2033, "catalog_id": "ME_TRCS213", "catalog_na": "EMME", "name": " ", "slip_type": "Normal", "Shape__Length": 0.37097187599772136}}, {"type": "Feature", "id": 7357, "geometry": {"type": "LineString", "coordinates": [[42.1233360001563, 40.640050999654], [42.0415510003784, 40.6071519996651], [41.9444749996216, 40.5572339999492], [41.8658069996933, 40.491268000318], [41.7818369998777, 40.429255000418], [41.7185840003514, 40.3543789999909], [41.6611969997418, 40.27683899992], [41.6039910002845, 40.1992490002412], [41.5503719998679, 40.1202060001069], [41.4967660000509, 40.0411819999494], [41.4339780003845, 39.9662559999145], [41.3398129998701, 39.9141530001609], [41.2456949997245, 39.8620759998076], [41.1516239999477, 39.810024999754], [41.0575999996403, 39.758]]}, "properties": {"OBJECTID": 7357, "catalog_id": "EUR_TRCS084", "catalog_na": "SHARE", "name": " ", "slip_type": "Sinistral", "Shape__Length": 1.4141583734344103}}, {"type": "Feature", "id": 7689, "geometry": {"type": "LineString", "coordinates": [[44.2943140000911, 38.9644749998214], [44.2301279998074, 39.0199739997004], [44.1659210003539, 39.0754910004094]]}, "properties": {"OBJECTID": 7689, "catalog_id": "EUR_TRCS431", "catalog_na": "SHARE", "name": " ", "slip_type": "Dextral", "Shape__Length": 0.16973306916468778}}, {"type": "Feature", "id": 2187, "geometry": {"type": "LineString", "coordinates": [[43.9120749997615, 41.4043019997375], [43.9564900002134, 41.3704089997756], [43.9994769995639, 41.3226160000284]]}, "properties": {"OBJECTID": 2187, "catalog_id": "ME_G35s1s2", "catalog_na": "EMME", "name": " ", "slip_type": "Dextral", "Shape__Length": 0.12015078527306612}}, {"type": "Feature", "id": 6965, "geometry": {"type": "LineString", "coordinates": [[25.858565999921, 38.8751339996344], [25.8327069999282, 38.8598289998085], [25.8068489999814, 38.8445239999826], [25.7776190001168, 38.8268129998202], [25.7483890002522, 38.8091009996115], [25.7212099996418, 38.7913890003022], [25.6940309999308, 38.7736770000935], [25.671981000223, 38.7575760004322], [25.6499299995698, 38.7414749998714], [25.619511999779, 38.7213980003175], [25.5890939999882, 38.7013209998643], [25.5564300000445, 38.6796869995554], [25.5237660001009, 38.6580530001459], [25.4931439998957, 38.6388230000815], [25.4625219996906, 38.6195940000631], [25.4319000003848, 38.6003639999986]]}, "properties": {"OBJECTID": 6965, "catalog_id": "EUR_GRCS853", "catalog_na": "SHARE", "name": " ", "slip_type": "Sinistral", "Shape__Length": 0.5076674176899055}}, {"type": "Feature", "id": 7297, "geometry": {"type": "LineString", "coordinates": [[29.0781999996303, 40.3946000003897], [28.9675269995714, 40.4046760000974], [28.8609149997275, 40.4360580002765], [28.7483899996988, 40.451511999779], [28.6344880000212, 40.4593190000718], [28.5206729998591, 40.4679210001541], [28.4065889998825, 40.4742770000835], [28.2940229997617, 40.4588380003735], [28.1816559998246, 40.4426880002511], [28.0693150001871, 40.4265420003131], [27.9569999999501, 40.4103999996603]]}, "properties": {"OBJECTID": 7297, "catalog_id": "EUR_TRCS023", "catalog_na": "SHARE", "name": " ", "slip_type": "Sinistral", "Shape__Length": 1.1325224382253}}, {"type": "Feature", "id": 2047, "geometry": {"type": "LineString", "coordinates": [[32.3720800003917, 39.7658349997855], [32.4042819997146, 39.8056650001397], [32.4364839999367, 39.8454940004478], [32.4686969997668, 39.8853359995568], [32.5009089995507, 39.9251779995651], [32.533131999842, 39.9650330001729], [32.5653550001332, 40.0048879998814], [32.6025500003823, 40.0421369999227], [32.639744999732, 40.0793849999179], [32.6860870000151, 40.1100809999382], [32.7324280002521, 40.1407769999586], [32.7787939998433, 40.1714889998175], [32.8251590002877, 40.2022009996764], [32.8710860003187, 40.2326219996057], [32.9170120003036, 40.2630430004342]]}, "properties": {"OBJECTID": 2047, "catalog_id": "ME_TRCS238", "catalog_na": "EMME", "name": " ", "slip_type": "Sinistral-Normal", "Shape__Length": 0.7452667824812339}}, {"type": "Feature", "id": 7606, "geometry": {"type": "LineString", "coordinates": [[27.5958819996546, 37.7584040001445], [27.536850999674, 37.6891879999263], [27.4790440003804, 37.617994000223], [27.4398889996776, 37.5392529996263], [27.3435250002786, 37.5028970002964], [27.246581000213, 37.467604999671], [27.1496750001012, 37.4323259996452]]}, "properties": {"OBJECTID": 7606, "catalog_id": "EUR_TRCS337", "catalog_na": "SHARE", "name": " ", "slip_type": "Sinistral-Normal", "Shape__Length": 0.5799063261056372}}, {"type": "Feature", "id": 1901, "geometry": {"type": "LineString", "coordinates": [[36.9829369999426, 37.4650119997041], [37.0386099997517, 37.4819449999619], [37.094282000414, 37.4988780002196], [37.1499770003384, 37.5158179999008], [37.2056710002165, 37.5327579995821], [37.2588029997587, 37.5543040003294], [37.3119340001541, 37.5758500001774], [37.3622330003527, 37.6013499998027], [37.4125319996521, 37.6268500003273], [37.4563009999912, 37.6590650002496], [37.5000710003764, 37.6912790001258], [37.5433159999335, 37.723107000188], [37.5865610003899, 37.7549350002501]]}, "properties": {"OBJECTID": 1901, "catalog_id": "ME_TRCS055", "catalog_na": "EMME", "name": " ", "slip_type": "Sinistral", "Shape__Length": 0.6763470351955619}}, {"type": "Feature", "id": 1987, "geometry": {"type": "LineString", "coordinates": [[38.6163509997988, 39.120554000167], [38.5638470004388, 39.0843089996607], [38.5236930004316, 39.0740519997001], [38.4888220003351, 39.0528569998507], [38.460997999658, 39.0296099998017], [38.435834000239, 39.005687000055], [38.4097889997626, 38.9831339996344], [38.3564440002904, 38.9797510001086]]}, "properties": {"OBJECTID": 1987, "catalog_id": "ME_TRCS163", "catalog_na": "EMME", "name": " ", "slip_type": "Sinistral", "Shape__Length": 0.30493278852611166}}, {"type": "Feature", "id": 7311, "geometry": {"type": "LineString", "coordinates": [[28.9109999999501, 40.3499269997313], [29.0124500000675, 40.367771999778], [29.1139250004385, 40.3856210000092], [29.2154260002098, 40.4034749995716]]}, "properties": {"OBJECTID": 7311, "catalog_id": "EUR_TRCS038", "catalog_na": "SHARE", "name": " ", "slip_type": "Dextral", "Shape__Length": 0.3090996245894673}}, {"type": "Feature", "id": 7643, "geometry": {"type": "LineString", "coordinates": [[33.2218879997315, 40.8549839999117], [33.1327869998202, 40.815288000341], [33.0208229995818, 40.7897299998397], [32.9040169999846, 40.7858719999929], [32.7906139999362, 40.8074620000713], [32.6820279998923, 40.8403949998294], [32.5664720003826, 40.8543729996143]]}, "properties": {"OBJECTID": 7643, "catalog_id": "EUR_TRCS378", "catalog_na": "SHARE", "name": " ", "slip_type": "Dextral", "Shape__Length": 0.6745658486006695}}, {"type": "Feature", "id": 7497, "geometry": {"type": "LineString", "coordinates": [[30.3632089999954, 38.8296510002935], [30.3859589996082, 38.8892100003413]]}, "properties": {"OBJECTID": 7497, "catalog_id": "EUR_TRCS225", "catalog_na": "SHARE", "name": " ", "slip_type": "Normal", "Shape__Length": 0.063756073977896}}, {"type": "Feature", "id": 7503, "geometry": {"type": "LineString", "coordinates": [[28.070327000091, 39.3364190002367], [28.1641239998228, 39.3082960001603], [28.2578829996008, 39.280184999738], [28.3516089996556, 39.2520829997307]]}, "properties": {"OBJECTID": 7503, "catalog_id": "EUR_TRCS231", "catalog_na": "SHARE", "name": " ", "slip_type": "Dextral-Normal", "Shape__Length": 0.29365306785655326}}, {"type": "Feature", "id": 1841, "geometry": {"type": "LineString", "coordinates": [[25.382807000043, 39.7426990003586], [25.3096489997016, 39.6947630003123], [25.2364930003517, 39.6468260002198], [25.1633350000103, 39.5988900001734], [25.090177999715, 39.5509530000809], [25.0170200002729, 39.5030180000807], [24.9804409996524, 39.4790500000575], [24.9438619999314, 39.4550809999882], [24.9072840002565, 39.431112999965], [24.8707059996822, 39.4071449999419], [24.8341269999611, 39.3831769999186], [24.7975480002401, 39.3592079998494], [24.7609699996658, 39.3352399998262], [24.7243909999447, 39.311271999803], [24.6878120002237, 39.2873039997798], [24.6512329996033, 39.2633349997105]]}, "properties": {"OBJECTID": 1841, "catalog_id": "ME_GRCS831", "catalog_na": "EMME", "name": " ", "slip_type": "Dextral", "Shape__Length": 0.8746372752840446}}, {"type": "Feature", "id": 7652, "geometry": {"type": "LineString", "coordinates": [[26.6031499995728, 38.8574299997947], [26.6392509997339, 38.7821899996688], [26.6799450003616, 38.6985849995981], [26.7271390003646, 38.6171050003955], [26.7682800000221, 38.5336599996094]]}, "properties": {"OBJECTID": 7652, "catalog_id": "EUR_TRCS387", "catalog_na": "SHARE", "name": " ", "slip_type": "Sinistral-Normal", "Shape__Length": 0.3636319886351477}}, {"type": "Feature", "id": 7597, "geometry": {"type": "LineString", "coordinates": [[27.3362399997762, 38.5049549996735], [27.3606260001898, 38.6038420003081]]}, "properties": {"OBJECTID": 7597, "catalog_id": "EUR_TRCS327", "catalog_na": "SHARE", "name": " ", "slip_type": "Dextral", "Shape__Length": 0.10184947673246485}}, {"type": "Feature", "id": 1941, "geometry": {"type": "LineString", "coordinates": [[43.1539869997004, 39.1288020001123], [43.1262229999915, 39.0888650002196], [43.0701689996996, 39.0611439997958], [43.037433000033, 39.0365410001671], [43.0046960003202, 39.0119369995929], [42.9719769996389, 38.9873459996182]]}, "properties": {"OBJECTID": 1941, "catalog_id": "ME_TRCS101", "catalog_na": "EMME", "name": " ", "slip_type": "Sinistral", "Shape__Length": 0.23400601873359134}}, {"type": "Feature", "id": 1947, "geometry": {"type": "LineString", "coordinates": [[43.073594000263, 38.5404640004134], [43.031182000449, 38.5545519998749], [42.9887709997819, 38.568641000282], [42.9463589999679, 38.5827289997436], [42.9039260000849, 38.5968249995741], [42.8614930002018, 38.6109200002579], [42.8190600003188, 38.6250160000884]]}, "properties": {"OBJECTID": 1947, "catalog_id": "ME_TRCS108", "catalog_na": "EMME", "name": " ", "slip_type": "Dextral-Reverse", "Shape__Length": 0.2682099882314516}}, {"type": "Feature", "id": 2041, "geometry": {"type": "LineString", "coordinates": [[27.6726100000515, 38.7842169996149], [27.7538980002925, 38.8525779999748], [27.835222000395, 38.9209699999656], [27.8232650002796, 39.0136959997706], [27.8919939996234, 39.0900910000996], [27.9579079995546, 39.1680020001922], [27.990121000284, 39.25778700017], [28.0523460000679, 39.3375730003937], [28.1003080004139, 39.423070999627], [28.1575539999172, 39.5051149996576], [28.1619999999001, 39.5982440000606]]}, "properties": {"OBJECTID": 2041, "catalog_id": "ME_TRCS232", "catalog_na": "EMME", "name": " ", "slip_type": "Dextral-Normal", "Shape__Length": 0.998658302967591}}, {"type": "Feature", "id": 7700, "geometry": {"type": "LineString", "coordinates": [[27.6103020000373, 38.5058880004309], [27.5935419996636, 38.5183699995759], [27.5827989997741, 38.5311879998264], [27.5677580004314, 38.5551389999649], [27.541114000211, 38.5770650002496], [27.5058760002772, 38.598990999635], [27.4788020000124, 38.6101230003762], [27.4594640003634, 38.6141709999917], [27.4478610003849, 38.6134970003863], [27.435828000362, 38.6097860001238], [27.4156309997709, 38.6077620003161], [27.3791029997037, 38.6077620003161], [27.3408560004041, 38.6141709999917], [27.304328000337, 38.6246290002283], [27.2768250000738, 38.6364349996755]]}, "properties": {"OBJECTID": 7700, "catalog_id": "EUR_TRCS905", "catalog_na": "SHARE", "name": " ", "slip_type": "Normal", "Shape__Length": 0.37868961980671717}}, {"type": "Feature", "id": 7549, "geometry": {"type": "LineString", "coordinates": [[29.8495679996635, 38.7135340000941], [29.7608569997508, 38.6510740002649], [29.7353630004022, 38.5571330001878], [29.7172349998954, 38.4621600001839], [29.7563559999295, 38.3711559997496]]}, "properties": {"OBJECTID": 7549, "catalog_id": "EUR_TRCS277", "catalog_na": "SHARE", "name": " ", "slip_type": "Normal", "Shape__Length": 0.4015766846742312}}, {"type": "Feature", "id": 7451, "geometry": {"type": "LineString", "coordinates": [[35.6598700000005, 39.6999510003384], [35.575972999954, 39.6628839996969], [35.4750489998115, 39.6258289996087], [35.4179889998925, 39.5518089999854], [35.3324709997369, 39.4964769997138], [35.2606580002666, 39.4306049999209], [35.1888730002888, 39.3647590004276], [35.1171159998036, 39.2989390003347]]}, "properties": {"OBJECTID": 7451, "catalog_id": "EUR_TRCS178", "catalog_na": "SHARE", "name": " ", "slip_type": "Sinistral", "Shape__Length": 0.6867809736257643}}, {"type": "Feature", "id": 7403, "geometry": {"type": "LineString", "coordinates": [[42.9551000001649, 37.8942000004297], [42.8475310002555, 37.888653000036], [42.7371969996419, 37.8829590000578], [42.6268789997661, 37.8771720002877], [42.5163199995684, 37.8772629999875], [42.4153500000025, 37.9128540000121], [42.3143390003447, 37.948458999783], [42.2132869996954, 37.9840790002457], [42.1121060002918, 38.0195589996482], [42.0108079999893, 38.0549159996737], [41.9094689995947, 38.090288000391], [41.8080890000074, 38.1256739999552], [41.7026320003666, 38.1528009999662], [41.5959229996467, 38.176815000312], [41.4891810001031, 38.2008360000814], [41.3824069999831, 38.2248640001735], [41.2756000001399, 38.2488999997353]]}, "properties": {"OBJECTID": 7403, "catalog_id": "EUR_TRCS130", "catalog_na": "SHARE", "name": " ", "slip_type": "Reverse", "Shape__Length": 1.7363564074584545}}, {"type": "Feature", "id": 1895, "geometry": {"type": "LineString", "coordinates": [[40.5319539996774, 38.8534859995793], [40.5725239999826, 38.8819809997234], [40.613094000288, 38.9104759998676], [40.6481839996919, 38.9431029999036], [40.6832729999491, 38.9757289998935], [40.7282939995685, 38.9999190002617], [40.7733140000411, 39.0241079996845], [40.8010100002114, 39.0608070004428], [40.8287050003356, 39.0975050002556], [40.8643409997374, 39.1242170000146], [40.8999759999925, 39.1509279997275]]}, "properties": {"OBJECTID": 1895, "catalog_id": "ME_TRCS046", "catalog_na": "EMME", "name": " ", "slip_type": "Sinistral", "Shape__Length": 0.47822066185452206}}, {"type": "Feature", "id": 7305, "geometry": {"type": "LineString", "coordinates": [[27.7865800001669, 40.1112400003258], [27.6895749999863, 40.0911110001726], [27.5741619998764, 40.0671630001724], [27.4863560003292, 40.0050969996269], [27.3840850001227, 39.957863999624], [27.2818659996162, 39.9106539997823], [27.163195000349, 39.9014360000714], [27.0472799995724, 39.8799500002924]]}, "properties": {"OBJECTID": 7305, "catalog_id": "EUR_TRCS031", "catalog_na": "SHARE", "name": " ", "slip_type": "Sinistral", "Shape__Length": 0.7866336593902622}}, {"type": "Feature", "id": 7672, "geometry": {"type": "LineString", "coordinates": [[28.5436799996323, 37.1315470002939], [28.4729499997428, 37.1755400001709], [28.4021939995535, 37.2195489998865]]}, "properties": {"OBJECTID": 7672, "catalog_id": "EUR_TRCS414", "catalog_na": "SHARE", "name": " ", "slip_type": "Dextral-Normal", "Shape__Length": 0.1666212475965386}}, {"type": "Feature", "id": 7411, "geometry": {"type": "LineString", "coordinates": [[33.1956189997171, 39.2700819996846], [33.2522099995919, 39.2263160003832], [33.3346469997593, 39.1625630002823], [33.4170449999269, 39.098837999674], [33.4464849995831, 39.0115269995714], [33.5378369998777, 38.9558159998086], [33.6056799997323, 38.882604999721], [33.6243510000986, 38.7935290000634], [33.688880000012, 38.7186019999824], [33.7533879998564, 38.6437000001549], [33.8178759996777, 38.5688219996356], [33.8856289998785, 38.4957650003545], [33.9611040000496, 38.4275470002939], [34.0365479996905, 38.3593559996797], [34.1082139995765, 38.2887520002047], [34.1774299997947, 38.2166960003202], [34.2466199997133, 38.1446659998361], [34.3157850002776, 38.0726619996516], [34.3776739998552, 37.9967029996438], [34.4764180001906, 37.9510190000269], [34.5758699999006, 37.9063840002215], [34.6551560004491, 37.8413510004484], [34.7573889998026, 37.8010479998654], [34.87156100024, 37.7983300004292], [34.98265199979, 37.8193660001409]]}, "properties": {"OBJECTID": 7411, "catalog_id": "EUR_TRCS138", "catalog_na": "SHARE", "name": " ", "slip_type": "Sinistral", "Shape__Length": 2.425237631862227}}, {"type": "Feature", "id": 2170, "geometry": {"type": "LineString", "coordinates": [[34.678261000245, 38.7701740004298], [34.5792039998648, 38.8186700002204], [34.4801000000151, 38.8671900002184], [34.3728749997815, 38.9038770004233], [34.2776960001704, 38.9570760003572], [34.1750479996655, 39.0011799999571], [34.072350999599, 39.04530399958], [33.9706620001513, 39.0909039998198], [33.8747609996205, 39.1435919995712], [33.7809890001423, 39.1986139999362], [33.6871700002953, 39.2536629997477], [33.5933050001257, 39.3087399999511], [33.4993920004405, 39.3638429995548], [33.4251650002646, 39.4073969998717]]}, "properties": {"OBJECTID": 2170, "catalog_id": "ME_TRCS437", "catalog_na": "EMME", "name": " ", "slip_type": "Dextral", "Shape__Length": 1.4086402623018552}}, {"type": "Feature", "id": 2027, "geometry": {"type": "LineString", "coordinates": [[29.4798080001391, 38.9212460001029], [29.521237999634, 38.8904130000599], [29.5626680000282, 38.859580000017], [29.612351999745, 38.8373799996873], [29.6620360003612, 38.8151790002107], [29.7160720002227, 38.8008749997815], [29.7701080000842, 38.7865710002515]]}, "properties": {"OBJECTID": 2027, "catalog_id": "ME_TRCS207", "catalog_na": "EMME", "name": " ", "slip_type": "Dextral-Normal", "Shape__Length": 0.3239194487873548}}, {"type": "Feature", "id": 2193, "geometry": {"type": "LineString", "coordinates": [[43.3387560001893, 41.6909300003193], [43.217261000195, 41.6762359998916], [43.1156800003318, 41.6581139996614], [42.9930389996501, 41.6234079999793], [42.8843300002294, 41.595873000039], [42.8571929997572, 41.5811619997265], [42.8324239996679, 41.5677340001241]]}, "properties": {"OBJECTID": 2193, "catalog_id": "ME_G22s3s1", "catalog_na": "EMME", "name": " ", "slip_type": "Sinistral", "Shape__Length": 0.5242069372327602}}, {"type": "Feature", "id": 7388, "geometry": {"type": "LineString", "coordinates": [[41.0843500002524, 40.1232799997723], [40.9894059997871, 40.0720679997385], [40.8922859996992, 40.019014000196], [40.7947059999819, 39.9665340001441], [40.6971749998264, 39.9140819995847], [40.5979560000694, 39.8636159997786], [40.5067940004428, 39.8049420000733], [40.3891600004337, 39.818259999999]]}, "properties": {"OBJECTID": 7388, "catalog_id": "EUR_TRCS115", "catalog_na": "SHARE", "name": " ", "slip_type": "Sinistral", "Shape__Length": 0.7781925347666512}}, {"type": "Feature", "id": 2242, "geometry": {"type": "LineString", "coordinates": [[41.6911850003875, 42.8358029999086], [41.6246190000668, 42.8911499999726], [41.5629950001192, 42.9126989999589], [41.2459980002076, 43.0769379997889], [41.203894000208, 43.0872389999799], [41.1243480002601, 43.1091199999881], [41.0140339996694, 43.112340000091], [40.9676320002167, 43.1142190004066], [40.9285270000211, 43.1023099998067], [40.8955690000094, 43.0941149996076], [40.841697999663, 43.0886599998591], [40.8062930001219, 43.0932110001876], [40.7625249998289, 43.1032869998952], [40.5602319997071, 43.0885290001133]]}, "properties": {"OBJECTID": 2242, "catalog_id": "ME_G13s1s1", "catalog_na": "EMME", "name": " ", "slip_type": "Reverse", "Shape__Length": 1.2039437298843325}}, {"type": "Feature", "id": 2050, "geometry": {"type": "LineString", "coordinates": [[32.4949190003117, 40.3827299997897], [32.4375749998864, 40.3857179999858], [32.3802310003604, 40.3887060001818], [32.3228809996585, 40.3916940003779], [32.2655309998558, 40.3946809996285]]}, "properties": {"OBJECTID": 2050, "catalog_id": "ME_TRCS241", "catalog_na": "EMME", "name": " ", "slip_type": "Sinistral-Normal", "Shape__Length": 0.22969911004380666}}, {"type": "Feature", "id": 7460, "geometry": {"type": "LineString", "coordinates": [[37.0654550002481, 39.8275300003093], [37.141951999885, 39.8535830002553], [37.2488149996126, 39.8899779995851], [37.359604999671, 39.918744999682], [37.4765739995905, 39.9205389996752], [37.5926159999285, 39.9320089998155], [37.7094439996409, 39.9270220000653], [37.8224829999905, 39.9039130000849], [37.9391719995882, 39.8978019997625], [38.0534969998867, 39.8789390004346], [38.1677929997472, 39.8600810004378]]}, "properties": {"OBJECTID": 7460, "catalog_id": "EUR_TRCS187", "catalog_na": "SHARE", "name": " ", "slip_type": "Sinistral-Reverse", "Shape__Length": 1.1226287343946821}}, {"type": "Feature", "id": 2219, "geometry": {"type": "LineString", "coordinates": [[42.3201490002762, 41.9570179997809], [42.2920230000615, 41.9594430000944], [42.2342070003529, 41.9556590000628], [42.1878260000699, 41.9477230001164], [42.1730630000575, 41.9412320002567], [42.0960780003995, 41.9134289996487], [41.9736460003627, 41.861294000218], [41.8451810000032, 41.8353469997643], [41.719168000303, 41.8044349996755]]}, "properties": {"OBJECTID": 2219, "catalog_id": "ME_G20s2s2", "catalog_na": "EMME", "name": " ", "slip_type": "Sinistral", "Shape__Length": 0.6250820987111565}}, {"type": "Feature", "id": 1864, "geometry": {"type": "LineString", "coordinates": [[34.0937370001625, 39.9272790002257], [34.1950290001882, 39.9716759998475], [34.2963709998218, 40.0160949995846], [34.3977629999625, 40.0605350002901], [34.499204999711, 40.1049970002114], [34.6006969999666, 40.149481000248], [34.7022389998301, 40.1939870003998], [34.8090299998346, 40.2307319996821], [34.917194000203, 40.2651569998957], [35.0254050000408, 40.2995969999017], [35.1336630002473, 40.3340519997001], [35.2419689999694, 40.3685210001441], [35.3503220000603, 40.4030060004266], [35.4587219996206, 40.4375059996023], [35.567169000449, 40.4720210003689], [35.6756639998937, 40.5065510000287], [35.8083570000755, 40.5504999996753], [35.9524810003979, 40.5745410003669], [36.1604709997369, 40.571980000077], [36.3495189997021, 40.5517729999241]]}, "properties": {"OBJECTID": 1864, "catalog_id": "ME_TRCS004", "catalog_na": "EMME", "name": " ", "slip_type": "Dextral", "Shape__Length": 2.37081618404314}}, {"type": "Feature", "id": 7337, "geometry": {"type": "LineString", "coordinates": [[36.4199839999617, 36.5974399995564], [36.367871999793, 36.5509559999195], [36.2950539998423, 36.4860030002383], [36.2635080001941, 36.4023400001909], [36.1924030000984, 36.3362690002143], [36.1213240003024, 36.2702210003989], [36.0502699998606, 36.2041969998917], [35.9792419997186, 36.1381969995919], [35.9082399998762, 36.0722210003989]]}, "properties": {"OBJECTID": 7337, "catalog_id": "EUR_TRCS064", "catalog_na": "SHARE", "name": " ", "slip_type": "Sinistral-Normal", "Shape__Length": 0.7417895472553767}}, {"type": "Feature", "id": 1835, "geometry": {"type": "LineString", "coordinates": [[32.3842749997914, 34.8193590004176], [32.4493109997029, 34.7449010003809], [32.5263639997988, 34.6811159997036], [32.5993929995873, 34.64289099962], [32.6954229997717, 34.6004429999446], [32.7711049995961, 34.560091999846], [32.8465369995829, 34.5240010001461], [32.9461779999148, 34.4604260001598], [33.0838179998009, 34.4008330003427], [33.2218269996164, 34.3755010003709], [33.3394869999252, 34.3522649999298], [33.4461619999764, 34.3439250002386], [33.5688789996661, 34.3206970001665], [33.6962770002834, 34.3038700003003], [33.8268269996664, 34.276395000429]]}, "properties": {"OBJECTID": 1835, "catalog_id": "ME_GRCS697", "catalog_na": "EMME", "name": " ", "slip_type": "Dextral-Reverse", "Shape__Length": 1.5779401282695}}, {"type": "Feature", "id": 2001, "geometry": {"type": "LineString", "coordinates": [[35.7624199995834, 38.9867029996438], [35.6645479998903, 38.9330419999883], [35.566724999759, 38.8794079997794], [35.4689510000886, 38.8258009999163], [35.37122599998, 38.7722210003989], [35.2735490002862, 38.718668000328], [35.1851120004185, 38.6561689995997], [35.1219980001077, 38.5771759999725], [35.0589049998659, 38.4982069996533], [35.0755280002171, 38.4060000003997], [35.0992010001261, 38.3147510003585], [35.1186060001668, 38.2228869998352], [35.1288640001735, 38.1301149997075], [35.1382860002987, 38.0449050002656]]}, "properties": {"OBJECTID": 2001, "catalog_id": "ME_TRCS179", "catalog_na": "EMME", "name": " ", "slip_type": "Sinistral", "Shape__Length": 1.3289300542924591}}, {"type": "Feature", "id": 2007, "geometry": {"type": "LineString", "coordinates": [[37.1353559996797, 39.8517429999396], [37.0767820000893, 39.832511999829], [37.0283359999065, 39.8119290003232], [36.9821149998074, 39.7879770001385], [36.9358929996623, 39.7640249999538], [36.8868849996431, 39.7436520002396], [36.8378759995778, 39.7232799996723], [36.7838409997624, 39.7129190003117], [36.7298049999009, 39.7025580000517], [36.6763449996221, 39.6906090003052], [36.6228850002426, 39.6786599996593], [36.5760070004228, 39.6555850003475], [36.5291279996575, 39.6325090000904], [36.4830479997654, 39.6085319996521], [36.4369679998733, 39.5845560001594], [36.4140169999846, 39.5455459998481], [36.3646450002666, 39.5119710001616], [36.3026480002051, 39.4761500003223]]}, "properties": {"OBJECTID": 2007, "catalog_id": "ME_TRCS185", "catalog_na": "EMME", "name": " ", "slip_type": "Dextral", "Shape__Length": 0.9291095385430834}}, {"type": "Feature", "id": 14101, "geometry": {"type": "LineString", "coordinates": [[24.5929999995504, 34.34], [24.6037069995784, 34.3390530003957], [24.6144139996064, 34.338105999892], [24.6251199995884, 34.3371570001955], [24.6358259995703, 34.3362079995995], [24.6465319995522, 34.3352579998569], [24.6572380004334, 34.3343060000219], [24.6679430003692, 34.333354000187], [24.6786490003511, 34.332401000306], [24.6893530002408, 34.3314470003788], [24.7000580001766, 34.3304920004056], [24.7107630001124, 34.3295360003862], [24.7214670000021, 34.3285790003206], [24.7321709998918, 34.327621000209], [24.7428749997815, 34.3266620000513], [24.753577999625, 34.3257029998936], [24.764282000414, 34.3247419996436], [24.7749850002576, 34.3237800002469], [24.7856870000551, 34.3228179999508], [24.7963899998986, 34.3218539995625], [24.8070919996961, 34.3208900000735], [24.8177940003928, 34.3199249996391], [24.8284960001903, 34.3189590000579], [24.8391979999877, 34.3179910003844], [24.8498989997391, 34.3170229998116], [24.8606000003898, 34.3160540000921], [24.8713010001411, 34.3150840003264], [24.8820009998463, 34.3141129996153], [24.8927019995976, 34.3131409997574], [24.9034020002022, 34.3121689998995], [24.9141019999074, 34.3111949999494], [24.9248009995665, 34.3102199999531], [24.9355010001711, 34.3092449999568], [24.9461999998302, 34.3082679998683], [24.9568990003886, 34.3072909997799], [24.9675970000016, 34.3063119995991], [24.9782949996146, 34.3053330003178], [24.988994000173, 34.3043530000909], [24.9996909997399, 34.3033709997719], [25.0103890002522, 34.3023890003522], [25.0210859998191, 34.301405999987], [25.0317830002853, 34.3004219995757], [25.0424799998522, 34.2994370000176], [25.0531770003184, 34.2984510004134], [25.0638729998391, 34.2974639998637], [25.0745690002592, 34.2964770002134], [25.08526499978, 34.2954879995715], [25.0959610002001, 34.2944979997829], [25.1066559996747, 34.2935079999942], [25.1173510000486, 34.2925160001134], [25.1280460004226, 34.2915240002325], [25.1387409998973, 34.2905310003055], [25.1494350002251, 34.2895360002863], [25.1601289996536, 34.288541000267], [25.1708229999815, 34.2875450002016], [25.1815170003094, 34.2865480000902], [25.1922099996918, 34.2855499999326], [25.2029029999735, 34.2845509997289], [25.2135960002553, 34.2835510003784], [25.2242879995916, 34.2825500000825], [25.2349809998733, 34.2815479997404], [25.2456730001089, 34.2805460002977], [25.2563650003445, 34.2795419998635], [25.2670559996347, 34.2785380003285], [25.2777479998704, 34.277531999802], [25.2884390000598, 34.2765260001748], [25.2991290002033, 34.2755179995561], [25.3098200003927, 34.2745099998367], [25.3205099996368, 34.2735010000711], [25.3311999997802, 34.2724910002595], [25.3418899999236, 34.2714800004018], [25.352580000067, 34.2704679995986], [25.3632690001643, 34.2694549996486], [25.3739580002616, 34.2684409996525], [25.3846470003588, 34.2674259996102], [25.39533500041, 34.2664100004212], [25.4060229995619, 34.2653940003329], [25.416710999613, 34.2643760001523], [25.4273989996641, 34.2633569999256], [25.4380869997153, 34.262337999699], [25.4487739997203, 34.2613180003255], [25.4594609997254, 34.2602959999605], [25.4701469996843, 34.2592739995955], [25.4808339996894, 34.2582510000836], [25.4915199996483, 34.2572269996264], [25.5022059996073, 34.2562020000223], [25.5128919995662, 34.2551760003722], [25.5235770003783, 34.2541489997766], [25.5342620002911, 34.2531210000342], [25.5449470002039, 34.2520920002457], [25.5556320001168, 34.251062000411], [25.5663159999835, 34.2500319996771], [25.5769999998502, 34.2489999997503]]}, "properties": {"OBJECTID": 14101, "catalog_id": "PB_5447.0", "catalog_na": "Bird 2003", "name": " ", "slip_type": "Subduction_Thrust", "Shape__Length": 0.9882016107346328}}, {"type": "Feature", "id": 7486, "geometry": {"type": "LineString", "coordinates": [[31.3284529996063, 38.6470010003959], [31.3879129995853, 38.717392999987], [31.4381189999919, 38.7934469998792], [31.461093000042, 38.8770950001342], [31.484067000092, 38.9607479997205]]}, "properties": {"OBJECTID": 7486, "catalog_id": "EUR_TRCS213", "catalog_na": "SHARE", "name": " ", "slip_type": "Normal", "Shape__Length": 0.35677096016687193}}, {"type": "Feature", "id": 1978, "geometry": {"type": "LineString", "coordinates": [[40.3283599998142, 39.0636710003164], [40.3777969998317, 39.0513410000871], [40.4263529996912, 39.0383239996529], [40.465165999911, 39.0176860003087], [40.5039770000386, 38.9922589995533], [40.5418560003542, 38.9645689996597], [40.5903029996837, 38.9382510000837]]}, "properties": {"OBJECTID": 1978, "catalog_id": "ME_TRCS146", "catalog_na": "EMME", "name": " ", "slip_type": "Dextral", "Shape__Length": 0.2936339511417503}}, {"type": "Feature", "id": 1984, "geometry": {"type": "LineString", "coordinates": [[40.1814099995719, 39.0770549996885], [40.2213489995567, 39.0804770001135], [40.2612870003948, 39.0838989996392], [40.3012260003796, 39.0873210000642], [40.3370670002419, 39.1014430001944], [40.3729090001503, 39.1155650003246], [40.4087500000126, 39.1296869995554], [40.4536240000476, 39.1478899999236], [40.4984970000366, 39.1660920002457]]}, "properties": {"OBJECTID": 1984, "catalog_id": "ME_TRCS156", "catalog_na": "EMME", "name": " ", "slip_type": "Sinistral-Reverse", "Shape__Length": 0.33267402445396427}}, {"type": "Feature", "id": 7437, "geometry": {"type": "LineString", "coordinates": [[38.3830139997963, 39.4777159996937], [38.4265189996522, 39.4309020001273], [38.4094870002249, 39.3487450002816], [38.4175010001711, 39.2657719996781], [38.400665999936, 39.1835939997633], [38.3687870002199, 39.1041479999303], [38.3287039998897, 39.0269809999732]]}, "properties": {"OBJECTID": 7437, "catalog_id": "EUR_TRCS164", "catalog_na": "SHARE", "name": " ", "slip_type": "Sinistral", "Shape__Length": 0.48761535921993415}}, {"type": "Feature", "id": 2150, "geometry": {"type": "LineString", "coordinates": [[41.6632200004028, 41.8060100003613], [41.5737620002162, 41.747997999708], [41.4843500003523, 41.6900169995849], [41.3949839999117, 41.6320649998999], [41.3056639997938, 41.5741429997997], [41.2163899999986, 41.5162510001836], [41.1271619996267, 41.4583890001523], [41.0379799995774, 41.4005559996597], [40.9488429998046, 41.3427529996513], [40.8597520003546, 41.2849790000809], [40.7707060002817, 41.2272350000952], [40.6816899997937, 41.1695100000865]]}, "properties": {"OBJECTID": 2150, "catalog_id": "ME_TRCS408", "catalog_na": "EMME", "name": " ", "slip_type": "Reverse", "Shape__Length": 1.169843319619209}}, {"type": "Feature", "id": 2127, "geometry": {"type": "LineString", "coordinates": [[26.638095000384, 38.3523539996374], [26.6310209997194, 38.3201270000611], [26.623945999908, 38.2879009996315], [26.6259149998774, 38.2552369996878], [26.6278839998467, 38.2225729997442], [26.6298529998161, 38.1899089998005], [26.6254750002711, 38.1576260003397], [26.6210979998729, 38.1253429999795], [26.6167200003278, 38.0930599996194]]}, "properties": {"OBJECTID": 2127, "catalog_id": "ME_TRCS368", "catalog_na": "EMME", "name": " ", "slip_type": "Dextral", "Shape__Length": 0.2618930087749839}}, {"type": "Feature", "id": 1884, "geometry": {"type": "LineString", "coordinates": [[27.7901589997381, 40.115417999641], [27.8202719998529, 40.1110460003727], [27.8757430002393, 40.1029910003344], [27.9312020000723, 40.0949390004346], [27.9866609999053, 40.0868859995892], [28.0422919995762, 40.0796179998708], [28.0979230001464, 40.0723500001524], [28.1530980003725, 40.0633149998874], [28.2082729996992, 40.0542799996223], [28.263434000179, 40.0452470003489], [28.3185949997595, 40.036214000176], [28.3735980001476, 40.0272070003029], [28.4285999995903, 40.0182000004297]]}, "properties": {"OBJECTID": 1884, "catalog_id": "ME_TRCS030", "catalog_na": "EMME", "name": " ", "slip_type": "Normal", "Shape__Length": 0.645851468528486}}, {"type": "Feature", "id": 7294, "geometry": {"type": "LineString", "coordinates": [[26.1241589999379, 40.4661919995612], [26.0298380003235, 40.4246809999283], [25.9328120000738, 40.3819800002768], [25.8590479996655, 40.3177780001546], [25.8005560002592, 40.2450410003419]]}, "properties": {"OBJECTID": 7294, "catalog_id": "EUR_TRCS018", "catalog_na": "SHARE", "name": " ", "slip_type": "Dextral-Normal", "Shape__Length": 0.4001869437733868}}, {"type": "Feature", "id": 1958, "geometry": {"type": "LineString", "coordinates": [[41.8364710003365, 40.994042000438], [41.8038010001161, 40.9634970001865], [41.7711299998497, 40.9329519999349], [41.7384710001366, 40.9024180001906], [41.7058120004235, 40.8718840004463], [41.6731640003184, 40.8413600002639], [41.6405160002133, 40.8108360000814]]}, "properties": {"OBJECTID": 1958, "catalog_id": "ME_TRCS121", "catalog_na": "EMME", "name": " ", "slip_type": "Sinistral", "Shape__Length": 0.2682588314327438}}, {"type": "Feature", "id": 7368, "geometry": {"type": "LineString", "coordinates": [[44.0840700002304, 39.739604999771], [44.0150970004263, 39.7923929996373], [43.9461000004147, 39.8452000003797]]}, "properties": {"OBJECTID": 7368, "catalog_id": "EUR_TRCS095", "catalog_na": "SHARE", "name": " ", "slip_type": "Dextral", "Shape__Length": 0.173741258781422}}, {"type": "Feature", "id": 1907, "geometry": {"type": "LineString", "coordinates": [[35.9082399998762, 36.0722210003989], [35.943741000247, 36.1052089999954], [35.9792419997186, 36.1381969995919], [36.0147559997896, 36.1711969997418], [36.0502699998606, 36.2041969998917], [36.0857969996319, 36.2372089996956], [36.1213240003024, 36.2702210003989], [36.1568639997738, 36.3032449998569], [36.1924030000984, 36.3362690002143], [36.2279560001693, 36.3693050002256], [36.2635080001941, 36.4023400001909], [36.2792810000182, 36.4441710001915], [36.2950539998423, 36.4860030002383], [36.3314629998176, 36.5184799996523], [36.367871999793, 36.5509559999195]]}, "properties": {"OBJECTID": 1907, "catalog_id": "ME_TRCS064", "catalog_na": "EMME", "name": " ", "slip_type": "Sinistral-Normal", "Shape__Length": 0.6719581590191875}}, {"type": "Feature", "id": 1858, "geometry": {"type": "LineString", "coordinates": [[27.3778050001008, 36.8570440003804], [27.3398790003156, 36.8466700004203], [27.3019529996313, 36.836295000414], [27.2640269998462, 36.8259209995545], [27.2123109999528, 36.8123879996065], [27.1743850001677, 36.7934440001405], [27.1399070002079, 36.7663790002907], [27.0968090002352, 36.7454049998409], [27.0537110002625, 36.7244300002444], [27.0278520002697, 36.7027780000047], [27.0019930002768, 36.6811269998112], [26.9821679997534, 36.6608289999584], [26.9623430001294, 36.6405310001056]]}, "properties": {"OBJECTID": 1858, "catalog_id": "ME_GRCS965", "catalog_na": "EMME", "name": " ", "slip_type": "Normal", "Shape__Length": 0.4777024705233738}}, {"type": "Feature", "id": 7317, "geometry": {"type": "LineString", "coordinates": [[29.2394429997947, 40.1778229996318], [29.3508579998968, 40.1595040002095], [29.4622370001375, 40.1411910001646], [29.5735869999401, 40.1228830003502]]}, "properties": {"OBJECTID": 7317, "catalog_id": "EUR_TRCS044", "catalog_na": "SHARE", "name": " ", "slip_type": "Dextral", "Shape__Length": 0.33863050121689786}}, {"type": "Feature", "id": 6653, "geometry": {"type": "LineString", "coordinates": [[26.849345999918, 42.7335610001401], [26.8992839996569, 42.7345600003438], [26.9492230003412, 42.7355589996482], [26.9991610000802, 42.7365579998519], [27.0457089999704, 42.7372579997569], [27.0922559998146, 42.7379569996159], [27.1401129998151, 42.7395049999558], [27.1879689997696, 42.7410520002497], [27.2290140003959, 42.7425500000825], [27.2700600001689, 42.7440469998692], [27.3182900002834, 42.7410510002035], [27.3665200003978, 42.7380549996386]]}, "properties": {"OBJECTID": 6653, "catalog_id": "EUR_BGCS012", "catalog_na": "SHARE", "name": " ", "slip_type": "Normal", "Shape__Length": 0.5175050588917716}}, {"type": "Feature", "id": 2176, "geometry": {"type": "LineString", "coordinates": [[27.146614000136, 37.6203970004213], [27.1775559998096, 37.6224210002291], [27.2067780002046, 37.6244450000368], [27.2359999997003, 37.6345649999748], [27.2660820001842, 37.6467089997206], [27.3056179995711, 37.6588530003658], [27.3408560004041, 37.6723460002677], [27.3554669997023, 37.687188000326], [27.380391999791, 37.7074280002021], [27.398441000252, 37.7384629996678], [27.4035979997479, 37.753304999726], [27.4113330003178, 37.7607260002048], [27.4336800002319, 37.7721960003452], [27.4560260000999, 37.7789420002732], [27.4732159996187, 37.7944589999829], [27.4878269998163, 37.8207710001815], [27.5041570001455, 37.8315659997711], [27.5196270003858, 37.8389870002499]]}, "properties": {"OBJECTID": 2176, "catalog_id": "ME_TRCS912", "catalog_na": "EMME", "name": " ", "slip_type": "Dextral-Normal", "Shape__Length": 0.4564742594248571}}, {"type": "Feature", "id": 7417, "geometry": {"type": "LineString", "coordinates": [[40.1025649995751, 38.9902559998146], [40.1489809996734, 38.9268640001735], [40.2267539996974, 38.8853440001255]]}, "properties": {"OBJECTID": 7417, "catalog_id": "EUR_TRCS144", "catalog_na": "SHARE", "name": " ", "slip_type": "Dextral", "Shape__Length": 0.1667304485270702}}, {"type": "Feature", "id": 7666, "geometry": {"type": "LineString", "coordinates": [[40.6816899997937, 41.1695100000865], [40.7707060002817, 41.2272350000952], [40.8597520003546, 41.2849790000809], [40.9488429998046, 41.3427529996513], [41.0379799995774, 41.4005559996597], [41.1271619996267, 41.4583890001523], [41.2163899999986, 41.5162510001836], [41.3056639997938, 41.5741429997997], [41.3949839999117, 41.6320649998999], [41.4843500003523, 41.6900169995849], [41.5737620002162, 41.747997999708], [41.6632200004028, 41.8060100003613]]}, "properties": {"OBJECTID": 7666, "catalog_id": "EUR_TRCS408", "catalog_na": "SHARE", "name": " ", "slip_type": "Reverse", "Shape__Length": 1.169843319619209}}, {"type": "Feature", "id": 1927, "geometry": {"type": "LineString", "coordinates": [[41.8899790001308, 40.3709970001115], [41.8485079996445, 40.3488270002659], [41.8070380001037, 40.3266570004203], [41.7655850004475, 40.3044970001365], [41.7241319998919, 40.2823369998527]]}, "properties": {"OBJECTID": 1927, "catalog_id": "ME_TRCS087", "catalog_na": "EMME", "name": " ", "slip_type": "Sinistral", "Shape__Length": 0.18805803129845733}}, {"type": "Feature", "id": 1915, "geometry": {"type": "LineString", "coordinates": [[41.8572000002798, 39.9352000003798], [41.9142770000835, 39.9500540000921], [41.9713529998411, 39.9649079998044], [42.02845199976, 39.9797689998395], [42.0855499996328, 39.9946289998285], [42.142670999667, 40.0094950000942], [42.1997919997011, 40.0243600003138], [42.2569349998504, 40.0392319999569], [42.3140779999998, 40.0541029995538], [42.3712440003104, 40.0689800003268], [42.4284089996756, 40.0838580002466], [42.4855970001015, 40.098742000443], [42.5427849996281, 40.113624999694], [42.5999960002153, 40.1285140001211], [42.6572059998571, 40.1434029996487], [42.7144530003058, 40.1583019996376], [42.7716999998552, 40.1731999995804]]}, "properties": {"OBJECTID": 1915, "catalog_id": "ME_TRCS075", "catalog_na": "EMME", "name": " ", "slip_type": "Sinistral", "Shape__Length": 0.9449625648172778}}, {"type": "Feature", "id": 2070, "geometry": {"type": "LineString", "coordinates": [[29.2699500000925, 37.6282890001373], [29.2800809996385, 37.5873269997413], [29.2902110000377, 37.5463650002446], [29.2920100002614, 37.5046480001052], [29.2938089995857, 37.4629299999196], [29.3294870000251, 37.437832999993], [29.3651640004184, 37.4127350000203]]}, "properties": {"OBJECTID": 2070, "catalog_id": "ME_TRCS269", "catalog_na": "EMME", "name": " ", "slip_type": "Normal", "Shape__Length": 0.2551462519248252}}, {"type": "Feature", "id": 7523, "geometry": {"type": "LineString", "coordinates": [[33.192760000074, 39.1991700003953], [33.2528050000508, 39.1325850000977], [33.3228420003581, 39.0720000003997]]}, "properties": {"OBJECTID": 7523, "catalog_id": "EUR_TRCS251", "catalog_na": "SHARE", "name": " ", "slip_type": "Dextral", "Shape__Length": 0.18226547438776264}}, {"type": "Feature", "id": 2021, "geometry": {"type": "LineString", "coordinates": [[30.3034469995794, 39.8602409997224], [30.249471999833, 39.8697049999858], [30.1954960000404, 39.8791680002031], [30.1415069996484, 39.8886339996594], [30.0875170001095, 39.8981010000612], [30.0335099997867, 39.9075699996558], [29.9795020003171, 39.9170390001498]]}, "properties": {"OBJECTID": 2021, "catalog_id": "ME_TRCS200", "catalog_na": "EMME", "name": " ", "slip_type": "Dextral-Normal", "Shape__Length": 0.3288865692128188}}, {"type": "Feature", "id": 7629, "geometry": {"type": "LineString", "coordinates": [[27.4510299999346, 38.3734320003866], [27.3817510004084, 38.3270989996192], [27.2883829997756, 38.2974809998483], [27.1896000003398, 38.2822299998147]]}, "properties": {"OBJECTID": 7629, "catalog_id": "EUR_TRCS364", "catalog_na": "SHARE", "name": " ", "slip_type": "Dextral-Normal", "Shape__Length": 0.28125108356378525}}, {"type": "Feature", "id": 7617, "geometry": {"type": "LineString", "coordinates": [[27.1921629998226, 37.9961939995535], [27.3104100002214, 37.9895800003168]]}, "properties": {"OBJECTID": 7617, "catalog_id": "EUR_TRCS352", "catalog_na": "SHARE", "name": " ", "slip_type": "Normal", "Shape__Length": 0.11843182886878564}}, {"type": "Feature", "id": 1964, "geometry": {"type": "LineString", "coordinates": [[37.7804569999906, 37.6117910001546], [37.837307000118, 37.5964880004209], [37.8941560001993, 37.581184999788], [37.9509840002115, 37.565888000331], [38.0078120002237, 37.5505899999286], [38.0646200002129, 37.5352979998029], [38.121427000156, 37.5200059996772], [38.1782140000761, 37.5047199998282], [38.2349999999501, 37.4894339999792], [38.2901010003609, 37.4707069997283], [38.3452009998263, 37.4519800003768], [38.3936039998248, 37.4239530002308], [38.4420069998233, 37.3959250000388], [38.4901719996381, 37.3676799997323], [38.5383360003062, 37.3394350003251], [38.5906059996672, 37.3224870002749], [38.6428759999275, 37.3055380001786]]}, "properties": {"OBJECTID": 1964, "catalog_id": "ME_TRCS128", "catalog_na": "EMME", "name": " ", "slip_type": "Dextral", "Shape__Length": 0.9205484990655046}}, {"type": "Feature", "id": 1878, "geometry": {"type": "LineString", "coordinates": [[27.9569999999501, 40.4103999996603], [28.013157999642, 40.4184710004364], [28.0693150001871, 40.4265420003131], [28.1254859995793, 40.4346150002821], [28.1816559998246, 40.4426880002511], [28.2378399998162, 40.4507630003123], [28.2940229997617, 40.4588380003735], [28.3503059998221, 40.4665580002516], [28.4065889998825, 40.4742770000835], [28.4636309998708, 40.4710990001188], [28.5206729998591, 40.4679210001541], [28.5775809999632, 40.4636199996633], [28.6344880000212, 40.4593190000718], [28.6914390003097, 40.4554159999485], [28.7483899996988, 40.451511999779], [28.8046529997362, 40.4437849995781], [28.8609149997275, 40.4360580002765], [28.9142210000991, 40.4203669997373], [28.9675269995714, 40.4046760000974], [29.0781999996303, 40.3946000003897]]}, "properties": {"OBJECTID": 1878, "catalog_id": "ME_TRCS023", "catalog_na": "EMME", "name": " ", "slip_type": "Dextral", "Shape__Length": 1.1325224382343506}}, {"type": "Feature", "id": 7288, "geometry": {"type": "LineString", "coordinates": [[31.4871290001033, 40.7325000001749], [31.4086550001282, 40.7557799999471], [31.2937589995782, 40.7750160002882], [31.1760909997998, 40.7733770002484], [31.0612570003104, 40.7539429997697], [30.9436109997479, 40.7546000003898]]}, "properties": {"OBJECTID": 7288, "catalog_id": "EUR_TRCS010", "catalog_na": "SHARE", "name": " ", "slip_type": "Dextral-Normal", "Shape__Length": 0.550143533010996}}, {"type": "Feature", "id": 2356, "geometry": {"type": "LineString", "coordinates": [[36.3517510001086, 35.2909980000577], [36.3375459997482, 34.9777860002238], [36.3395690004091, 34.8974469996793], [36.3287359999665, 34.7654189995872], [36.3281000003148, 34.6700999998152]]}, "properties": {"OBJECTID": 2356, "catalog_id": "ME_SY1s3s1", "catalog_na": "EMME", "name": " ", "slip_type": "Sinistral", "Shape__Length": 0.6216912228188651}}, {"type": "Feature", "id": 7680, "geometry": {"type": "LineString", "coordinates": [[30.1963849996681, 38.0495759998326], [30.1345150000673, 38.116818999897], [30.0659639999387, 38.1805740000901], [29.9905279997674, 38.2393750002561]]}, "properties": {"OBJECTID": 7680, "catalog_id": "EUR_TRCS422", "catalog_na": "SHARE", "name": " ", "slip_type": "Normal", "Shape__Length": 0.280637562116634}}, {"type": "Feature", "id": 6647, "geometry": {"type": "LineString", "coordinates": [[25.4370810000881, 41.8694719996331], [25.4888299997048, 41.8546959999205], [25.5405790002208, 41.8399200002079], [25.5933219998105, 41.8207110002126], [25.6460650002996, 41.8015020002172], [25.6857700002853, 41.7834460003327], [25.725474000225, 41.7653900004482], [25.7829290003731, 41.7515390002247], [25.8391949996496, 41.7434719996331], [25.9110910002495, 41.7469289998735], [25.9704809996985, 41.7480809999382], [26.0189330001579, 41.7457769998088], [26.0814509999637, 41.7354039998947], [26.1236509998938, 41.7238799999621], [26.1767909998048, 41.7112029999186]]}, "properties": {"OBJECTID": 6647, "catalog_id": "EUR_BGCS006", "catalog_na": "SHARE", "name": " ", "slip_type": "Normal", "Shape__Length": 0.7647114709098479}}, {"type": "Feature", "id": 6684, "geometry": {"type": "LineString", "coordinates": [[24.5496010000861, 42.7428490003811], [24.6168569998507, 42.7182219996456], [24.6584650003595, 42.7002489999914], [24.7000729999691, 42.6822760003372], [24.7448330001429, 42.6619989996541], [24.7884430003442, 42.645080000042], [24.8328789999659, 42.6328590003426], [24.8680589999229, 42.6233539999872], [24.9124910002595, 42.6124909999597]]}, "properties": {"OBJECTID": 6684, "catalog_id": "EUR_BGCS043", "catalog_na": "SHARE", "name": " ", "slip_type": "Normal", "Shape__Length": 0.3864544774324719}}, {"type": "Feature", "id": 7331, "geometry": {"type": "LineString", "coordinates": [[36.3636999998552, 36.1990000003498], [36.3507770001585, 36.1172490003411], [36.3378349995856, 36.0353740000102], [36.3248929999121, 35.9534999997252], [36.3165330001979, 35.8712380004334], [36.3157999996703, 35.788700000105]]}, "properties": {"OBJECTID": 7331, "catalog_id": "EUR_TRCS058", "catalog_na": "SHARE", "name": " ", "slip_type": "Sinistral-Reverse", "Shape__Length": 0.4137752139083556}}, {"type": "Feature", "id": 7580, "geometry": {"type": "LineString", "coordinates": [[30.4317739998702, 37.8444620000213], [30.3781649999149, 37.788898999889], [30.2851080001341, 37.7288600001889], [30.1835719996481, 37.6782259998301], [30.1131290004031, 37.6013750000562], [30.0203210004139, 37.5413229997567], [29.903480000102, 37.5622170001145]]}, "properties": {"OBJECTID": 7580, "catalog_id": "EUR_TRCS309", "catalog_na": "SHARE", "name": " ", "slip_type": "Normal", "Shape__Length": 0.6349014330432778}}, {"type": "Feature", "id": 2013, "geometry": {"type": "LineString", "coordinates": [[32.169394000133, 39.0098270003159], [32.191334000164, 38.9711550003031], [32.2132730001489, 38.9324820002442], [32.2613979999178, 38.912880000112], [32.3095229996867, 38.8932769999337], [32.3587049996361, 38.8808689997046], [32.4078869995854, 38.8684600003288]]}, "properties": {"OBJECTID": 2013, "catalog_id": "ME_TRCS192", "catalog_na": "EMME", "name": " ", "slip_type": "Dextral-Normal", "Shape__Length": 0.29429942968368333}}, {"type": "Feature", "id": 6939, "geometry": {"type": "LineString", "coordinates": [[24.6846229997517, 34.8833329999181], [24.7431140000111, 34.8787669997973], [24.8016060003167, 34.8742019997226], [24.8530789997961, 34.8769410001271], [24.9045520001747, 34.8796799996323], [24.9513449996721, 34.8842459997531], [24.9981380000687, 34.888811999874], [25.0870450000268, 34.8997689997396], [25.171273000049, 34.9107269996514], [25.2391240002725, 34.9162049995612], [25.3139930003767, 34.9344679999983], [25.3912019995727, 34.9509039998198], [25.4403349999603, 34.9518169996549], [25.489468000348, 34.9527300003892], [25.5350919998959, 34.9572959996107], [25.5807150002971, 34.9618609996854]]}, "properties": {"OBJECTID": 6939, "catalog_id": "EUR_GRCS730", "catalog_na": "SHARE", "name": " ", "slip_type": "Normal", "Shape__Length": 0.9030391973467446}}, {"type": "Feature", "id": 7480, "geometry": {"type": "LineString", "coordinates": [[29.7701080000842, 38.7865710002515], [29.6620360003612, 38.8151790002107], [29.5626680000282, 38.859580000017], [29.4798080001391, 38.9212460001029]]}, "properties": {"OBJECTID": 7480, "catalog_id": "EUR_TRCS207", "catalog_na": "SHARE", "name": " ", "slip_type": "Dextral-Normal", "Shape__Length": 0.32391944878353496}}, {"type": "Feature", "id": 2113, "geometry": {"type": "LineString", "coordinates": [[36.3028620001812, 37.6916900001934], [36.28623899983, 37.6595150003171], [36.2696170004243, 37.6273409995875], [36.2529940000731, 37.5951659997112], [36.245608000309, 37.5636430002243], [36.2382219996456, 37.532118999792], [36.2308359998815, 37.5005960003052]]}, "properties": {"OBJECTID": 2113, "catalog_id": "ME_TRCS340", "catalog_na": "EMME", "name": " ", "slip_type": "Sinistral", "Shape__Length": 0.20577599220256104}}, {"type": "Feature", "id": 7474, "geometry": {"type": "LineString", "coordinates": [[30.0775730001939, 39.8125989997441], [30.2458419997085, 39.8147469998742]]}, "properties": {"OBJECTID": 7474, "catalog_id": "EUR_TRCS201", "catalog_na": "SHARE", "name": " ", "slip_type": "Dextral-Normal", "Shape__Length": 0.16828270886288516}}, {"type": "Feature", "id": 7431, "geometry": {"type": "LineString", "coordinates": [[39.6810999997653, 39.4820800003918], [39.7282500004372, 39.5145500003823]]}, "properties": {"OBJECTID": 7431, "catalog_id": "EUR_TRCS158", "catalog_na": "SHARE", "name": " ", "slip_type": "Sinistral", "Shape__Length": 0.05724878568800885}}, {"type": "Feature", "id": 6933, "geometry": {"type": "LineString", "coordinates": [[24.2905070002979, 35.5985509997289], [24.2532410003719, 35.6073269997413], [24.215975000446, 35.6161029997537], [24.170010999608, 35.6287799997972], [24.1240469996694, 35.6414559997946], [24.0706319996671, 35.6531579998419], [24.0172169996649, 35.664858999843], [23.9749819999194, 35.6733100001564], [23.9327460001278, 35.6817600004237], [23.8905110003824, 35.6902109998378]]}, "properties": {"OBJECTID": 6933, "catalog_id": "EUR_GRCS708", "catalog_na": "SHARE", "name": " ", "slip_type": "Normal", "Shape__Length": 0.4105116133530222}}, {"type": "Feature", "id": 6982, "geometry": {"type": "LineString", "coordinates": [[24.2389709997119, 37.0843439998757], [24.2014820002941, 37.0798850001926], [24.1639919999309, 37.0754269996564], [24.1265029996138, 37.0709679999733], [24.0833339999642, 37.0709679999733], [24.0401640002685, 37.0709679999733], [23.9969949997195, 37.0709679999733]]}, "properties": {"OBJECTID": 6982, "catalog_id": "EUR_GRCS939", "catalog_na": "SHARE", "name": " ", "slip_type": "Normal", "Shape__Length": 0.24276862156804582}}, {"type": "Feature", "id": 14115, "geometry": {"type": "LineString", "coordinates": [[31.7399999998002, 34.6339999997003], [31.7500639998538, 34.6305990002437], [31.7601269998612, 34.6271969998417], [31.7701889998226, 34.6237940002929], [31.7802499997377, 34.6203899997987], [31.7903109996529, 34.6169860002038], [31.8003700003753, 34.6135799996173], [31.8104290001983, 34.6101739999302], [31.8204869999751, 34.606767000197], [31.8305439997059, 34.6033590004176], [31.8406010003359, 34.5999509997389], [31.8506559999745, 34.5965409998673], [31.860710999613, 34.5931309999957], [31.8707650001047, 34.589720000078], [31.880817999651, 34.5863080001142], [31.8908700000505, 34.5828950001042], [31.9009219995507, 34.5794810000482], [31.910971999858, 34.5760669999921], [31.9210220001652, 34.57265199989], [31.9310710004264, 34.5692349996955], [31.9411189997421, 34.5658190004465], [31.9511669999571, 34.562401000206], [31.96121300008, 34.5589819999194], [31.9712590002027, 34.5555629996328], [31.9813040002795, 34.5521420001533], [31.99134800031, 34.5487209997744], [32.0013910002945, 34.5452990002487], [32.0114330002328, 34.5418769998237], [32.0214750001712, 34.5384530002058], [32.0315160000634, 34.5350289996886], [32.0415559999095, 34.5316029999785], [32.0515949997095, 34.5281770002684], [32.0616330003627, 34.5247499996128], [32.0716710001166, 34.5213229998566], [32.0817069997782, 34.5178940000081], [32.0917430003392, 34.5144650001597], [32.1017779999548, 34.5110350002651], [32.1118120004235, 34.5076040003244], [32.121845999993, 34.5041720003376], [32.1318780003695, 34.5007390003047], [32.1419099998467, 34.4973050002257], [32.1519410001771, 34.4938710001466], [32.161970999562, 34.4904360000214], [32.1719999998002, 34.4869999998502]]}, "properties": {"OBJECTID": 14115, "catalog_id": "PB_5461.0", "catalog_na": "Bird 2003", "name": " ", "slip_type": "Subduction_Thrust", "Shape__Length": 0.4563258855718983}}, {"type": "Feature", "id": 7623, "geometry": {"type": "LineString", "coordinates": [[27.1965299997597, 38.0763899997987], [27.1013239998028, 38.1373279995876]]}, "properties": {"OBJECTID": 7623, "catalog_id": "EUR_TRCS358", "catalog_na": "SHARE", "name": " ", "slip_type": "Normal", "Shape__Length": 0.11303814509299458}}, {"type": "Feature", "id": 7380, "geometry": {"type": "LineString", "coordinates": [[43.2987580001816, 38.2938669995625], [43.2303719995682, 38.2874030000485], [43.1207999999201, 38.2770449999268], [43.0112430000644, 38.2666889998975], [42.9019899998387, 38.2788789999659], [42.9210369995579, 38.3642139997763], [42.9364269997063, 38.4500049999309], [42.8590600004188, 38.511947000154], [42.7535019997176, 38.4858679999083], [42.6428600001889, 38.4879739999002], [42.5348499997278, 38.506924999689], [42.4268129998201, 38.5258809997084]]}, "properties": {"OBJECTID": 7380, "catalog_id": "EUR_TRCS107", "catalog_na": "SHARE", "name": " ", "slip_type": "Reverse", "Shape__Length": 1.111172445171274}}, {"type": "Feature", "id": 1970, "geometry": {"type": "LineString", "coordinates": [[41.8539729998541, 38.4933820001792], [41.7756460003627, 38.5018110003774], [41.7459430002693, 38.5103710003215], [41.687767000147, 38.5238440002005], [41.6364030002983, 38.5465699996058], [41.5798349996855, 38.5611649999648], [41.5199560001693, 38.5723250001986], [41.4652809996185, 38.5916160003782], [41.4089019996276, 38.6085940000132], [41.3854459998331, 38.6383960001753], [41.3446770002434, 38.6606290002283], [41.2870690002342, 38.6812539998722], [41.2303150000373, 38.7126050004205], [41.132694000228, 38.7458569996009], [40.9655519996251, 38.84096100025]]}, "properties": {"OBJECTID": 1970, "catalog_id": "ME_TRCS134", "catalog_na": "EMME", "name": " ", "slip_type": "Dextral", "Shape__Length": 0.9675856316157728}}, {"type": "Feature", "id": 2213, "geometry": {"type": "LineString", "coordinates": [[44.7418909998698, 41.9816590002627], [44.7788259998201, 41.9786750002511], [44.8404220002752, 41.9558180002006], [44.8753349996106, 41.9283099997068], [44.9307090000204, 41.8977450003316], [45.1498439998008, 41.8655250001786], [45.227568000263, 41.8409079999043], [45.2948749996816, 41.7887130004047], [45.3376550002781, 41.7564520001598], [45.3845889999824, 41.7425280001671], [45.4682580003065, 41.7253809999332], [45.531380000087, 41.6990849995731], [45.5739960003152, 41.6682670002219], [45.5900889996077, 41.6421639997689], [45.6181729996842, 41.5915040000096], [45.6504869996754, 41.5607120000588]]}, "properties": {"OBJECTID": 2213, "catalog_id": "ME_G18s2s1", "catalog_na": "EMME", "name": " ", "slip_type": "Reverse", "Shape__Length": 1.0407876545939811}}, {"type": "Feature", "id": 2362, "geometry": {"type": "LineString", "coordinates": [[37.2165969995519, 34.4099750001462], [37.1342259997302, 34.3317360002163], [37.1169689998196, 34.3030019998425], [37.0008830001504, 34.0955700001554], [36.9634990001788, 34.0612710003564], [36.916278999876, 34.0433040000796], [36.8537199999781, 33.9936429996248], [36.7937639996089, 33.9146140001361], [36.4181960002452, 33.6141000004147], [36.3255250002786, 33.6017890001623]]}, "properties": {"OBJECTID": 2362, "catalog_id": "ME_SY2s2", "catalog_na": "EMME", "name": " ", "slip_type": "Reverse", "Shape__Length": 1.239643018331713}}, {"type": "Feature", "id": 2111, "geometry": {"type": "LineString", "coordinates": [[27.1496750001012, 37.4323259996452], [27.1981279997075, 37.4499660001309], [27.246581000213, 37.467604999671], [27.2950529997962, 37.4852510004334], [27.3435250002786, 37.5028970002964], [27.3917069999781, 37.521075000411], [27.4398889996776, 37.5392529996263], [27.4594659995563, 37.5786240003973], [27.4790440003804, 37.617994000223], [27.5079479996006, 37.653590999625], [27.536850999674, 37.6891879999263], [27.566367000137, 37.7237959995858], [27.5958819996546, 37.7584040001445]]}, "properties": {"OBJECTID": 2111, "catalog_id": "ME_TRCS337", "catalog_na": "EMME", "name": " ", "slip_type": "Sinistral-Normal", "Shape__Length": 0.5799063261266455}}, {"type": "Feature", "id": 1850, "geometry": {"type": "LineString", "coordinates": [[26.4615139997713, 38.7066799996823], [26.4052190000568, 38.6895559996098], [26.3573670002869, 38.676298999799], [26.3052940001181, 38.6630419999884], [26.273628000332, 38.657517999756], [26.2419609996005, 38.6519940004229], [26.2025539998672, 38.6459179999158], [26.163147000134, 38.6398420003081], [26.1286660000359, 38.6351469996344], [26.0941849999379, 38.6304509998138], [26.0625190001518, 38.628517999706], [26.0308520003196, 38.6265849995981], [25.9787790001508, 38.6232709996569], [25.9435939999632, 38.6188520000198], [25.8872980002026, 38.6133279997874], [25.8329650001347, 38.609078999896]]}, "properties": {"OBJECTID": 1850, "catalog_id": "ME_GRCS880", "catalog_na": "EMME", "name": " ", "slip_type": "Normal", "Shape__Length": 0.6380193729205899}}, {"type": "Feature", "id": 7684, "geometry": {"type": "LineString", "coordinates": [[42.627565999971, 39.0852140000262], [42.7330590003726, 39.1266350000053], [42.8385940000131, 39.1680739999152], [42.9441790001608, 39.209531999802]]}, "properties": {"OBJECTID": 7684, "catalog_id": "EUR_TRCS426", "catalog_na": "SHARE", "name": " ", "slip_type": "Sinistral", "Shape__Length": 0.3401451998197912}}, {"type": "Feature", "id": 7352, "geometry": {"type": "LineString", "coordinates": [[43.1448999997352, 40.1880999996154], [43.0598250002236, 40.1479469996544], [42.9747940000431, 40.1078149997625], [42.8897999997702, 40.0676999997552]]}, "properties": {"OBJECTID": 7352, "catalog_id": "EUR_TRCS079", "catalog_na": "SHARE", "name": " ", "slip_type": "Sinistral", "Shape__Length": 0.2820853947809606}}, {"type": "Feature", "id": 2182, "geometry": {"type": "LineString", "coordinates": [[43.8961180004454, 41.9935920001707], [43.9756489997016, 41.98033500036], [44.0665059996522, 41.982685999959], [44.188602000382, 41.9726349996056], [44.2722790001758, 41.9527170001895], [44.3417070002779, 41.9530599998192], [44.3744920004056, 41.9532230001414], [44.514415000352, 41.8806539999821], [44.6678759995777, 41.8390959999805]]}, "properties": {"OBJECTID": 2182, "catalog_id": "ME_G17s3s1", "catalog_na": "EMME", "name": " ", "slip_type": "Reverse", "Shape__Length": 0.7988644654376784}}, {"type": "Feature", "id": 7707, "geometry": {"type": "LineString", "coordinates": [[34.8797480000702, 35.8657490000164], [34.9422920001757, 35.944967000127], [35.0048360002812, 36.0241850002377], [35.0798839996469, 36.1075720001477], [35.1549319999119, 36.1909590000578], [35.2258120004236, 36.2805999996903], [35.2966920000358, 36.3702410002221], [35.373819999993, 36.4515430002094], [35.4509479999503, 36.5328450001966], [35.5197479998703, 36.5974689999944], [35.5885479997904, 36.6620929997922], [35.6886119998439, 36.7663289997836], [35.7578399997163, 36.824414000206], [35.8270679995886, 36.882497999683], [35.9471079999343, 36.9622890001373], [36.055508000394, 37.058181000253]]}, "properties": {"OBJECTID": 7707, "catalog_id": "EUR_TRCS999", "catalog_na": "SHARE", "name": " ", "slip_type": "Sinistral-Reverse", "Shape__Length": 1.6817988146041465}}, {"type": "Feature", "id": 2420, "geometry": {"type": "LineString", "coordinates": [[38.590147000084, 34.9399490000463], [38.3821410000072, 34.8654780003095], [37.8581800004067, 34.7772880001411], [37.4379219996006, 34.6561420000533]]}, "properties": {"OBJECTID": 2420, "catalog_id": "ME_SY2As3s3", "catalog_na": "EMME", "name": " ", "slip_type": "Dextral", "Shape__Length": 1.1896370313989957}}, {"type": "Feature", "id": 2088, "geometry": {"type": "LineString", "coordinates": [[30.176510999583, 37.0819849999079], [30.1698700000006, 37.1248600003888], [30.1632290004181, 37.1677339999242], [30.1960440001305, 37.2021299996998], [30.2288579997969, 37.2365250003285], [30.2436949996246, 37.274505999952], [30.2585320003516, 37.3124869995754]]}, "properties": {"OBJECTID": 2088, "catalog_id": "ME_TRCS294", "catalog_na": "EMME", "name": " ", "slip_type": "Normal", "Shape__Length": 0.2633994040615372}}, {"type": "Feature", "id": 7375, "geometry": {"type": "LineString", "coordinates": [[43.0242209995995, 39.1007590001278], [43.1030919998959, 39.1266899998437]]}, "properties": {"OBJECTID": 7375, "catalog_id": "EUR_TRCS102", "catalog_na": "SHARE", "name": " ", "slip_type": "Sinistral", "Shape__Length": 0.08302440264177274}}, {"type": "Feature", "id": 1873, "geometry": {"type": "LineString", "coordinates": [[28.7510999996653, 40.7297999997703], [28.8064909999597, 40.7199040002694], [28.8618820002542, 40.7100069998232], [28.8983840000216, 40.6769299997198], [28.934884999743, 40.6438519995702], [28.991112999965, 40.6502159998686], [29.0473400001409, 40.6565790001208], [29.1032619997416, 40.6643879996066], [29.1591840002415, 40.6721959999455], [29.2152070000031, 40.6796399996863], [29.2712289997186, 40.6870840003264], [29.3269839997118, 40.6956499996478], [29.3827389997051, 40.7042149998225], [29.4201200004377, 40.7099580002616], [29.4575000002249, 40.7156999997553]]}, "properties": {"OBJECTID": 1873, "catalog_id": "ME_TRCS014", "catalog_na": "EMME", "name": " ", "slip_type": "Dextral-Normal", "Shape__Length": 0.7386429167980979}}, {"type": "Feature", "id": 2205, "geometry": {"type": "LineString", "coordinates": [[41.7254270002559, 42.7929430001194], [41.7837309999857, 42.7244180002905], [41.828567000067, 42.6103449999218], [41.8080770003534, 42.5709040004193], [41.7886839999667, 42.4316859997091], [41.802260000099, 42.3814939999482]]}, "properties": {"OBJECTID": 2205, "catalog_id": "ME_G14s1s1", "catalog_na": "EMME", "name": " ", "slip_type": "Dextral", "Shape__Length": 0.4495440907870704}}, {"type": "Feature", "id": 7469, "geometry": {"type": "LineString", "coordinates": [[31.7970809997884, 39.2923670003369], [31.7058339998393, 39.338144999792], [31.6021769995689, 39.39014800033], [31.4984650003595, 39.4421790003606], [31.3840250001537, 39.4785050001057], [31.2692420003181, 39.5143019997375], [31.1545199996983, 39.5503239998528], [31.0397470003239, 39.5863629998526], [30.9249230003962, 39.6224169996449]]}, "properties": {"OBJECTID": 7469, "catalog_id": "EUR_TRCS196", "catalog_na": "SHARE", "name": " ", "slip_type": "Dextral-Normal", "Shape__Length": 0.93528494025854}}, {"type": "Feature", "id": 7398, "geometry": {"type": "LineString", "coordinates": [[42.6341990000839, 41.0634889996177], [42.7108739998353, 41.1375439999557], [42.787580000117, 41.2116289998785], [42.8643180000757, 41.2857460003777]]}, "properties": {"OBJECTID": 7398, "catalog_id": "EUR_TRCS125", "catalog_na": "SHARE", "name": " ", "slip_type": "Sinistral", "Shape__Length": 0.3199264423978996}}, {"type": "Feature", "id": 7446, "geometry": {"type": "LineString", "coordinates": [[36.0591920003106, 39.6632379998339], [36.1168340000891, 39.6965200003978], [36.2151830001953, 39.749875000331], [36.3344259997601, 39.7627460003277], [36.4334490003711, 39.8154619995717], [36.5459569996159, 39.8486949996745], [36.6616550002781, 39.874801000266], [36.7745199997982, 39.9075050002556], [36.8926589997131, 39.9264440003903], [37.010927000181, 39.9450169998347], [37.1297280000472, 39.9615980000477]]}, "properties": {"OBJECTID": 7446, "catalog_id": "EUR_TRCS173", "catalog_na": "SHARE", "name": " ", "slip_type": "Sinistral", "Shape__Length": 1.1233119155225686}}, {"type": "Feature", "id": 1827, "geometry": {"type": "LineString", "coordinates": [[27.1850629997577, 42.1752419998185], [27.1546619998514, 42.1785250001287], [27.1242599998992, 42.1818080004389], [27.0787140003509, 42.187624999794], [27.0331679999033, 42.1934410000022], [26.984481000298, 42.1998390000699], [26.9357939997933, 42.2062380001836], [26.8916429998246, 42.2074460001328], [26.8474909998098, 42.208653000036], [26.8126609998054, 42.2108689997046], [26.7778309998009, 42.2130850002726], [26.7421760004221, 42.2138090003851], [26.7065210001441, 42.2145319995522]]}, "properties": {"OBJECTID": 1827, "catalog_id": "ME_BGCS008", "catalog_na": "EMME", "name": " ", "slip_type": "Normal", "Shape__Length": 0.4806611374606442}}, {"type": "Feature", "id": 12756, "geometry": {"type": "LineString", "coordinates": [[29.3889999997502, 35.7279999996003], [29.3820209998693, 35.7347289996437], [29.3750399998961, 35.7414589997331], [29.3680579998768, 35.7481869997303], [29.3610749998114, 35.7549149997275], [29.3540909996999, 35.7616429997247], [29.3471060004416, 35.7683709997219], [29.3401200002378, 35.775097999673], [29.3331319999419, 35.781823999578], [29.3261429995998, 35.7885500003823], [29.3191530001109, 35.7952760002872], [29.3121619996766, 35.8020010001461], [29.3051700000955, 35.8087260000049], [29.2981769995689, 35.8154509998638], [29.2911819998495, 35.8221749996765], [29.2841860000839, 35.8288990003886], [29.2771890002722, 35.8356220001552], [29.2701910004144, 35.8423449999219], [29.263190999565, 35.8490669996424], [29.256190999615, 35.8557890002622], [29.2491889995727, 35.8625109999827], [29.2421860003836, 35.8692319996571], [29.2351820002492, 35.8759530002308], [29.2281770000686, 35.8826729998591], [29.2211699997957, 35.8893930003867], [29.2141630004222, 35.896113000015], [29.2071540000571, 35.9028319995971], [29.2001439996459, 35.9095510000786], [29.1931320000418, 35.9162689996147], [29.1861200004377, 35.9229870000501], [29.1791059998421, 35.9297040004393], [29.1720920001458, 35.9364209999293], [29.1650760003572, 35.9431380003185], [29.1580589996232, 35.9498539997624], [29.1510399996963, 35.9565700001055], [29.1440209997694, 35.9632850004025], [29.1369999997502, 35.9699999998002]]}, "properties": {"OBJECTID": 12756, "catalog_id": "PB_3405.0", "catalog_na": "Bird 2003", "name": " ", "slip_type": "Spreading_Ridge", "Shape__Length": 0.3493825625287922}}, {"type": "Feature", "id": 6928, "geometry": {"type": "LineString", "coordinates": [[33.8268269996664, 34.276395000429], [33.6962770002834, 34.3038700003003], [33.5688789996661, 34.3206970001665], [33.4461619999764, 34.3439250002386], [33.3394869999252, 34.3522649999298], [33.2218269996164, 34.3755010003709], [33.0838179998009, 34.4008330003427], [32.9461779999148, 34.4604260001598], [32.8465369995829, 34.5240010001461], [32.7711049995961, 34.560091999846], [32.6954229997717, 34.6004429999446], [32.5993929995873, 34.64289099962], [32.5263639997988, 34.6811159997036], [32.4493109997029, 34.7449010003809], [32.3842749997914, 34.8193590004176]]}, "properties": {"OBJECTID": 6928, "catalog_id": "EUR_GRCS697", "catalog_na": "SHARE", "name": " ", "slip_type": "Dextral-Reverse", "Shape__Length": 1.5779401282694998}}, {"type": "Feature", "id": 7592, "geometry": {"type": "LineString", "coordinates": [[28.7502710001066, 38.3631969996419], [28.649650999594, 38.3931220000803], [28.5405219996906, 38.4255770002784], [28.4502220002452, 38.483585999894], [28.3619699999156, 38.5435659995713], [28.2591759998725, 38.5872179999108], [28.1496709997169, 38.6195000002249], [28.0453539995875, 38.6610590002727], [27.947204999711, 38.711021000219]]}, "properties": {"OBJECTID": 7592, "catalog_id": "EUR_TRCS321", "catalog_na": "SHARE", "name": " ", "slip_type": "Normal", "Shape__Length": 0.8811281182078825}}, {"type": "Feature", "id": 7515, "geometry": {"type": "LineString", "coordinates": [[32.3147800001969, 39.8310400002958], [32.3389329997582, 39.7543790002907], [32.3776310000707, 39.6687420000433], [32.4220760001074, 39.5847890001123], [32.4678409998623, 39.5012759997876], [32.5043299999296, 39.4150999998652]]}, "properties": {"OBJECTID": 7515, "catalog_id": "EUR_TRCS243", "catalog_na": "SHARE", "name": " ", "slip_type": "Dextral", "Shape__Length": 0.45815578548783764}}, {"type": "Feature", "id": 6851, "geometry": {"type": "LineString", "coordinates": [[23.6333919999409, 40.5866650000897], [23.6696760004471, 40.5647700003353], [23.6933840001715, 40.5528740003349], [23.709505999902, 40.5450589996731], [23.7199529996313, 40.540944999712], [23.7375590003476, 40.5363940002829], [23.7566920004355, 40.5330230004112], [23.777108000334, 40.5303850001677], [23.7990840002265, 40.5268520000199], [23.8198779995701, 40.5233280002871], [23.8533970002714, 40.5202250001836], [23.8889969998118, 40.5201890003221], [23.9245960002053, 40.5201520004146], [23.9573250004485, 40.5199469999541], [23.9900539997923, 40.5197420003931], [24.0481849996381, 40.5204970001365]]}, "properties": {"OBJECTID": 6851, "catalog_id": "EUR_GRCS110", "catalog_na": "SHARE", "name": " ", "slip_type": "Normal", "Shape__Length": 0.42805092269484135}}, {"type": "Feature", "id": 14107, "geometry": {"type": "LineString", "coordinates": [[28.4779999997003, 35.1269999996503], [28.4865809997134, 35.1322960001604], [28.4951629997727, 35.137591999771], [28.5037469999241, 35.1428870002349], [28.5123310000756, 35.1481809997534], [28.5209160002732, 35.1534750001712], [28.5295029996637, 35.1587679996435], [28.5380909999997, 35.1640599999691], [28.5466800003817, 35.1693520002946], [28.5552699999106, 35.1746429996747], [28.5638610003849, 35.1799339999542], [28.572453000006, 35.1852240001875], [28.5810459996732, 35.1905130003747], [28.5896410003319, 35.1958019996626], [28.5982360000914, 35.2010899998037], [28.606832999943, 35.2063779999448], [28.6154309998408, 35.2116650000398], [28.6240289997386, 35.2169510000886], [28.6326289997286, 35.2222370001375], [28.6412299997647, 35.2275220001403], [28.6498329998931, 35.232807000143], [28.6584360000214, 35.2380910000996], [28.6670400001959, 35.2433740000101], [28.6756459995633, 35.2486559998745], [28.6842529998761, 35.2539379997389], [28.692861000235, 35.2592199996034], [28.7014689996946, 35.2645010003209], [28.7100790001458, 35.2697810000931], [28.7186909997899, 35.2750599998192], [28.7273030003332, 35.2803390004445], [28.7359160000235, 35.2856180001706], [28.7445309998059, 35.2908949998044], [28.7531459995882, 35.2961720003376], [28.7617630003622, 35.3014489999714], [28.770381000283, 35.3067249995592], [28.7790000002499, 35.3120000000001]]}, "properties": {"OBJECTID": 14107, "catalog_id": "PB_5453.0", "catalog_na": "Bird 2003", "name": " ", "slip_type": "Subduction_Thrust", "Shape__Length": 0.35330744971804284}}, {"type": "Feature", "id": 6951, "geometry": {"type": "LineString", "coordinates": [[26.984270999607, 35.4678879996316], [26.9865319995522, 35.4941680001531], [26.9887930003967, 35.5204489998216], [26.987662000401, 35.5512340003489], [26.9865319995522, 35.5820189999769], [26.9827630002123, 35.606046000023], [26.9789929999271, 35.6300750001612], [26.9752239996879, 35.6541020002072], [26.9684419998984, 35.6878909998698], [26.9616580000167, 35.7216800004317], [26.957132999988, 35.7381989995842], [26.9548720000428, 35.7532159996188]]}, "properties": {"OBJECTID": 6951, "catalog_id": "EUR_GRCS776", "catalog_na": "SHARE", "name": " ", "slip_type": "Normal", "Shape__Length": 0.28857126024707674}}, {"type": "Feature", "id": 7492, "geometry": {"type": "LineString", "coordinates": [[30.826130999646, 38.713168000303], [30.7335769996789, 38.736071999823], [30.6274600001789, 38.7596550000782]]}, "properties": {"OBJECTID": 7492, "catalog_id": "EUR_TRCS219", "catalog_na": "SHARE", "name": " ", "slip_type": "Dextral-Normal", "Shape__Length": 0.20405178900542315}}, {"type": "Feature", "id": 7615, "geometry": {"type": "LineString", "coordinates": [[36.1248009996664, 37.6585540000671], [36.093302000387, 37.5760470002689], [36.0598419997086, 37.4884010000062], [36.0055549999634, 37.4075999997402], [35.9727400002508, 37.3198199995933], [35.9149099998966, 37.240644999667], [35.8561770001685, 37.1619219999004], [35.7974600002788, 37.0832200002029]]}, "properties": {"OBJECTID": 7615, "catalog_id": "EUR_TRCS350", "catalog_na": "SHARE", "name": " ", "slip_type": "Sinistral", "Shape__Length": 0.6676447875979782}}, {"type": "Feature", "id": 7561, "geometry": {"type": "LineString", "coordinates": [[29.2256450002166, 36.8226849996131], [29.2878150001622, 36.7808830000504], [29.3458829998007, 36.71054800039], [29.3583690000294, 36.6268099995819], [29.3379930001769, 36.5440780001996], [29.2711250003185, 36.4790879997115], [29.2500210001691, 36.3964819998445]]}, "properties": {"OBJECTID": 7561, "catalog_id": "EUR_TRCS289", "catalog_na": "SHARE", "name": " ", "slip_type": "Sinistral-Normal", "Shape__Length": 0.5144991127155948}}, {"type": "Feature", "id": 6974, "geometry": {"type": "LineString", "coordinates": [[25.9664730001289, 38.0854009998563], [26.0269460000579, 38.0991990003337], [26.0595079997944, 38.1053719999179], [26.0920700004302, 38.1115440003554], [26.1488209995895, 38.1173530002408], [26.18882599992, 38.1198949996545], [26.2288300002044, 38.1224369999676], [26.26697400015, 38.1180799995923], [26.3051180000957, 38.1137220000703], [26.3631089997806, 38.1054920000558], [26.4211010004109, 38.0972620000413], [26.4790920000958, 38.0890320000268], [26.5418900002234, 38.0799549996236], [26.604688000351, 38.0708770000736], [26.6456230004012, 38.0614370000176]]}, "properties": {"OBJECTID": 6974, "catalog_id": "EUR_GRCS900", "catalog_na": "SHARE", "name": " ", "slip_type": "Normal", "Shape__Length": 0.6869409670878881}}, {"type": "Feature", "id": 7638, "geometry": {"type": "LineString", "coordinates": [[33.5712900002334, 40.8801260001148], [33.5131960002952, 40.8295390001248], [33.4172349996956, 40.7823559997296], [33.324443999591, 40.7317469996244], [33.2123990001138, 40.7146920000358], [33.134921000204, 40.6510549998884], [33.027832999993, 40.6210930004416]]}, "properties": {"OBJECTID": 7638, "catalog_id": "EUR_TRCS373", "catalog_na": "SHARE", "name": " ", "slip_type": "Dextral", "Shape__Length": 0.6144589344422593}}, {"type": "Feature", "id": 2228, "geometry": {"type": "LineString", "coordinates": [[43.7140610000152, 41.6665310002056], [43.695593000017, 41.5940959999305], [43.6807309999357, 41.5092449999568], [43.6663739997603, 41.4487819995896], [43.6081429997997, 41.3913680004329], [43.5806639997438, 41.3068670004118], [43.5618390003696, 41.2809450002117], [43.5221710002915, 41.2393090002103], [43.4563429998296, 41.1789320002117]]}, "properties": {"OBJECTID": 2228, "catalog_id": "ME_G31s1s1", "catalog_na": "EMME", "name": " ", "slip_type": "Sinistral", "Shape__Length": 0.5725387097892725}}, {"type": "Feature", "id": 6997, "geometry": {"type": "LineString", "coordinates": [[26.5132770000336, 36.3813580002716], [26.4857959998855, 36.3756990001088], [26.4583139996914, 36.3700409999922], [26.410558999898, 36.3580170003843], [26.3847620000663, 36.3475879996865], [26.3589650002346, 36.3371579998418], [26.3077770004083, 36.3214349996256], [26.2599269998312, 36.3109530000809], [26.2120760001073, 36.3004699995909], [26.1699819996696, 36.2943620003061], [26.1240290002382, 36.2901179997459], [26.0852849996031, 36.2865820003591], [26.0384309999907, 36.2830450000268], [25.993378999841, 36.2823379997989]]}, "properties": {"OBJECTID": 6997, "catalog_id": "EUR_GRCS976", "catalog_na": "SHARE", "name": " ", "slip_type": "Normal", "Shape__Length": 0.5321646079379241}}, {"type": "Feature", "id": 7661, "geometry": {"type": "LineString", "coordinates": [[27.9800800003918, 37.123780000047], [27.9082330002528, 37.0524749997215], [27.8281030003532, 36.983771999778], [27.7480060001768, 36.9150980002726], [27.6679419997236, 36.8464520002597], [27.5879119999389, 36.7778349997855]]}, "properties": {"OBJECTID": 7661, "catalog_id": "EUR_TRCS396", "catalog_na": "SHARE", "name": " ", "slip_type": "Sinistral", "Shape__Length": 0.5231636572054258}}, {"type": "Feature", "id": 7538, "geometry": {"type": "LineString", "coordinates": [[30.4112569998107, 37.2938920000158], [30.4008870000351, 37.2331359996267], [30.3867609997204, 37.1503779999448], [30.3653129998951, 37.0686279999823], [30.3036239996479, 37.0011689998495], [30.2490490001113, 36.9299370001925], [30.2271700001954, 36.8482699995609], [30.2586050001207, 36.7686339999592]]}, "properties": {"OBJECTID": 7538, "catalog_id": "EUR_TRCS266", "catalog_na": "SHARE", "name": " ", "slip_type": "Normal", "Shape__Length": 0.5814168420479675}}, {"type": "Feature", "id": 1856, "geometry": {"type": "LineString", "coordinates": [[26.586475000421, 37.7082460001528], [26.6078919997161, 37.7094410004019], [26.6285439997059, 37.7076489996017], [26.6499609999003, 37.7088439998508], [26.667552999971, 37.7124259995603], [26.6882049999608, 37.7172020003721], [26.705031999827, 37.7189930002268], [26.7241540003069, 37.7225749999363], [26.7448060002967, 37.7231719995881], [26.779990999585, 37.7195899998786], [26.808291999776, 37.716604999821], [26.8358279997624, 37.7130230001114], [26.8694830004401, 37.7046640004433], [26.9184359997217, 37.6957090002702], [26.9566799997822, 37.6861560003991]]}, "properties": {"OBJECTID": 1856, "catalog_id": "ME_GRCS915", "catalog_na": "EMME", "name": " ", "slip_type": "Normal", "Shape__Length": 0.3752723279626551}}, {"type": "Feature", "id": 7346, "geometry": {"type": "LineString", "coordinates": [[38.1939920001308, 37.9987010000511], [38.0991380002186, 37.9966229995518], [37.9933230002563, 38.0091889998725], [37.887650999694, 38.0225829997057], [37.7807190003816, 38.0188599997892], [37.6745910003744, 38.0079629999925], [37.5849540000272, 37.9619270003308], [37.4782460002527, 37.9676780002396], [37.3715300001095, 37.9734290001483]]}, "properties": {"OBJECTID": 7346, "catalog_id": "EUR_TRCS073", "catalog_na": "SHARE", "name": " ", "slip_type": "Sinistral-Reverse", "Shape__Length": 0.8361368047051968}}, {"type": "Feature", "id": 2188, "geometry": {"type": "LineString", "coordinates": [[43.6001229995768, 41.6252919996261], [43.486298999899, 41.5072909997799], [43.29742599991, 41.3503470000141], [43.247397999618, 41.2777460001778]]}, "properties": {"OBJECTID": 2188, "catalog_id": "ME_G33s1s1", "catalog_na": "EMME", "name": " ", "slip_type": "Sinistral", "Shape__Length": 0.4976898597524095}}, {"type": "Feature", "id": 2082, "geometry": {"type": "LineString", "coordinates": [[30.5493970002714, 36.3323739995605], [30.5171060004416, 36.2989450003116], [30.4848159997586, 36.2655150001172], [30.45253500039, 36.232095000384], [30.420254000122, 36.1986749997515]]}, "properties": {"OBJECTID": 2082, "catalog_id": "ME_TRCS286", "catalog_na": "EMME", "name": " ", "slip_type": "Normal", "Shape__Length": 0.18588527924961798}}, {"type": "Feature", "id": 7701, "geometry": {"type": "LineString", "coordinates": [[26.5159150002771, 38.4323010000911], [26.4929349999504, 38.4472299996648], [26.4612389996801, 38.4634019999024], [26.4311279996575, 38.4808179999508], [26.4057710003315, 38.4969900001884], [26.3851689999494, 38.5100519999999], [26.3590190000269, 38.5280899999536]]}, "properties": {"OBJECTID": 7701, "catalog_id": "EUR_TRCS907", "catalog_na": "SHARE", "name": " ", "slip_type": "Normal", "Shape__Length": 0.18400843771583963}}, {"type": "Feature", "id": 7406, "geometry": {"type": "LineString", "coordinates": [[40.133700000055, 38.5866000001899], [40.0515790000708, 38.5545509998288], [39.9465620000364, 38.5135670002169], [39.8516999997552, 38.4595759997326], [39.790484999783, 38.3812949996645], [39.6928690002043, 38.3306139998363], [39.5903730004137, 38.2863439997758], [39.486074000215, 38.2448419996586], [39.3771059996422, 38.2116610001551], [39.2604469996294, 38.2168500002274], [39.1436040001246, 38.2177379998089], [39.0308250000737, 38.1937630003623], [38.9308129997202, 38.1463680000832], [38.8260669995924, 38.1058850001926], [38.7196950000243, 38.0682179997609], [38.6139079995546, 38.0296360003013], [38.5083060004216, 37.9908309995511], [38.3921999998302, 37.9834689999944], [38.2758650003695, 37.9880839996769]]}, "properties": {"OBJECTID": 7406, "catalog_id": "EUR_TRCS133", "catalog_na": "SHARE", "name": " ", "slip_type": "Sinistral-Reverse", "Shape__Length": 1.9998152892411394}}, {"type": "Feature", "id": 1902, "geometry": {"type": "LineString", "coordinates": [[36.3583329996683, 36.5705689996597], [36.4182770003833, 36.6445690001593], [36.473137999619, 36.7210910000497], [36.5157850003775, 36.8024770003134], [36.5604089996756, 36.883197999588], [36.5962769998837, 36.9666790002357], [36.6274680002481, 37.0513580003715], [36.6742170004143, 37.1313629999026], [36.7419859995543, 37.2011799999571], [36.7887799999971, 37.2812030003183], [36.8355829999555, 37.3612409995725], [36.8823940002829, 37.4412940004178], [36.8944199999831, 37.4618589999929]]}, "properties": {"OBJECTID": 1902, "catalog_id": "ME_TRCS056", "catalog_na": "EMME", "name": " ", "slip_type": "Sinistral-Normal", "Shape__Length": 1.0465442189818113}}, {"type": "Feature", "id": 6968, "geometry": {"type": "LineString", "coordinates": [[25.4501500002224, 38.4664589996831], [25.4308179999508, 38.4949519997351], [25.4114859996792, 38.5234439997408], [25.3869880003959, 38.5627049999359], [25.3624900002134, 38.6019660001309], [25.3400339997693, 38.6284069999831], [25.3175780002246, 38.6548479998354], [25.2961420000533, 38.6716749997015], [25.274705999882, 38.6885010004209], [25.2547990000738, 38.7079509998388], [25.2348920002656, 38.72740000011], [25.2253550002332, 38.7562749997915], [25.2158180002006, 38.7851490003262], [25.200831999797, 38.8086769998437], [25.1858460002927, 38.8322040002145]]}, "properties": {"OBJECTID": 6968, "catalog_id": "EUR_GRCS865", "catalog_na": "SHARE", "name": " ", "slip_type": "Sinistral", "Shape__Length": 0.45757008894382556}}, {"type": "Feature", "id": 7312, "geometry": {"type": "LineString", "coordinates": [[29.3868410000122, 40.2192319999569], [29.4867940003429, 40.2667159998436], [29.5867950001892, 40.3142209997994]]}, "properties": {"OBJECTID": 7312, "catalog_id": "EUR_TRCS039", "catalog_na": "SHARE", "name": " ", "slip_type": "Dextral", "Shape__Length": 0.22136962817990674}}, {"type": "Feature", "id": 1890, "geometry": {"type": "LineString", "coordinates": [[28.8031139998113, 40.1909939999732], [28.7652510002335, 40.1721230002763], [28.7273879997564, 40.1532519996801], [28.6895250001787, 40.1343809999832], [28.6516839998168, 40.1155209998943], [28.6138430003542, 40.0966619998514], [28.5760019999923, 40.0778019997625], [28.5381819996996, 40.0589520001348], [28.5003630003523, 40.0401029996538], [28.4625430000594, 40.021253000026]]}, "properties": {"OBJECTID": 1890, "catalog_id": "ME_TRCS040", "catalog_na": "EMME", "name": " ", "slip_type": "Dextral", "Shape__Length": 0.38052675720033585}}, {"type": "Feature", "id": 7300, "geometry": {"type": "LineString", "coordinates": [[27.9912999997952, 40.2625999997902], [28.11440000006, 40.3134999998252]]}, "properties": {"OBJECTID": 7300, "catalog_id": "EUR_TRCS026", "catalog_na": "SHARE", "name": " ", "slip_type": "Dextral", "Shape__Length": 0.13320818318989858}}, {"type": "Feature", "id": 7644, "geometry": {"type": "LineString", "coordinates": [[33.2123739998602, 40.8246209999592], [33.3138949996546, 40.8323809998833], [33.4324689998445, 40.8498489996317], [33.5460150001921, 40.8811299996498], [33.6628690002042, 40.9045549998135], [33.7266699998207, 40.9822030003682], [33.8360830002303, 41.0213590002177]]}, "properties": {"OBJECTID": 7644, "catalog_id": "EUR_TRCS379", "catalog_na": "SHARE", "name": " ", "slip_type": "Dextral", "Shape__Length": 0.6753318326405536}}, {"type": "Feature", "id": 2234, "geometry": {"type": "LineString", "coordinates": [[44.3881800003068, 42.5271069996883], [44.4449959997656, 42.5182729996992], [44.5167619997665, 42.4875789997711], [44.5786500001974, 42.4495060004016], [44.682341000237, 42.4078719995932], [44.7661160000534, 42.39165199984], [44.9483179999758, 42.3353129998951], [45.0589350001502, 42.2769189996122], [45.1767179998359, 42.220231999807], [45.3212219996956, 42.154227000176], [45.4066439999207, 42.0900900003533]]}, "properties": {"OBJECTID": 2234, "catalog_id": "ME_G7s1s2", "catalog_na": "EMME", "name": " ", "slip_type": "Reverse", "Shape__Length": 1.117478978164929}}, {"type": "Feature", "id": 7655, "geometry": {"type": "LineString", "coordinates": [[30.7888699999506, 37.6690700002803], [30.8135030000635, 37.5817539999472], [30.8382659998761, 37.4939790000309], [30.8630279996425, 37.4062090003451], [30.8877880002161, 37.3184429999445], [30.911845999893, 37.2305590003976], [30.959140000011, 37.1488840002964], [31.006424999714, 37.0672250000338], [31.0608080002891, 36.9884509997139], [31.1298949999543, 36.917442000448], [31.1989580003115, 36.846457999637], [31.267997999608, 36.7754989999789], [31.3404840004363, 36.7068240004273], [31.4155250003785, 36.6399799998771], [31.4905440002055, 36.5731669998572], [31.5655330004477, 36.506380000137], [31.6404930002518, 36.439618999817], [31.7156470000091, 36.3730480001651], [31.7909009998813, 36.306598999844], [31.8661820000993, 36.2402179999608], [31.9414349999254, 36.1738630003772], [32.0166580001666, 36.1075330001479], [32.091853000016, 36.0412290002183], [32.1670190003267, 35.9749499996428], [32.2421560001993, 35.9086960002203], [32.317263999634, 35.8424680001981], [32.3923430004292, 35.7762650004295]]}, "properties": {"OBJECTID": 7655, "catalog_id": "EUR_TRCS390", "catalog_na": "SHARE", "name": " ", "slip_type": "Reverse", "Shape__Length": 2.5412661168963746}}, {"type": "Feature", "id": 2036, "geometry": {"type": "LineString", "coordinates": [[31.0303300004292, 38.8691390001648], [31.053342000433, 38.8379469997543], [31.0763549995836, 38.8067560002892], [31.0993669995874, 38.7755639998787], [31.1365910002745, 38.7565190002517], [31.1738140000161, 38.7374729996793], [31.2110379998039, 38.7184280000522]]}, "properties": {"OBJECTID": 2036, "catalog_id": "ME_TRCS216", "catalog_na": "EMME", "name": " ", "slip_type": "Normal", "Shape__Length": 0.24172477111413637}}, {"type": "Feature", "id": 2048, "geometry": {"type": "LineString", "coordinates": [[32.6596500003473, 40.2680399997462], [32.6288989995892, 40.2314329996333], [32.5981479997304, 40.1948250003735], [32.5674070003329, 40.1582289998685], [32.536666000036, 40.1216330002628], [32.505934000154, 40.0850490003112], [32.4752030003183, 40.0484640003134], [32.4444809999982, 40.0118909999698], [32.4137589996781, 39.975317999626], [32.3830469998192, 39.9387569998357], [32.3523339999142, 39.9021949999993], [32.321630999571, 39.8656449998169], [32.2909290001733, 39.8290949996346], [32.2602360002912, 39.7925559999595], [32.2295420003631, 39.7560170002844], [32.1988590000429, 39.7194900002634], [32.1681749996765, 39.6829620001962], [32.1374930003018, 39.6464360002213], [32.1068099999816, 39.6099100002464]]}, "properties": {"OBJECTID": 2048, "catalog_id": "ME_TRCS239", "catalog_na": "EMME", "name": " ", "slip_type": "Sinistral-Normal", "Shape__Length": 0.8595156556388287}}, {"type": "Feature", "id": 2245, "geometry": {"type": "LineString", "coordinates": [[45.6772900000335, 41.7056470000091], [45.6410709998268, 41.7093600003638], [45.613084999773, 41.7182769996838], [45.5979509997389, 41.7262450002066], [45.5582809995685, 41.7387149996975], [45.4769239997428, 41.8135780004245], [45.3341919997611, 41.850891999866], [45.2674349996256, 41.8650899999036], [45.2322799999221, 41.8704250004135], [45.1901329997382, 41.89241299996], [45.173751999755, 41.9073380002486], [45.1409699997657, 41.9389340004038], [45.1081119998689, 41.9442279999223], [45.0811320003416, 41.9600249999538], [45.0506219999054, 41.9845820001592], [45.0341850000378, 41.9994870004248], [45.0106910002895, 42.0275369998327], [44.98365199984, 42.0389289999735], [44.935455000348, 42.0345300003593], [44.8978259998701, 42.040637999644], [44.8601770002684, 42.0528669997123], [44.8188859999889, 42.10013500043], [44.7646990003586, 42.11493500035], [44.6869580000118, 42.1261420000533], [44.6480740001151, 42.1321639998687], [44.5703569999756, 42.1336520001398], [44.5173150000873, 42.1413289998335], [44.4041439999457, 42.1548189995972], [44.3370650002496, 42.1594390004096]]}, "properties": {"OBJECTID": 2245, "catalog_id": "ME_G9s2s4", "catalog_na": "EMME", "name": " ", "slip_type": "Reverse", "Shape__Length": 1.4688898413472382}}, {"type": "Feature", "id": 7598, "geometry": {"type": "LineString", "coordinates": [[27.2855169998098, 38.5372149998724], [27.347684999663, 38.5808500003273]]}, "properties": {"OBJECTID": 7598, "catalog_id": "EUR_TRCS328", "catalog_na": "SHARE", "name": " ", "slip_type": "Dextral", "Shape__Length": 0.07595310046638479}}, {"type": "Feature", "id": 1942, "geometry": {"type": "LineString", "coordinates": [[44.0334939998482, 37.633958999908], [44.090275000391, 37.5892530004257], [44.1670260000499, 37.5275880003859], [44.2621509998688, 37.485045999973], [44.3575479996405, 37.4429609999502], [44.4491899998187, 37.3959799998772], [44.531665999986, 37.3393409995875], [44.6115680001631, 37.2804699997907], [44.6921609998303, 37.2222539996224], [44.7599400003308, 37.1545140000212], [44.8404360000214, 37.0963300004292], [44.9247660002508, 37.0417659996012], [45.0384939999981, 36.9125970000516], [45.0820070002229, 36.8112989997491], [45.0905579997519, 36.6938940004079]]}, "properties": {"OBJECTID": 1942, "catalog_id": "ME_TRCS103", "catalog_na": "EMME", "name": " ", "slip_type": "Dextral", "Shape__Length": 1.476553876905314}}, {"type": "Feature", "id": 6857, "geometry": {"type": "LineString", "coordinates": [[24.0312900002334, 40.7094700002403], [24.0625120002287, 40.7147269998512], [24.0937330001778, 40.7199830003153], [24.1212819998644, 40.7285840003514], [24.1488300004042, 40.7371850003875], [24.1739299995699, 40.7534319995872], [24.1990289995887, 40.7696789996862], [24.2389050002656, 40.7890689999344], [24.278779999997, 40.8084580001366], [24.3106090001053, 40.8221650000148], [24.3424380002136, 40.835871999893]]}, "properties": {"OBJECTID": 6857, "catalog_id": "EUR_GRCS155", "catalog_na": "SHARE", "name": " ", "slip_type": "Normal", "Shape__Length": 0.33882903664124364}}, {"type": "Feature", "id": 7498, "geometry": {"type": "LineString", "coordinates": [[30.3522960003602, 38.8179609999003], [30.2520689999844, 38.8313110004024], [30.1463760002522, 38.884700000105], [30.0406269997363, 38.9381170001994]]}, "properties": {"OBJECTID": 7498, "catalog_id": "EUR_TRCS226", "catalog_na": "SHARE", "name": " ", "slip_type": "Dextral-Normal", "Shape__Length": 0.33799874317031664}}, {"type": "Feature", "id": 1996, "geometry": {"type": "LineString", "coordinates": [[37.1297280000472, 39.9615980000477], [37.0703280001371, 39.9533079999643], [37.010927000181, 39.9450169998347], [36.951792999947, 39.9357309996859], [36.8926589997131, 39.9264440003903], [36.8335899997787, 39.9169739998503], [36.7745199997982, 39.9075050002556], [36.7180880000612, 39.8911529998111], [36.6616550002781, 39.874801000266], [36.603805999947, 39.8617479999702], [36.5459569996159, 39.8486949996745], [36.4897029999935, 39.8320779996001], [36.4334490003711, 39.8154619995717], [36.383937999639, 39.7891039999497], [36.3344259997601, 39.7627460003277], [36.2748049995511, 39.7563110003524], [36.2151830001953, 39.749875000331], [36.1660089997156, 39.7231980003875], [36.1168340000891, 39.6965200003978], [36.0591920003106, 39.6632379998339]]}, "properties": {"OBJECTID": 1996, "catalog_id": "ME_TRCS173", "catalog_na": "EMME", "name": " ", "slip_type": "Sinistral", "Shape__Length": 1.1233119155443982}}, {"type": "Feature", "id": 2142, "geometry": {"type": "LineString", "coordinates": [[32.3923430004292, 35.7762650004295], [32.317263999634, 35.8424680001981], [32.2421560001993, 35.9086960002203], [32.1670190003267, 35.9749499996428], [32.091853000016, 36.0412290002183], [32.0166580001666, 36.1075330001479], [31.9414349999254, 36.1738630003772], [31.8661820000993, 36.2402179999608], [31.7909009998813, 36.306598999844], [31.7156470000091, 36.3730480001651], [31.6404930002518, 36.439618999817], [31.5655330004477, 36.506380000137], [31.4905440002055, 36.5731669998572], [31.4155250003785, 36.6399799998771], [31.3404840004363, 36.7068240004273], [31.267997999608, 36.7754989999789], [31.1989580003115, 36.846457999637], [31.1298949999543, 36.917442000448], [31.0608080002891, 36.9884509997139], [31.006424999714, 37.0672250000338], [30.959140000011, 37.1488840002964], [30.911845999893, 37.2305590003976], [30.8877880002161, 37.3184429999445], [30.8630279996425, 37.4062090003451], [30.8382659998761, 37.4939790000309], [30.8135030000635, 37.5817539999472], [30.787668000278, 37.6219880000462], [30.7562840000066, 37.6718590002927]]}, "properties": {"OBJECTID": 2142, "catalog_id": "ME_TRCS390", "catalog_na": "EMME", "name": " ", "slip_type": "Reverse", "Shape__Length": 2.5572807274761016}}, {"type": "Feature", "id": 7552, "geometry": {"type": "LineString", "coordinates": [[29.8284549999983, 38.3309979995581], [29.7230320001268, 38.3207310000357], [29.6540619995617, 38.2521419999534], [29.5918929996623, 38.1796869996554], [29.5182430000145, 38.1142639998837], [29.434568000313, 38.0568370001275], [29.3514609998253, 37.9989630004422], [29.25961300004, 37.9500409998923]]}, "properties": {"OBJECTID": 7552, "catalog_id": "EUR_TRCS280", "catalog_na": "SHARE", "name": " ", "slip_type": "Normal", "Shape__Length": 0.7039964597174507}}, {"type": "Feature", "id": 1896, "geometry": {"type": "LineString", "coordinates": [[40.0633620002562, 38.7376440003704], [40.1231710001416, 38.7320650002996], [40.1829789999809, 38.7264860002288], [40.2427669997973, 38.7208260000199], [40.3025539995675, 38.715164999765], [40.3626469999591, 38.7121419997536], [40.4227390003047, 38.709117999696], [40.4796620002012, 38.7244740000751], [40.5365840000516, 38.7398290004081], [40.588177999715, 38.7641090004301], [40.6397720002776, 38.788388000406], [40.679807000193, 38.8072279995725], [40.7198430001544, 38.8260679996385]]}, "properties": {"OBJECTID": 1896, "catalog_id": "ME_TRCS047", "catalog_na": "EMME", "name": " ", "slip_type": "Sinistral-Reverse", "Shape__Length": 0.681034106600786}}, {"type": "Feature", "id": 7306, "geometry": {"type": "LineString", "coordinates": [[26.8072999998951, 39.5697000003548], [26.9000819995846, 39.616411999714], [26.9928919996661, 39.663137999719], [27.0857449999319, 39.7098859998391], [27.1786420004281, 39.7566560000744], [27.2715840003014, 39.8034480004249], [27.3645700004053, 39.8502630000375], [27.4575999998402, 39.8970999997652]]}, "properties": {"OBJECTID": 7306, "catalog_id": "EUR_TRCS032", "catalog_na": "SHARE", "name": " ", "slip_type": "Dextral", "Shape__Length": 0.7280665145062215}}, {"type": "Feature", "id": 7452, "geometry": {"type": "LineString", "coordinates": [[35.1382860002987, 38.0449050002656], [35.1288640001735, 38.1301149997075], [35.1186060001668, 38.2228869998352], [35.0992010001261, 38.3147510003585], [35.0755280002171, 38.4060000003997], [35.0589049998659, 38.4982069996533], [35.1219980001077, 38.5771759999725], [35.1851120004185, 38.6561689995997], [35.2735490002862, 38.718668000328], [35.37122599998, 38.7722210003989], [35.4689510000886, 38.8258009999163], [35.566724999759, 38.8794079997794], [35.6645479998903, 38.9330419999883], [35.7624199995834, 38.9867029996438]]}, "properties": {"OBJECTID": 7452, "catalog_id": "EUR_TRCS179", "catalog_na": "SHARE", "name": " ", "slip_type": "Sinistral", "Shape__Length": 1.3289300542924591}}, {"type": "Feature", "id": 2042, "geometry": {"type": "LineString", "coordinates": [[28.3748630000275, 39.8184299997448], [28.3252999995954, 39.791081000288], [28.2757360000164, 39.7637319999319], [28.2261979998379, 39.7363970002214], [28.1766599996593, 39.7090629996578], [28.1271479997804, 39.6817429997397], [28.0776369999476, 39.6544219997755], [28.0281510003684, 39.6271159996037], [27.9786649998899, 39.5998100003313], [27.929204999711, 39.5725189999519], [27.8797450004315, 39.5452270004258], [27.830310999653, 39.5179499997927], [27.7808759997276, 39.4906720000129], [27.7314540004019, 39.4634009996565], [27.6820320001767, 39.4361300001994]]}, "properties": {"OBJECTID": 2042, "catalog_id": "ME_TRCS233", "catalog_na": "EMME", "name": " ", "slip_type": "Dextral", "Shape__Length": 0.791307831403613}}, {"type": "Feature", "id": 2028, "geometry": {"type": "LineString", "coordinates": [[28.9111080004339, 39.1018789996162], [28.963712999955, 39.0821289998535], [29.0163180003755, 39.0623790000909], [29.0688989996891, 39.0426379998439], [29.1214799999021, 39.0228969995969], [29.1740369999077, 39.003164999765], [29.2265939999132, 38.9834319998869], [29.2791269997113, 38.9637080004239], [29.3316600004088, 38.9439850001077], [29.3899329996083, 38.942194000253], [29.4482059997072, 38.9404020003521], [29.5035339997943, 38.9547629998127], [29.5588619998815, 38.9691230001264], [29.6099139997314, 38.9823739996604], [29.6609650004345, 38.9956250000938]]}, "properties": {"OBJECTID": 2028, "catalog_id": "ME_TRCS208", "catalog_na": "EMME", "name": " ", "slip_type": "Normal", "Shape__Length": 0.7856254342139051}}, {"type": "Feature", "id": 2265, "geometry": {"type": "LineString", "coordinates": [[44.1009129999351, 39.3643840002215], [44.1413050001257, 39.3168649996201], [44.1860339997693, 39.2463050003755], [44.2405169995599, 39.2232280000722]]}, "properties": {"OBJECTID": 2265, "catalog_id": "ME_IR149s4", "catalog_na": "EMME", "name": " ", "slip_type": "Dextral", "Shape__Length": 0.20507798063959717}}, {"type": "Feature", "id": 2194, "geometry": {"type": "LineString", "coordinates": [[44.345405999987, 41.2417250001087], [44.3221979999378, 41.2555180003555], [44.2988689997046, 41.2797520000548], [44.2859690001693, 41.2854320002866], [44.2143849995682, 41.3160650000997], [44.1234470003788, 41.3860889998076], [44.0247230000664, 41.446940000081], [43.9497620002162, 41.5090089998655], [43.8869199998582, 41.5630530000959]]}, "properties": {"OBJECTID": 2194, "catalog_id": "ME_G29s1s1", "catalog_na": "EMME", "name": " ", "slip_type": "Dextral", "Shape__Length": 0.5635461639737871}}, {"type": "Feature", "id": 7695, "geometry": {"type": "LineString", "coordinates": [[33.4251650002646, 39.4073969998717], [33.4993920004405, 39.3638429995548], [33.5933050001257, 39.3087399999511], [33.6871700002953, 39.2536629997477], [33.7809890001423, 39.1986139999362], [33.8747609996205, 39.1435919995712], [33.9706620001513, 39.0909039998198], [34.072350999599, 39.04530399958], [34.1750479996655, 39.0011799999571], [34.2776960001704, 38.9570760003572], [34.3728749997815, 38.9038770004233], [34.4801000000151, 38.8671900002184], [34.5792039998648, 38.8186700002204], [34.678261000245, 38.7701740004298]]}, "properties": {"OBJECTID": 7695, "catalog_id": "EUR_TRCS437", "catalog_na": "SHARE", "name": " ", "slip_type": "Dextral", "Shape__Length": 1.4086402623018555}}, {"type": "Feature", "id": 7412, "geometry": {"type": "LineString", "coordinates": [[40.5520419997385, 38.8124219998754], [40.4829839996119, 38.8831739998802], [40.4048780004194, 38.9481780001146]]}, "properties": {"OBJECTID": 7412, "catalog_id": "EUR_TRCS139", "catalog_na": "SHARE", "name": " ", "slip_type": "Dextral", "Shape__Length": 0.20048511383884512}}, {"type": "Feature", "id": 7363, "geometry": {"type": "LineString", "coordinates": [[43.0877300001395, 40.003060000119], [43.14722599998, 39.9677830001854], [43.243931999862, 39.9104409998523], [43.3405890001823, 39.8531300000495], [43.4371939999032, 39.7958479997854], [43.5337490000164, 39.7385960000054], [43.6334989999789, 39.6847619995667], [43.7214020004021, 39.6199110000927], [43.834124999669, 39.5846550002281], [43.9215970000016, 39.5195580002016], [44.0086249996441, 39.4541759996227], [44.0987530001509, 39.391414000256]]}, "properties": {"OBJECTID": 7363, "catalog_id": "EUR_TRCS090", "catalog_na": "SHARE", "name": " ", "slip_type": "Dextral", "Shape__Length": 1.1869406227252153}}, {"type": "Feature", "id": 1910, "geometry": {"type": "LineString", "coordinates": [[42.2150520001497, 39.7828939995585], [42.2732179998109, 39.7666620001513], [42.3313840003714, 39.7504289997985], [42.389980000077, 39.7352019999724], [42.4485759997826, 39.7199740001001], [42.5088919996661, 39.7095159998636], [42.5692070004028, 39.699057999627], [42.6262359997916, 39.6807279996975], [42.6832640000336, 39.6623969997218], [42.7340369996079, 39.6353149999873], [42.7918560003542, 39.6136599996094], [42.8465780003744, 39.5836279996325], [42.8986579999668, 39.5549530001809], [42.9796079999093, 39.4843190002217], [43.0138849995931, 39.4474990001788]]}, "properties": {"OBJECTID": 1910, "catalog_id": "ME_TRCS068", "catalog_na": "EMME", "name": " ", "slip_type": "Dextral", "Shape__Length": 0.8829950101608088}}, {"type": "Feature", "id": 6865, "geometry": {"type": "LineString", "coordinates": [[23.5740980004225, 40.3888990000888], [23.6002240001375, 40.3846120002437], [23.6365790003206, 40.378648000405], [23.6608839996969, 40.3746599999591], [23.6857590001778, 40.3690510003035], [23.7355080001941, 40.3543810000832], [23.758724999759, 40.3461829997457], [23.7852580002565, 40.3358279997624], [23.8250580001267, 40.326767000097], [23.8648579999967, 40.3177060004316], [23.9013409997874, 40.3099390001848], [23.9405880002361, 40.30087799962], [23.9924289995987, 40.2923629999526], [24.0324830003902, 40.2886480004049], [24.0725370002824, 40.284932999958], [24.1328839997968, 40.2809529998811], [24.180817999751, 40.2811029996038], [24.2172950001642, 40.2813949995796], [24.2574409998023, 40.2859920002307]]}, "properties": {"OBJECTID": 6865, "catalog_id": "EUR_GRCS270", "catalog_na": "SHARE", "name": " ", "slip_type": "Sinistral-Normal", "Shape__Length": 0.6959197577472712}}, {"type": "Feature", "id": 2145, "geometry": {"type": "LineString", "coordinates": [[28.0099100000465, 36.8272699997108], [27.97034800036, 36.8258230004312], [27.9307869998202, 36.8243770002984], [27.8912250001337, 36.8229300001195], [27.8516659996862, 36.8214829999405], [27.8121060000919, 36.8200369998078], [27.7725469996444, 36.8185899996288], [27.7329849999578, 36.8171430003492], [27.6934240003174, 36.8156970002165], [27.5925990002437, 36.8009229996968], [27.5323249995991, 36.8036729997092]]}, "properties": {"OBJECTID": 2145, "catalog_id": "ME_TRCS394", "catalog_na": "EMME", "name": " ", "slip_type": "Normal", "Shape__Length": 0.4789359041852039}}, {"type": "Feature", "id": 7481, "geometry": {"type": "LineString", "coordinates": [[29.6609650004345, 38.9956250000938], [29.5588619998815, 38.9691230001264], [29.4482059997072, 38.9404020003521], [29.3316600004088, 38.9439850001077], [29.2265939999132, 38.9834319998869], [29.1214799999021, 39.0228969995969], [29.0163180003755, 39.0623790000909], [28.9111080004339, 39.1018789996162]]}, "properties": {"OBJECTID": 7481, "catalog_id": "EUR_TRCS208", "catalog_na": "SHARE", "name": " ", "slip_type": "Normal", "Shape__Length": 0.7856254341974254}}, {"type": "Feature", "id": 7555, "geometry": {"type": "LineString", "coordinates": [[30.8691339997343, 38.589295000364], [30.8432379998339, 38.5188490000813], [30.7871160000034, 38.4559489997466], [30.712204999761, 38.4065270004208]]}, "properties": {"OBJECTID": 7555, "catalog_id": "EUR_TRCS283", "catalog_na": "SHARE", "name": " ", "slip_type": "Normal", "Shape__Length": 0.24909769615009164}}, {"type": "Feature", "id": 2171, "geometry": {"type": "LineString", "coordinates": [[34.4830019998425, 37.1532330003027], [34.3932680004179, 37.1012580001566], [34.3035750001862, 37.0493060001718], [34.2139220000004, 36.9973780003945], [34.1243099999066, 36.9454729998791], [34.0347379998589, 36.8935910004244], [33.9452059998571, 36.8417330002778], [33.8557139999012, 36.7898980002925], [33.7662619999913, 36.7380859995693], [33.6768500001274, 36.6862969999067], [33.5874780003095, 36.6345310004054], [33.4981309998458, 36.5827799997972]]}, "properties": {"OBJECTID": 2171, "catalog_id": "ME_TRCS439", "catalog_na": "EMME", "name": " ", "slip_type": "Sinistral", "Shape__Length": 1.13815091812527}}, {"type": "Feature", "id": 2122, "geometry": {"type": "LineString", "coordinates": [[26.7789700001654, 38.1061400002608], [26.7929900000885, 38.1383839997218], [26.8070089999654, 38.1706290001283], [26.8210289998885, 38.2028729995893], [26.8350509999038, 38.2351220001802], [26.8490719998729, 38.2673699998257], [26.8630939998882, 38.2996190004166], [26.8879919996311, 38.3244939999981], [26.9128900002734, 38.3493689995797], [26.9377880000162, 38.3742440000606]]}, "properties": {"OBJECTID": 2122, "catalog_id": "ME_TRCS361", "catalog_na": "EMME", "name": " ", "slip_type": "Dextral", "Shape__Length": 0.3165607214483589}}, {"type": "Feature", "id": 7532, "geometry": {"type": "LineString", "coordinates": [[31.2297999998701, 37.6674619998715], [31.2352399998262, 37.6354809999482], [31.2505459996982, 37.545508000294], [31.2751169996499, 37.4568389996202], [31.2920279997924, 37.3670520004495], [31.2821419998535, 37.2766039995749], [31.2923969997218, 37.1861839999917], [31.2794339999792, 37.0959879999463], [31.2856889997476, 37.005337999649]]}, "properties": {"OBJECTID": 7532, "catalog_id": "EUR_TRCS260", "catalog_na": "SHARE", "name": " ", "slip_type": "Normal", "Shape__Length": 0.6710567989478156}}, {"type": "Feature", "id": 1859, "geometry": {"type": "LineString", "coordinates": [[26.5421689995997, 36.1603339997143], [26.5784409995525, 36.1539359996467], [26.6147130004047, 36.1475370004323], [26.6681270003608, 36.1387610004199], [26.7070510003035, 36.1368110004274], [26.7459750002461, 36.1348600003888], [26.7848990001888, 36.1329100003962], [26.8223159998835, 36.1318239997778], [26.8597339996244, 36.1307380000587], [26.8971510002185, 36.1296520003396]]}, "properties": {"OBJECTID": 1859, "catalog_id": "ME_GRCS981", "catalog_na": "EMME", "name": " ", "slip_type": "Normal", "Shape__Length": 0.35701198794930067}}, {"type": "Feature", "id": 2102, "geometry": {"type": "LineString", "coordinates": [[26.9466399999361, 38.7645089999904], [26.9683619998065, 38.8008399999661], [26.990084999723, 38.8371709999417], [27.011811999824, 38.8735090002402], [27.0335379998788, 38.9098469996394], [27.0552680001182, 38.9461910002145], [27.0769980003575, 38.9825349998904], [27.0987329999281, 39.0188869999351], [27.1204670003518, 39.0552379999338]]}, "properties": {"OBJECTID": 2102, "catalog_id": "ME_TRCS319", "catalog_na": "EMME", "name": " ", "slip_type": "Sinistral-Normal", "Shape__Length": 0.3387317190469801}}, {"type": "Feature", "id": 7438, "geometry": {"type": "LineString", "coordinates": [[38.3270069998732, 39.0949320003116], [38.3006549996286, 39.0348119995742], [38.2690900000035, 38.9472499995879], [38.2304939998982, 38.8614190002867], [38.2007659995513, 38.7734830001404], [38.1695420003631, 38.6858719996931], [38.131678999886, 38.5998780000697], [38.0715020001173, 38.5220639999537], [38.0245139997214, 38.4389000004347], [37.9755740001401, 38.3564479995756], [37.9266440001206, 38.2740130003997], [37.8732599997492, 38.1933249999489], [37.7920199999231, 38.1286050002207], [37.6969160001733, 38.0769500004422], [37.5928809995585, 38.0374700000405], [37.4948479996355, 37.9894729998791]]}, "properties": {"OBJECTID": 7438, "catalog_id": "EUR_TRCS165", "catalog_na": "SHARE", "name": " ", "slip_type": "Sinistral", "Shape__Length": 1.4475274612128626}}, {"type": "Feature", "id": 1936, "geometry": {"type": "LineString", "coordinates": [[44.5593290004331, 39.2956669996324], [44.4564989996292, 39.3836249998939], [44.415797999578, 39.4138499997777], [44.3751100001265, 39.4441149997075], [44.3344209997294, 39.4743789995912], [44.3019699997158, 39.5101069996384], [44.269517999656, 39.5458339996394], [44.237143999596, 39.5816199996633], [44.2047690003891, 39.6174059996872], [44.1723849998679, 39.6532030002184], [44.1400000001999, 39.6889999998502]]}, "properties": {"OBJECTID": 1936, "catalog_id": "ME_TRCS096", "catalog_na": "EMME", "name": " ", "slip_type": "Dextral", "Shape__Length": 0.5770218793513344}}, {"type": "Feature", "id": 6679, "geometry": {"type": "LineString", "coordinates": [[25.8104660004057, 42.6810789999959], [25.8511980000877, 42.6919919996311], [25.8863780000447, 42.6947200004277], [25.9289580004115, 42.694045999923], [25.9789499999426, 42.6967480004199], [26.0270900004032, 42.6947200004277], [26.0659700001154, 42.6906269996364], [26.1363300000295, 42.6838069998932]]}, "properties": {"OBJECTID": 6679, "catalog_id": "EUR_BGCS038", "catalog_na": "SHARE", "name": " ", "slip_type": "Normal", "Shape__Length": 0.3280717984130338}}, {"type": "Feature", "id": 1836, "geometry": {"type": "LineString", "coordinates": [[33.4067500000126, 34.8445340003439], [33.4463440002754, 34.8110569997808], [33.485937999639, 34.7775790000708], [33.5336490001013, 34.7521409997074], [33.5813599996643, 34.7267030002433], [33.6422920000758, 34.6932289998185], [33.703223999588, 34.6597540002469], [33.7537290002932, 34.6410360004111], [33.8042340000991, 34.622317999676], [33.8539529996313, 34.6170300004342], [33.9036720000628, 34.6117420002931], [33.9639750002461, 34.589011999804], [34.034364999745, 34.5750230004112], [34.07966499964, 34.5569909998349], [34.1249650004345, 34.5389580001117], [34.180440000106, 34.5198779997699], [34.2359139997313, 34.5007970002814], [34.2979750000463, 34.4987720004276], [34.3600360003612, 34.4967469996744]]}, "properties": {"OBJECTID": 1836, "catalog_id": "ME_GRCS698", "catalog_na": "EMME", "name": " ", "slip_type": "Reverse", "Shape__Length": 1.0338456272393306}}, {"type": "Feature", "id": 2002, "geometry": {"type": "LineString", "coordinates": [[35.3512529998262, 38.0788279998124], [35.3693050004255, 38.1159450000617], [35.3873580001716, 38.153061000265], [35.40541300001, 38.1901819997995], [35.4234679998484, 38.2273030002333], [35.4415249997789, 38.2644289999984], [35.4595819997096, 38.3015549997635], [35.4776419997785, 38.3386879998513], [35.4957019998475, 38.3758199998931]]}, "properties": {"OBJECTID": 2002, "catalog_id": "ME_TRCS180", "catalog_na": "EMME", "name": " ", "slip_type": "Sinistral", "Shape__Length": 0.33025711457809126}}, {"type": "Feature", "id": 2008, "geometry": {"type": "LineString", "coordinates": [[37.2619090000004, 39.8413950002791], [37.1978500001774, 39.8183410001371], [37.1619729995543, 39.8006999996053], [37.1313809998333, 39.7762960001604], [37.0998609995855, 39.7526260003897], [37.068341000237, 39.7289549996735], [37.0368209999892, 39.7052849999029], [37.0061090001303, 39.6836640001935], [36.9613039996799, 39.6660999996154], [36.8565869999901, 39.6244499998676], [36.773828000262, 39.580693000082]]}, "properties": {"OBJECTID": 2008, "catalog_id": "ME_TRCS186", "catalog_na": "EMME", "name": " ", "slip_type": "Sinistral-Normal", "Shape__Length": 0.5574433236311391}}, {"type": "Feature", "id": 7289, "geometry": {"type": "LineString", "coordinates": [[31.5181180001456, 40.7181640000686], [31.43723899988, 40.7181870002299]]}, "properties": {"OBJECTID": 7289, "catalog_id": "EUR_TRCS011", "catalog_na": "SHARE", "name": " ", "slip_type": "Dextral", "Shape__Length": 0.08087900353603104}}, {"type": "Feature", "id": 1953, "geometry": {"type": "LineString", "coordinates": [[42.5520580000767, 41.3820339998692], [42.5834760001173, 41.4031679996036], [42.6148950002042, 41.4243030002833], [42.6463130002448, 41.4454370000176], [42.6777480001701, 41.4665830003053], [42.7091840001415, 41.4877279996475], [42.7406190000668, 41.5088739999352], [42.772072999969, 41.5300319998769], [42.8035259998251, 41.5511899998187]]}, "properties": {"OBJECTID": 1953, "catalog_id": "ME_TRCS116", "catalog_na": "EMME", "name": " ", "slip_type": "Sinistral", "Shape__Length": 0.30306749615952583}}, {"type": "Feature", "id": 1959, "geometry": {"type": "LineString", "coordinates": [[39.3212040000646, 40.10716100018], [39.3784040001445, 40.1129209996045], [39.4356030001784, 40.1186799998821], [39.4914970002864, 40.1077579998319], [39.5473900003483, 40.0968359997816], [39.6018760002772, 40.1113409995875], [39.6563620002062, 40.1258460002927], [39.710835000435, 40.1404310001906], [39.7653069997183, 40.1550160000884], [39.8198010000162, 40.1696070002629], [39.8742940002679, 40.1841970003913], [39.929744999732, 40.1965580002516], [39.9851970001415, 40.2089190001118], [40.041055000388, 40.2202219997455], [40.0969119996891, 40.2315240002325], [40.1527869998203, 40.2428310000507], [40.2086619999514, 40.2541369998227], [40.3092800003718, 40.2744969998367]]}, "properties": {"OBJECTID": 1959, "catalog_id": "ME_TRCS122", "catalog_na": "EMME", "name": " ", "slip_type": "Sinistral", "Shape__Length": 1.011530901201602}}, {"type": "Feature", "id": 6656, "geometry": {"type": "LineString", "coordinates": [[25.2989180003655, 42.5899540002769], [25.3550139998962, 42.5974430002943], [25.3938809999083, 42.6027420000433], [25.4593370003024, 42.6049330003577], [25.5075650003246, 42.6049330003577], [25.5541130002148, 42.6056330002628], [25.591988000346, 42.6121989999839], [25.6419799998772, 42.6149009995815], [25.6864170004443, 42.6216549998784], [25.7345549999134, 42.6257079997245], [25.7808430004042, 42.6284100002214]]}, "properties": {"OBJECTID": 6656, "catalog_id": "EUR_BGCS015", "catalog_na": "SHARE", "name": " ", "slip_type": "Normal", "Shape__Length": 0.48422152970615123}}, {"type": "Feature", "id": 7389, "geometry": {"type": "LineString", "coordinates": [[42.8349799997272, 41.5723479997604], [42.7406190000668, 41.5088739999352], [42.6463130002448, 41.4454370000176], [42.5520580000767, 41.3820339998692]]}, "properties": {"OBJECTID": 7389, "catalog_id": "EUR_TRCS116", "catalog_na": "SHARE", "name": " ", "slip_type": "Sinistral", "Shape__Length": 0.34097547777075243}}, {"type": "Feature", "id": 2151, "geometry": {"type": "LineString", "coordinates": [[40.4556499999476, 41.3598599998392], [40.3951349998804, 41.3545699996059], [40.3346199998132, 41.3492790002257], [40.274114000161, 41.3439900000385], [40.2136089996557, 41.3386999998052], [40.1531139996114, 41.3334119996641], [40.0926180004204, 41.3281230003762], [40.032132999938, 41.3228350002351], [39.9716470003088, 41.317547000094], [39.9111710002415, 41.3122599999991], [39.8506950001742, 41.3069729999041], [39.7902289996687, 41.3016869998552], [39.7297620000164, 41.2963999997602], [39.6693049999259, 41.2911149997575], [39.6088479998354, 41.2858299997548], [39.5484010002061, 41.2805459997981], [39.4879539996774, 41.2752609997954], [39.4274969995869, 41.2699759997926], [39.3670400003958, 41.2646899997437]]}, "properties": {"OBJECTID": 2151, "catalog_id": "ME_TRCS409", "catalog_na": "EMME", "name": " ", "slip_type": "Reverse", "Shape__Length": 1.0927621242093548}}, {"type": "Feature", "id": 1979, "geometry": {"type": "LineString", "coordinates": [[39.3977500001624, 39.8842590002527], [39.4537679996935, 39.885620000063], [39.5085590001977, 39.8947029998436], [39.5633489997566, 39.9037849995781], [39.6163830001753, 39.9177559999395], [39.6694169996948, 39.9317260002547], [39.7246879998514, 39.9390540000421], [39.7799590000079, 39.9463819998295], [39.8357790003007, 39.9506790001358], [39.891597999648, 39.9549760004421], [39.9473820000793, 39.9595970004013], [40.0031649995651, 39.9642170003144], [40.0575549995636, 39.9748149998125], [40.1119440004153, 39.9854130002099], [40.1637410004469, 40.0020029999386], [40.2155379995791, 40.0185929996672], [40.2627329996283, 40.0419189997621], [40.3099289997236, 40.0652439998108], [40.3850170000346, 40.1055860003937]]}, "properties": {"OBJECTID": 1979, "catalog_id": "ME_TRCS147", "catalog_na": "EMME", "name": " ", "slip_type": "Sinistral", "Shape__Length": 1.0223567286756217}}, {"type": "Feature", "id": 2079, "geometry": {"type": "LineString", "coordinates": [[29.5896299996248, 36.155942000423], [29.6251550002032, 36.1704510004134], [29.6606809999283, 36.1849600004037], [29.6962059996072, 36.1994690003941], [29.7137769996089, 36.2283130004446], [29.7313489996566, 36.2571560004491], [29.7489199996583, 36.2859999996003], [29.7790729998192, 36.3070360002113], [29.8092270000261, 36.3280719999229], [29.8393800001869, 36.3491079996346], [29.8720759998076, 36.3820360000614], [29.9047710002815, 36.414963999589]]}, "properties": {"OBJECTID": 2079, "catalog_id": "ME_TRCS282", "catalog_na": "EMME", "name": " ", "slip_type": "Dextral-Normal", "Shape__Length": 0.41954915543104243}}, {"type": "Feature", "id": 2128, "geometry": {"type": "LineString", "coordinates": [[27.2361549996535, 38.5113850003175], [27.2785569999057, 38.4906530002359], [27.3209600002039, 38.4699220002002], [27.3633459997181, 38.4491999996803], [27.4057310000856, 38.4284770000136], [27.4542979995531, 38.4203070000681], [27.5028649999198, 38.4121370001225]]}, "properties": {"OBJECTID": 2128, "catalog_id": "ME_TRCS369", "catalog_na": "EMME", "name": " ", "slip_type": "Dextral-Normal", "Shape__Length": 0.28725723987645446}}, {"type": "Feature", "id": 2022, "geometry": {"type": "LineString", "coordinates": [[29.2172820003641, 40.1664599999291], [29.270270999607, 40.1501270003608], [29.3232599997493, 40.1337929998471], [29.3704159997986, 40.1091680001032], [29.4175709998019, 40.0845420003131], [29.4601920002606, 40.0555099996868], [29.5028129998202, 40.0264769999137], [29.5522970002065, 40.0047879997664], [29.6017809996935, 39.9830979995731], [29.6489719995582, 39.9586279997824], [29.6961620002762, 39.9341569999456], [29.7496690000244, 39.9192159998186], [29.8031749997265, 39.9042749996916], [29.8590960001803, 39.8961229996767], [29.9150169997348, 39.8879699996158], [29.9689419998734, 39.8740269996464], [30.022865999966, 39.8600829996308], [30.061520000048, 39.8543080004139]]}, "properties": {"OBJECTID": 2022, "catalog_id": "ME_TRCS202", "catalog_na": "EMME", "name": " ", "slip_type": "Dextral-Normal", "Shape__Length": 0.9094175645934588}}, {"type": "Feature", "id": 7418, "geometry": {"type": "LineString", "coordinates": [[40.2742029997687, 38.9295859997941], [40.1485929997672, 39.0089959997656]]}, "properties": {"OBJECTID": 7418, "catalog_id": "EUR_TRCS145", "catalog_na": "SHARE", "name": " ", "slip_type": "Dextral", "Shape__Length": 0.14860625893905205}}, {"type": "Feature", "id": 1879, "geometry": {"type": "LineString", "coordinates": [[27.4659999996003, 40.2715000001249], [27.5056400001859, 40.2707460004276], [27.5452789998261, 40.2699909997849], [27.5849190004116, 40.2692370000875], [27.6221889996227, 40.2795859997941], [27.6594589997331, 40.2899350004], [27.6967289998435, 40.3002840001066], [27.7325430002593, 40.3133120001488], [27.7683569997758, 40.3263390001448], [27.8041710001916, 40.3393670001869], [27.8571360001263, 40.358634000159], [27.9101000000151, 40.377900000085]]}, "properties": {"OBJECTID": 1879, "catalog_id": "ME_TRCS024", "catalog_na": "EMME", "name": " ", "slip_type": "Dextral", "Shape__Length": 0.4620304012125751}}, {"type": "Feature", "id": 1916, "geometry": {"type": "LineString", "coordinates": [[42.9050000001499, 40.2601999997303], [42.8483809998833, 40.2458560001543], [42.7917619996167, 40.231510999633], [42.7354110000177, 40.2166129996903], [42.6790600004188, 40.2017159997936], [42.6239010000312, 40.1844640001136], [42.5687409995975, 40.1672120004336], [42.5114970001865, 40.1545930003667], [42.45425199983, 40.1419740002999], [42.4001709996919, 40.1229139999812], [42.3460890004071, 40.1038539996624], [42.2906079995596, 40.0873700003253], [42.2351259995653, 40.0708860000889], [42.1808130004197, 40.0553929996872], [42.1265000003748, 40.0399000001849]]}, "properties": {"OBJECTID": 1916, "catalog_id": "ME_TRCS076", "catalog_na": "EMME", "name": " ", "slip_type": "Sinistral", "Shape__Length": 0.8096160876503116}}, {"type": "Feature", "id": 7369, "geometry": {"type": "LineString", "coordinates": [[44.1400000001999, 39.6889999998502], [44.2047690003891, 39.6174059996872], [44.269517999656, 39.5458339996394], [44.3344209997294, 39.4743789995912], [44.415797999578, 39.4138499997777], [44.4971999996803, 39.35340000001]]}, "properties": {"OBJECTID": 7369, "catalog_id": "EUR_TRCS096", "catalog_na": "SHARE", "name": " ", "slip_type": "Dextral", "Shape__Length": 0.49240151484733663}}, {"type": "Feature", "id": 6977, "geometry": {"type": "LineString", "coordinates": [[26.2376139996864, 37.4355279998174], [26.2743979998679, 37.4697499996628], [26.3111820000493, 37.5039720004075], [26.3357049995861, 37.5289249999888], [26.3602269999761, 37.5538789996162], [26.3847500004122, 37.5788320000968], [26.422897999643, 37.6109150002271], [26.4610459997731, 37.6429980003575], [26.4951060002418, 37.6750809995885], [26.5291659998111, 37.7071639997189], [26.5622759996377, 37.7361970003913], [26.5953860003637, 37.7652300001644], [26.6195460002477, 37.7981680001531]]}, "properties": {"OBJECTID": 6977, "catalog_id": "EUR_GRCS910", "catalog_na": "SHARE", "name": " ", "slip_type": "Dextral-Normal", "Shape__Length": 0.5276359369816902}}, {"type": "Feature", "id": 1973, "geometry": {"type": "LineString", "coordinates": [[34.271970999662, 37.1632950002641], [34.3223029995838, 37.1901529995613], [34.3726340003589, 37.2170099997118], [34.4229899995889, 37.2438809996085], [34.4733459997182, 37.2707510003584], [34.5144440000906, 37.30625199983], [34.5555429996098, 37.3417520001547], [34.6072039996649, 37.3671129996653], [34.65886499972, 37.392473000029], [34.7035310000556, 37.4251949999493], [34.7481970003913, 37.4579159998236], [34.7845729997442, 37.4745820003591], [34.8209489999964, 37.4912469999491]]}, "properties": {"OBJECTID": 1973, "catalog_id": "ME_TRCS137", "catalog_na": "EMME", "name": " ", "slip_type": "Sinistral", "Shape__Length": 0.6427300013974678}}, {"type": "Feature", "id": 6648, "geometry": {"type": "LineString", "coordinates": [[26.2706099996518, 42.1603910002445], [26.3090339999192, 42.1341640003684], [26.3308660003657, 42.1165700002054], [26.3526979999128, 42.0989760000424], [26.3794820002941, 42.0693410003869], [26.40626499973, 42.0397059998321], [26.4253640000486, 42.018027000146], [26.4444630003673, 41.9963479995606], [26.462867000112, 41.9710569996809], [26.4812709998568, 41.945764999755], [26.4979399996313, 41.9266670003818], [26.514608000259, 41.9075690001093], [26.5403049999758, 41.8831370002724], [26.5660009996465, 41.8587059995822], [26.5916980002626, 41.8342739997453]]}, "properties": {"OBJECTID": 6648, "catalog_id": "EUR_BGCS007", "catalog_na": "SHARE", "name": " ", "slip_type": "Normal", "Shape__Length": 0.45990120379668725}}, {"type": "Feature", "id": 2059, "geometry": {"type": "LineString", "coordinates": [[32.7695400002709, 39.9493500000025], [32.7312309999108, 39.9330490001113], [32.6929229995968, 39.9167480002201], [32.6546140001361, 39.9004470003289], [32.6163259998451, 39.8841549999534], [32.5780379995541, 39.867862000431], [32.5397500001624, 39.8515700000555]]}, "properties": {"OBJECTID": 2059, "catalog_id": "ME_TRCS254", "catalog_na": "EMME", "name": " ", "slip_type": "Sinistral", "Shape__Length": 0.24972859776884282}}, {"type": "Feature", "id": 2222, "geometry": {"type": "LineString", "coordinates": [[43.3109260001348, 41.7785949996596], [43.3762180001606, 41.786611999744], [43.4308359998815, 41.7898990002387], [43.5131259995653, 41.7885180004055], [43.5581759996227, 41.7949739995505], [43.6403209998143, 41.8136229998017], [43.7125670003668, 41.8379860000539], [43.7376630002473, 41.8617939998932], [43.7749209998044, 41.8680800001919], [43.851585999994, 41.8718139997164], [43.9243989997141, 41.871048000365], [43.9497089995707, 41.887458999933], [43.9988579997969, 41.8908400002658], [44.0618960002003, 41.8971829995958], [44.1245720000978, 41.87153500034], [44.2455129997252, 41.8552409998723], [44.3411269996114, 41.884997999758]]}, "properties": {"OBJECTID": 2222, "catalog_id": "ME_G22s1s4", "catalog_na": "EMME", "name": " ", "slip_type": "Reverse", "Shape__Length": 1.0634176302339406}}, {"type": "Feature", "id": 7383, "geometry": {"type": "LineString", "coordinates": [[43.4430130002498, 38.5429970003113], [43.3134969999866, 38.5331820000493]]}, "properties": {"OBJECTID": 7383, "catalog_id": "EUR_TRCS110", "catalog_na": "SHARE", "name": " ", "slip_type": "Dextral", "Shape__Length": 0.1298873687250749}}, {"type": "Feature", "id": 6991, "geometry": {"type": "LineString", "coordinates": [[26.6725969996519, 37.0597539999472], [26.6263560004292, 37.0361289995537], [26.5801140002609, 37.0125050001057], [26.5338730001389, 36.9888799997123], [26.4956039998248, 36.9752030003183], [26.4573359995568, 36.9615249999788], [26.419067000142, 36.9478479996855], [26.3855820001093, 36.9441180003455], [26.3520970000765, 36.9403870000601], [26.3210039997348, 36.9291970002414], [26.2899110002925, 36.9180060003767], [26.2480889998075, 36.8983600000141], [26.2062660001758, 36.8787139996514], [26.1644439996909, 36.8590680001881]]}, "properties": {"OBJECTID": 6991, "catalog_id": "EUR_GRCS960", "catalog_na": "SHARE", "name": " ", "slip_type": "Normal", "Shape__Length": 0.5497941625990674}}, {"type": "Feature", "id": 7618, "geometry": {"type": "LineString", "coordinates": [[27.1373100000565, 37.9910699997807], [27.0507409999972, 38.0657069999781], [26.9243099999066, 38.0843499999526]]}, "properties": {"OBJECTID": 7618, "catalog_id": "EUR_TRCS353", "catalog_na": "SHARE", "name": " ", "slip_type": "Normal", "Shape__Length": 0.2420997969425779}}, {"type": "Feature", "id": 7581, "geometry": {"type": "LineString", "coordinates": [[29.6014400001559, 39.305740000101], [29.69903899985, 39.2667719999279], [29.7965679999133, 39.2278330001928], [29.8940539997923, 39.1889100002963], [29.9914970003863, 39.1500040002844], [30.0888989999889, 39.1111160002033], [30.1862580003065, 39.0722439999607], [30.2835740004398, 39.0333889996027], [30.3808480004349, 38.9945510000287], [30.4780800002918, 38.9557300003393]]}, "properties": {"OBJECTID": 7581, "catalog_id": "EUR_TRCS310", "catalog_na": "SHARE", "name": " ", "slip_type": "Dextral-Normal", "Shape__Length": 0.9439304475383351}}, {"type": "Feature", "id": 2257, "geometry": {"type": "LineString", "coordinates": [[43.3055189999019, 41.0711979998878], [43.3921269999611, 41.0403760003522], [43.4544269996064, 41.0213129998951], [43.5067099995669, 41.0043780004444], [43.5463670000371, 40.998468000398], [43.6004189997371, 40.9812969999566], [43.6416550001782, 40.9760600003688], [43.6862889999375, 40.9732779997799], [43.7351810000032, 40.9638019998625], [43.7829569998657, 40.9578040002544], [43.8436380003935, 40.9532849996031], [43.9008900001734, 40.9558330001929]]}, "properties": {"OBJECTID": 2257, "catalog_id": "ME_AM1s1", "catalog_na": "EMME", "name": " ", "slip_type": "Dextral", "Shape__Length": 0.6112448132259723}}, {"type": "Feature", "id": 7667, "geometry": {"type": "LineString", "coordinates": [[39.3670400003958, 41.2646899997437], [39.4879539996774, 41.2752609997954], [39.6088479998354, 41.2858299997548], [39.7297620000164, 41.2963999997602], [39.8506950001742, 41.3069729999041], [39.9716470003088, 41.317547000094], [40.0926180004204, 41.3281230003762], [40.2136089996557, 41.3386999998052], [40.3346199998132, 41.3492790002257], [40.4556499999476, 41.3598599998392]]}, "properties": {"OBJECTID": 7667, "catalog_id": "EUR_TRCS409", "catalog_na": "SHARE", "name": " ", "slip_type": "Reverse", "Shape__Length": 1.0927621241854366}}, {"type": "Feature", "id": 6940, "geometry": {"type": "LineString", "coordinates": [[25.0487759997127, 35.3418630002773], [25.0451869996804, 35.3272229996418], [25.0355779999248, 35.3121370000226], [25.0265859998441, 35.2990699999806], [25.0219649998849, 35.2825950001592], [25.008351999845, 35.2605950000593], [25.0035480004399, 35.2423670003369], [24.9995440001555, 35.2235100003863], [24.9987430000894, 35.2027669997972], [25.0011450002416, 35.1876820002242], [25.0027470003738, 35.1707110000127], [25.0059499996928, 35.1575110001326], [25.0035480004399, 35.1455679997634], [24.9987430000894, 35.1336250002936], [24.9923369996529, 35.1229400003808]]}, "properties": {"OBJECTID": 6940, "catalog_id": "EUR_GRCS740", "catalog_na": "SHARE", "name": " ", "slip_type": "Normal", "Shape__Length": 0.23410819876760638}}, {"type": "Feature", "id": 6934, "geometry": {"type": "LineString", "coordinates": [[25.3563379997989, 35.4815389996252], [25.2842900002834, 35.4854399996563], [25.2047859995743, 35.4873899996488], [25.1352220003951, 35.4815389996252], [25.0706260000899, 35.4737389996552], [24.9787000003048, 35.469837999624], [24.9215580002016, 35.4678879996316], [24.8644160000984, 35.465937999639], [24.7960939997383, 35.4708139996664], [24.7277720002776, 35.4756889996477], [24.6681449997919, 35.4747139996514], [24.6085180002056, 35.4737389996552], [24.5401949997994, 35.4678879996316], [24.4718720002926, 35.4620369996079], [24.406034000269, 35.4620369996079], [24.3401960002453, 35.4620369996079]]}, "properties": {"OBJECTID": 6934, "catalog_id": "EUR_GRCS710", "catalog_na": "SHARE", "name": " ", "slip_type": "Normal", "Shape__Length": 1.017999120701376}}, {"type": "Feature", "id": 2357, "geometry": {"type": "LineString", "coordinates": [[36.4453139998413, 36.1265539995675], [36.4115349997405, 36.0096609995555], [36.371901000331, 35.7808969999966]]}, "properties": {"OBJECTID": 2357, "catalog_id": "ME_SY1s5", "catalog_na": "EMME", "name": " ", "slip_type": "Sinistral", "Shape__Length": 0.35384774047330475}}, {"type": "Feature", "id": 7426, "geometry": {"type": "LineString", "coordinates": [[40.5175069998482, 39.1086499997977], [40.523957999662, 39.1678050001007]]}, "properties": {"OBJECTID": 7426, "catalog_id": "EUR_TRCS153", "catalog_na": "SHARE", "name": " ", "slip_type": "Sinistral", "Shape__Length": 0.05950570946931575}}, {"type": "Feature", "id": 7675, "geometry": {"type": "LineString", "coordinates": [[26.8580700002304, 39.7646499999976], [26.9398879997315, 39.8214119996641], [27.0217409999472, 39.8781980004374], [27.1036300000245, 39.9350099997118]]}, "properties": {"OBJECTID": 7675, "catalog_id": "EUR_TRCS417", "catalog_na": "SHARE", "name": " ", "slip_type": "Dextral", "Shape__Length": 0.2988682703176219}}, {"type": "Feature", "id": 7432, "geometry": {"type": "LineString", "coordinates": [[39.5583500003523, 39.4020200001229], [39.6682099997917, 39.4758499999776]]}, "properties": {"OBJECTID": 7432, "catalog_id": "EUR_TRCS159", "catalog_na": "SHARE", "name": " ", "slip_type": "Sinistral", "Shape__Length": 0.13236347062301138}}, {"type": "Feature", "id": 6685, "geometry": {"type": "LineString", "coordinates": [[27.1928679999583, 42.5814300001944], [27.2336069999631, 42.5888030002583], [27.2950729998191, 42.5951240003724], [27.3476709999168, 42.5983550000832], [27.394218999807, 42.5990549999883], [27.4415909999248, 42.603023999558], [27.4973389995952, 42.6077639996089], [27.5328379998738, 42.6145699996059], [27.5709579996121, 42.6165730002438], [27.6202710002066, 42.6235639997788], [27.6744219999754, 42.6245850000977], [27.7207060002817, 42.628590999575]]}, "properties": {"OBJECTID": 6685, "catalog_id": "EUR_BGCS044", "catalog_na": "SHARE", "name": " ", "slip_type": "Normal", "Shape__Length": 0.530670392707404}}, {"type": "Feature", "id": 7332, "geometry": {"type": "LineString", "coordinates": [[36.4763510002985, 36.033458999833], [36.4951219998804, 36.1199119999389], [36.5145639998288, 36.2094530003557], [36.5340059997771, 36.2989970000116], [36.5555329996483, 36.3882349999453], [36.5809920000808, 36.476803999605], [36.6064519996601, 36.5653780003944], [36.6319140002309, 36.653957999662], [36.7065260001748, 36.7223980000677], [36.7919189999619, 36.7822530002758]]}, "properties": {"OBJECTID": 7332, "catalog_id": "EUR_TRCS059", "catalog_na": "SHARE", "name": " ", "slip_type": "Sinistral-Normal", "Shape__Length": 0.8455341579053802}}, {"type": "Feature", "id": 2506, "geometry": {"type": "LineString", "coordinates": [[38.2156849995631, 38.0209550001732], [38.2836739998552, 38.0360369996079], [38.3433659997411, 38.0420109999077], [38.403057999627, 38.0479850002076], [38.4472450003565, 38.0573090003102], [38.5072850001027, 38.0749520000348]]}, "properties": {"OBJECTID": 2506, "catalog_id": "ME_TRCS754", "catalog_na": "EMME", "name": " ", "slip_type": "Sinistral", "Shape__Length": 0.297360716178357}}, {"type": "Feature", "id": 7326, "geometry": {"type": "LineString", "coordinates": [[38.5221609999302, 38.0858220003851], [38.6126659998361, 38.1301389999149], [38.7032079996495, 38.1744730002288], [38.7937900004083, 38.2188269996664]]}, "properties": {"OBJECTID": 7326, "catalog_id": "EUR_TRCS053", "catalog_na": "SHARE", "name": " ", "slip_type": "Sinistral", "Shape__Length": 0.30244444735528897}}, {"type": "Feature", "id": 1965, "geometry": {"type": "LineString", "coordinates": [[42.9030999997652, 37.6792229999415], [43.3893139997414, 37.5223139999912], [43.6465969996519, 37.5017460002778], [43.8262919999759, 37.6042060002068], [43.9043260003447, 37.5910390000499], [44.0244669999522, 37.5015110002325], [44.1537009998013, 37.4045619999364], [44.238683999567, 37.3396630000475], [44.3304619997215, 37.2699939996234], [44.3297819998395, 37.1509480001502]]}, "properties": {"OBJECTID": 1965, "catalog_id": "ME_TRCS129", "catalog_na": "EMME", "name": " ", "slip_type": "Reverse", "Shape__Length": 1.7075903183760355}}, {"type": "Feature", "id": 7283, "geometry": {"type": "LineString", "coordinates": [[37.3562709997069, 40.5077100004162], [37.2500350001152, 40.5504269999062], [37.1254190000868, 40.5697370000626], [36.9994650004095, 40.5833160003332], [36.8809759996427, 40.618565999921], [36.7696920001857, 40.6655370004323], [36.6583489998065, 40.7125330002978]]}, "properties": {"OBJECTID": 7283, "catalog_id": "EUR_TRCS005", "catalog_na": "SHARE", "name": " ", "slip_type": "Dextral", "Shape__Length": 0.732556394864494}}, {"type": "Feature", "id": 2065, "geometry": {"type": "LineString", "coordinates": [[30.9854150003021, 38.0192469996493], [31.0006450002666, 37.9865999995903], [31.015874000185, 37.9539520003846], [31.0311040001495, 37.9213050003256], [31.0546379999438, 37.8918960003002], [31.0781719997381, 37.8624860002288], [31.1017060004316, 37.8330770002034], [31.123824999724, 37.8054359998716], [31.1459449999618, 37.7777940003929], [31.1680640001535, 37.7501530000609]]}, "properties": {"OBJECTID": 2065, "catalog_id": "ME_TRCS261", "catalog_na": "EMME", "name": " ", "slip_type": "Normal", "Shape__Length": 0.3272800980453443}}, {"type": "Feature", "id": 7475, "geometry": {"type": "LineString", "coordinates": [[30.061520000048, 39.8543080004139], [30.022865999966, 39.8600829996308], [29.9150169997348, 39.8879699996158], [29.8031749997265, 39.9042749996916], [29.6961620002762, 39.9341569999456], [29.6017809996935, 39.9830979995731], [29.5028129998202, 40.0264769999137], [29.4175709998019, 40.0845420003131], [29.3232599997493, 40.1337929998471], [29.2172820003641, 40.1664599999291]]}, "properties": {"OBJECTID": 7475, "catalog_id": "EUR_TRCS202", "catalog_na": "SHARE", "name": " ", "slip_type": "Dextral-Normal", "Shape__Length": 0.9094175645537182}}, {"type": "Feature", "id": 6642, "geometry": {"type": "LineString", "coordinates": [[24.6038489998315, 42.299271999803], [24.7043609998603, 42.2595029995638], [24.8237249996091, 42.217394000233], [24.9534709996869, 42.1626760003971], [25.0430350002651, 42.1316460002628], [25.1365810001131, 42.0947060000819], [25.2221629996228, 42.0666310004204], [25.3216789995862, 42.0356020003321], [25.3993009998413, 42.011960000054], [25.5354140003559, 41.9803849999678], [25.667220000103, 41.9514330003328], [25.8361139996614, 41.9401469996843], [26.0056710001166, 41.918555000413], [26.1250470004188, 41.9021930004067], [26.2341770003683, 41.8738999996853], [26.3479919996311, 41.8444929997522]]}, "properties": {"OBJECTID": 6642, "catalog_id": "EUR_BGCS001", "catalog_na": "SHARE", "name": " ", "slip_type": "Sinistral-Normal", "Shape__Length": 1.8119505230814474}}, {"type": "Feature", "id": 14116, "geometry": {"type": "LineString", "coordinates": [[32.1719999998002, 34.4869999998502], [32.1825649995751, 34.4849570000655], [32.1931300002494, 34.4829130002348], [32.2036939999782, 34.4808690004041], [32.2142569996608, 34.4788229995818], [32.2248200002429, 34.4767769996589], [32.2353829999255, 34.4747289996437], [32.2459449995621, 34.4726809996285], [32.2565060000519, 34.4706319995672], [32.2670669996424, 34.468581000313], [32.2776280001322, 34.4665300001594], [32.2881879996765, 34.4644779999598], [32.2987470000741, 34.4624259997601], [32.3093059995722, 34.4603720003676], [32.3198639999237, 34.4583170000296], [32.3304220002751, 34.4562609996455], [32.3409799997273, 34.4542050001607], [32.3515359999865, 34.4521469996843], [32.3620930002918, 34.4500890001073], [32.3726489996517, 34.4480299995849], [32.3832039998647, 34.4459699999156], [32.3937590000779, 34.4439080001541], [32.4043130002448, 34.4418460003927], [32.4148670004118, 34.4397829996857], [32.4254199996333, 34.4377199998781], [32.4359729997542, 34.4356549999783], [32.4465249998289, 34.4335890000324], [32.4570759998576, 34.4315230000864], [32.4676269998862, 34.4294550000483], [32.4781779999148, 34.4273870000101], [32.4887279998973, 34.4253169998797], [32.4992779998798, 34.4232469997493], [32.5098269998163, 34.4211759995728], [32.5203749997065, 34.4191040002495], [32.5309229995968, 34.4170309999807], [32.5414710003864, 34.4149569996658], [32.5520180002306, 34.4128820002042], [32.5625640000287, 34.4108069998432], [32.5731099998267, 34.4087300002893], [32.5836559996247, 34.4066529998361], [32.5942000002299, 34.40457400019], [32.6047449999818, 34.4024949996445], [32.6152889996877, 34.4004149999523], [32.6258320002466, 34.398334000214], [32.6363749999064, 34.3962520004295], [32.6469170004193, 34.3941689996996], [32.6574590000329, 34.3920849998229], [32.6679999996003, 34.3899999999001]]}, "properties": {"OBJECTID": 14116, "catalog_id": "PB_5462.0", "catalog_na": "Bird 2003", "name": " ", "slip_type": "Subduction_Thrust", "Shape__Length": 0.5053962819349558}}, {"type": "Feature", "id": 7624, "geometry": {"type": "LineString", "coordinates": [[27.2568400002659, 38.1803699996758], [27.2064690003442, 38.0848250002736], [27.1885250002287, 37.9774729995793]]}, "properties": {"OBJECTID": 7624, "catalog_id": "EUR_TRCS359", "catalog_na": "SHARE", "name": " ", "slip_type": "Dextral", "Shape__Length": 0.2168509989642415}}, {"type": "Feature", "id": 7575, "geometry": {"type": "LineString", "coordinates": [[30.112460000129, 38.0014669999022], [30.1026700001204, 37.9777459995782], [30.0908799996124, 37.8941239996229], [30.0149089999504, 37.8351169998497], [29.9139669998772, 37.8082619997915], [29.8254170001945, 37.7615549997635], [29.7234840002864, 37.7374099996718], [29.6449039999197, 37.6807160004431]]}, "properties": {"OBJECTID": 7575, "catalog_id": "EUR_TRCS304", "catalog_na": "SHARE", "name": " ", "slip_type": "Normal", "Shape__Length": 0.6125225795992079}}, {"type": "Feature", "id": 2165, "geometry": {"type": "LineString", "coordinates": [[42.9441790001608, 39.209531999802], [42.9089840004114, 39.1957130001549], [42.8737889997626, 39.1818929995623], [42.8385940000131, 39.1680739999152], [42.8034160001483, 39.1542609996455], [42.7682370002374, 39.1404480002751], [42.7330590003726, 39.1266350000053]]}, "properties": {"OBJECTID": 2165, "catalog_id": "ME_TRCS426", "catalog_na": "EMME", "name": " ", "slip_type": "Sinistral", "Shape__Length": 0.22681174328104425}}, {"type": "Feature", "id": 2016, "geometry": {"type": "LineString", "coordinates": [[30.8426990001588, 39.7076090000554], [30.948432999983, 39.6764159995988], [31.0558350002851, 39.6489170004193], [31.1689569999656, 39.651317999626], [31.282117999646, 39.6504910001596], [31.3952489997416, 39.6483620000063], [31.5005429999595, 39.6164869995754], [31.6092819998644, 39.5925389995752], [31.6636010001861, 39.5161319995922], [31.7637159998935, 39.4758390003696], [31.8398180002006, 39.4115109998328], [31.9361469997843, 39.3662390003296], [31.9836430002243, 39.3091259997651], [32.031137999719, 39.2520120000538]]}, "properties": {"OBJECTID": 2016, "catalog_id": "ME_TRCS195", "catalog_na": "EMME", "name": " ", "slip_type": "Dextral-Normal", "Shape__Length": 1.3382404330504316}}, {"type": "Feature", "id": 7518, "geometry": {"type": "LineString", "coordinates": [[34.0509500001424, 40.3838700002004], [33.9584459997831, 40.3178550001082], [33.8659960001154, 40.2518769999236], [33.7735929999171, 40.1859339995545], [33.6812380001336, 40.1200249998539], [33.5889299998197, 40.0541499999226]]}, "properties": {"OBJECTID": 7518, "catalog_id": "EUR_TRCS246", "catalog_na": "SHARE", "name": " ", "slip_type": "Sinistral-Normal", "Shape__Length": 0.567607046544929}}, {"type": "Feature", "id": 1945, "geometry": {"type": "LineString", "coordinates": [[43.8716160000784, 37.7979489999465], [43.8953160003332, 37.8380559995848], [43.9190209999193, 37.878170999592], [43.9427260004047, 37.9182859995993], [43.9664350001752, 37.9584089999754], [43.9901439999457, 37.9985320003516], [44.0133459997182, 38.0388469996893], [44.03654800039, 38.0791609998803], [44.0744720000828, 38.1118550003081], [44.1123949997295, 38.1445479997904], [44.1522769997838, 38.1757939999932], [44.1921579997919, 38.207041000242], [44.2300610003149, 38.2397969999316], [44.2679639999387, 38.2725529996213], [44.3063769996988, 38.3049679997734], [44.3447890003122, 38.3373819998794], [44.3842689998145, 38.3690220002651], [44.4237480001701, 38.4006619997515], [44.4918599998392, 38.4651549998035]]}, "properties": {"OBJECTID": 1945, "catalog_id": "ME_TRCS106", "catalog_na": "EMME", "name": " ", "slip_type": "Dextral", "Shape__Length": 0.9231873839407932}}, {"type": "Feature", "id": 6854, "geometry": {"type": "LineString", "coordinates": [[23.7918959997007, 41.2151719995882], [23.815782000439, 41.2165680001132], [23.8404100003213, 41.2192050003106], [23.8627140000511, 41.2207030001434], [23.8832730002488, 41.2209410003269], [23.9056729999091, 41.217904999716], [23.9320810000382, 41.2118480000852], [23.9769069996584, 41.2020010001461], [24.0261899997687, 41.1980779999997], [24.0720510003534, 41.1953960004251], [24.101655000378, 41.1924710004364], [24.1217970002314, 41.1886450002666], [24.139580000117, 41.1818350000852], [24.1625809996135, 41.1738450003465], [24.1880820001842, 41.1689169997198], [24.2202010001761, 41.1660380000537], [24.2589639998887, 41.1666670002819], [24.3007680004429, 41.1685309999058], [24.342421000329, 41.1677459996782], [24.3561100002763, 41.1666939997284]]}, "properties": {"OBJECTID": 6854, "catalog_id": "EUR_GRCS140", "catalog_na": "SHARE", "name": " ", "slip_type": "Normal", "Shape__Length": 0.5704476272917611}}, {"type": "Feature", "id": 2039, "geometry": {"type": "LineString", "coordinates": [[30.0406269997363, 38.9381170001994], [30.0758770002234, 38.9203110001526], [30.1111259997651, 38.9025060001518], [30.1463760002522, 38.884700000105], [30.1816069998632, 38.8669039996199], [30.2168380003735, 38.8491069999881], [30.2520689999844, 38.8313110004024], [30.3021829997457, 38.8246360001513], [30.3522960003602, 38.8179609999003]]}, "properties": {"OBJECTID": 2039, "catalog_id": "ME_TRCS226", "catalog_na": "EMME", "name": " ", "slip_type": "Dextral-Normal", "Shape__Length": 0.33799874317876344}}, {"type": "Feature", "id": 7541, "geometry": {"type": "LineString", "coordinates": [[29.3651640004184, 37.4127350000203], [29.2938089995857, 37.4629299999196], [29.2902110000377, 37.5463650002446], [29.2699500000925, 37.6282890001373]]}, "properties": {"OBJECTID": 7541, "catalog_id": "EUR_TRCS269", "catalog_na": "SHARE", "name": " ", "slip_type": "Normal", "Shape__Length": 0.2551462519081161}}, {"type": "Feature", "id": 1922, "geometry": {"type": "LineString", "coordinates": [[42.1289219996506, 40.1897639999087], [42.1636419999784, 40.2259949997695], [42.202241000222, 40.2598869996854], [42.2408390004196, 40.2937779995551], [42.2796489996017, 40.3275530003707], [42.3184589996831, 40.361328000287], [42.3603760000524, 40.3929020003271], [42.4022930004217, 40.4244760003672], [42.4437039999397, 40.4564639997139], [42.4851160004031, 40.4884519999599], [42.536340000091, 40.5108009999662], [42.587564999825, 40.5331489999265], [42.6382119998839, 40.5562899995838], [42.6888599999891, 40.5794300000945], [42.7395340003939, 40.6025820002591], [42.7902069998532, 40.6257340004238], [42.832870999597, 40.6452270000261]]}, "properties": {"OBJECTID": 1922, "catalog_id": "ME_TRCS082", "catalog_na": "EMME", "name": " ", "slip_type": "Sinistral", "Shape__Length": 0.8468936292032905}}, {"type": "Feature", "id": 2062, "geometry": {"type": "LineString", "coordinates": [[31.8145899996288, 37.6961370002224], [31.7841420002532, 37.6751599996343], [31.7466079996595, 37.6634429997947], [31.709072999919, 37.6517249999089], [31.6715390002248, 37.6400080000692], [31.6335029998636, 37.6307520004045], [31.5954660003557, 37.6214949997944], [31.5574299999946, 37.6122390001298]]}, "properties": {"OBJECTID": 2062, "catalog_id": "ME_TRCS257", "catalog_na": "EMME", "name": " ", "slip_type": "Normal", "Shape__Length": 0.272376064174947}}, {"type": "Feature", "id": 1899, "geometry": {"type": "LineString", "coordinates": [[38.5226409995825, 38.0849499997427], [38.7669090000504, 38.1984739999752], [38.7989190004116, 38.2185199998981], [38.8309299999196, 38.2385669998672], [38.8636020002322, 38.2579729999541], [38.8962729995993, 38.2773779999948], [38.9289449999119, 38.2967840000816], [38.9659739997004, 38.3105859998441], [39.0030030003882, 38.3243869995604], [39.0400320001767, 38.3381890002223], [39.0955669999171, 38.3473000003947], [39.1511009996115, 38.356410999668]]}, "properties": {"OBJECTID": 1899, "catalog_id": "ME_TRCS052", "catalog_na": "EMME", "name": " ", "slip_type": "Sinistral", "Shape__Length": 0.6900055311807043}}, {"type": "Feature", "id": 7472, "geometry": {"type": "LineString", "coordinates": [[30.7124929995524, 39.668302000437], [30.6224710003365, 39.7007379997589], [30.524750999559, 39.7315590001478], [30.4209869997503, 39.7468510002735], [30.3229489995967, 39.7771990004336], [30.2248730003887, 39.8075590002477]]}, "properties": {"OBJECTID": 7472, "catalog_id": "EUR_TRCS199", "catalog_na": "SHARE", "name": " ", "slip_type": "Dextral-Normal", "Shape__Length": 0.5083326137240728}}, {"type": "Feature", "id": 2231, "geometry": {"type": "LineString", "coordinates": [[43.3644560000444, 42.8448889998276], [43.531901000231, 42.7905300003593], [43.6131250002186, 42.7529310003654], [43.7167780003045, 42.7232500003873], [43.8026669995824, 42.7048740001351], [44.2319219998005, 42.6293349997105], [44.2628410002121, 42.6199599999541], [44.3001660001609, 42.6166019997825], [44.3489939999732, 42.609991999831], [44.3824290003981, 42.6042850001527], [44.4287359999665, 42.5874990003786], [44.4701480004299, 42.575957999662], [44.5566920002357, 42.5344639999137], [44.5987160001433, 42.5169659996812], [44.7333150000873, 42.4606340000591]]}, "properties": {"OBJECTID": 2231, "catalog_id": "ME_G5s1s1", "catalog_na": "EMME", "name": " ", "slip_type": "Reverse", "Shape__Length": 1.429686864107664}}, {"type": "Feature", "id": 14110, "geometry": {"type": "LineString", "coordinates": [[29.3450000004497, 35.4250000003498], [29.3557220002701, 35.4250720000728], [29.3664440000906, 35.4251429997497], [29.377165999911, 35.4252140003259], [29.3878879997314, 35.4252829999106], [29.3986099995519, 35.4253520003946], [29.4093320002717, 35.425418999887], [29.4200540000921, 35.4254860002787], [29.4307759999125, 35.4255509996789], [29.441497999733, 35.4256159999784], [29.4522199995534, 35.4256790001858], [29.4629420002731, 35.425742000393], [29.4736640000936, 35.4258039996549], [29.4843869999601, 35.42586499977], [29.4951089997805, 35.4259239997928], [29.505830999601, 35.4259829998156], [29.5165530003208, 35.4260409997923], [29.5272750001412, 35.426097999723], [29.5379980000077, 35.4261539996074], [29.5487199998282, 35.4262090003451], [29.5594419996486, 35.4262630001374], [29.5701640003684, 35.4263169999297], [29.580887000235, 35.4263689996297], [29.5916090000554, 35.4264200001829], [29.6023309998758, 35.4264699997907], [29.6130539997424, 35.4265200002978], [29.6237759995628, 35.4265679998134], [29.6344980002825, 35.4266160002283], [29.6452210001491, 35.4266619996516], [29.6559429999695, 35.4267079999743], [29.66666499979, 35.4267520002047], [29.6773879996565, 35.4267960004351], [29.6881100003762, 35.4268389997201], [29.6988330002428, 35.4268799998122], [29.7095550000632, 35.4269209999043], [29.7202779999298, 35.4269609999503], [29.7309999997502, 35.4269999999501]]}, "properties": {"OBJECTID": 14110, "catalog_id": "PB_5456.0", "catalog_na": "Bird 2003", "name": " ", "slip_type": "Subduction_Thrust", "Shape__Length": 0.38600534500331224}}, {"type": "Feature", "id": 7495, "geometry": {"type": "LineString", "coordinates": [[30.4194560001943, 38.8180909996], [30.4856640001935, 38.7604449996371], [30.5576179998708, 38.7067890002123], [30.6356720002627, 38.6586539999822]]}, "properties": {"OBJECTID": 7495, "catalog_id": "EUR_TRCS223", "catalog_na": "SHARE", "name": " ", "slip_type": "Dextral-Normal", "Shape__Length": 0.2692469684207635}}, {"type": "Feature", "id": 2085, "geometry": {"type": "LineString", "coordinates": [[30.5805220002902, 38.0829920002806], [30.6333019997875, 38.0881220003301], [30.6860820001842, 38.0932520003796], [30.7378709998468, 38.1027979999278], [30.7896609995555, 38.1123430003292], [30.8245250002286, 38.1439690000694], [30.8593890000024, 38.1755939997634], [30.8901440000456, 38.2097690001393], [30.9208980000427, 38.243943999616], [30.9544420000983, 38.2764799999521], [30.9879860001539, 38.3090160002882], [31.0266580001666, 38.3362580002066], [31.0653290001333, 38.363500000125]]}, "properties": {"OBJECTID": 2085, "catalog_id": "ME_TRCS290", "catalog_na": "EMME", "name": " ", "slip_type": "Sinistral-Normal", "Shape__Length": 0.5855433437978417}}, {"type": "Feature", "id": 1876, "geometry": {"type": "LineString", "coordinates": [[25.2436399998861, 40.1317399996013], [25.2971640004183, 40.1482940003679], [25.3506880000512, 40.1648480002351], [25.4042339997993, 40.1814090004251], [25.4577800004467, 40.1979689996696], [25.5111110001725, 40.2149759997426], [25.5644419998984, 40.2319829998156], [25.6194179999408, 40.2456580000168], [25.6743939999832, 40.2593330002179], [25.7281969998917, 40.2727169995899], [25.7819999998002, 40.2860999998152]]}, "properties": {"OBJECTID": 1876, "catalog_id": "ME_TRCS019", "catalog_na": "EMME", "name": " ", "slip_type": "Dextral", "Shape__Length": 0.560289644410474}}, {"type": "Feature", "id": 2208, "geometry": {"type": "LineString", "coordinates": [[43.5718849995931, 42.3564990002287], [43.5583139996914, 42.3457209996245], [43.5347029999435, 42.3406860003587], [43.497543999556, 42.3435840000017], [43.4775120002786, 42.3475660001708], [43.4239309998159, 42.3506169996749], [43.3706060003666, 42.3526079997594], [43.3080169999846, 42.3490439999807], [43.2471519999649, 42.3481290000533], [43.2118780001696, 42.3289869995505], [43.1798960002003, 42.320512999975], [43.1608719997431, 42.2976260003397], [43.1075739997403, 42.2848019998125], [43.0683569997757, 42.2801629999225], [43.0182939996684, 42.2793080000642], [43.0036549999783, 42.2896820000244], [42.9693819995797, 42.2983789999909], [42.8932359999415, 42.2744219995757], [42.8611929998571, 42.2698429997547], [42.8288369997278, 42.2745479999903], [42.7929470003039, 42.2778480001851], [42.7628869999352, 42.2679669995774], [42.7469909998348, 42.2623420000833], [42.725497999733, 42.2632460004027]]}, "properties": {"OBJECTID": 2208, "catalog_id": "ME_G15s1s1", "catalog_na": "EMME", "name": " ", "slip_type": "Reverse", "Shape__Length": 0.8813694506089695}}, {"type": "Feature", "id": 2108, "geometry": {"type": "LineString", "coordinates": [[27.5200999997153, 37.9296599998092], [27.613631999817, 37.8845410001671], [27.7219019996776, 37.8711739997803], [27.8301529995613, 37.8578100004312], [27.9396920003855, 37.8594569999406], [28.0471220001802, 37.876467000152], [28.1545770002284, 37.8934799996023], [28.262055000438, 37.9104960000904], [28.3695569999556, 37.9275169999096], [28.4784939999981, 37.9374720003326], [28.5881509999687, 37.9391149996575], [28.6904729998291, 37.9703019998375], [28.8001420003531, 37.973092999942], [28.8874510003635, 37.9597529999011]]}, "properties": {"OBJECTID": 2108, "catalog_id": "ME_TRCS331", "catalog_na": "EMME", "name": " ", "slip_type": "Normal", "Shape__Length": 1.390837842235525}}, {"type": "Feature", "id": 1853, "geometry": {"type": "LineString", "coordinates": [[26.3503699995759, 37.7184280002521], [26.3185089997905, 37.7085400002209], [26.2866480000052, 37.6986520001897], [26.249905999962, 37.6869760004421], [26.2131629998726, 37.6753019998874], [26.177915000377, 37.6625079998444], [26.1383070003678, 37.6555279999173], [26.1116329996632, 37.6504519996601], [26.0865749997365, 37.6517209997244], [26.05262599989, 37.6441070002379], [26.0162519997301, 37.6288790003656], [25.9742200003528, 37.6054029996488], [25.9475459996482, 37.5870030000884], [25.9208709997969, 37.5686019995827], [25.8950050003805, 37.5511539998573], [25.8691390000649, 37.5337050000857]]}, "properties": {"OBJECTID": 1853, "catalog_id": "ME_GRCS907", "catalog_na": "EMME", "name": " ", "slip_type": "Dextral-Normal", "Shape__Length": 0.5233666091958383}}, {"type": "Feature", "id": 7681, "geometry": {"type": "LineString", "coordinates": [[30.2666899997437, 37.9464640004134], [30.1947259996052, 38.0052699999106]]}, "properties": {"OBJECTID": 7681, "catalog_id": "EUR_TRCS423", "catalog_na": "SHARE", "name": " ", "slip_type": "Normal", "Shape__Length": 0.09293526183752478}}, {"type": "Feature", "id": 7687, "geometry": {"type": "LineString", "coordinates": [[43.3872180002106, 40.1607150002971], [43.4985829998056, 40.1636620004011], [43.611001000296, 40.1666359999515], [43.7185969996519, 40.1416159999785]]}, "properties": {"OBJECTID": 7687, "catalog_id": "EUR_TRCS429", "catalog_na": "SHARE", "name": " ", "slip_type": "Dextral", "Shape__Length": 0.33432805196233606}}, {"type": "Feature", "id": 7000, "geometry": {"type": "LineString", "coordinates": [[26.8927650003046, 35.9649020003271], [26.8373250004485, 35.962310999553], [26.7850950002342, 35.9489860002038], [26.7559810003229, 35.9422420003681], [26.7268679995586, 35.935497999633], [26.6736980000627, 35.9290400003957], [26.6284040004443, 35.9377110000627], [26.6016359999015, 35.944885999989], [26.574868000258, 35.9520609999153]]}, "properties": {"OBJECTID": 7000, "catalog_id": "EUR_GRCS980", "catalog_na": "SHARE", "name": " ", "slip_type": "Normal", "Shape__Length": 0.3242753960918824}}, {"type": "Feature", "id": 7658, "geometry": {"type": "LineString", "coordinates": [[27.748028000292, 37.0103240002525], [27.6408450001966, 36.9903700000755], [27.5100219999154, 36.990547000144]]}, "properties": {"OBJECTID": 7658, "catalog_id": "EUR_TRCS393", "catalog_na": "SHARE", "name": " ", "slip_type": "Sinistral-Normal", "Shape__Length": 0.23984769354533014}}, {"type": "Feature", "id": 7664, "geometry": {"type": "LineString", "coordinates": [[25.762680000082, 37.5699600001539], [25.8571399998112, 37.628053000046], [25.9516370003473, 37.6861690000993], [26.0461800003068, 37.7443139996914], [26.1407699997358, 37.8024869996754], [26.2354070004328, 37.8606890000974], [26.3300899996538, 37.918920000058]]}, "properties": {"OBJECTID": 7664, "catalog_id": "EUR_TRCS399", "catalog_na": "SHARE", "name": " ", "slip_type": "Dextral-Normal", "Shape__Length": 0.6661285079854782}}, {"type": "Feature", "id": 1830, "geometry": {"type": "LineString", "coordinates": [[24.4790290002882, 40.9471699999955], [24.536421000229, 40.9663030000834], [24.5637179999858, 40.97745199981], [24.6001789996612, 40.9885119999289], [24.6421360000764, 41.0058720000928], [24.6696960002702, 41.0188959999505], [24.6975040002095, 41.0396269999861], [24.7322610004449, 41.0647270000511], [24.7621670000071, 41.0893669995874], [24.7870279998424, 41.1059699999156], [24.8153870000101, 41.1202579996071], [24.8484739996754, 41.1335530002708], [24.8725229998366, 41.1425230002363], [24.8952389996801, 41.1470250001037], [24.9166640002435, 41.148405999937], [24.930547000144, 41.1490950002341], [24.9458150000622, 41.1478310004004], [24.9567649996051, 41.1447220000204], [24.9724000002599, 41.1418400002159], [25.0006810004279, 41.1395630004322], [25.0173270000411, 41.1401250002686], [25.0332680004179, 41.1375559996097], [25.0397140000011, 41.1351799997572], [25.0553689997795, 41.1311609996804], [25.0743619997066, 41.1272320001567], [25.0916760004471, 41.1239790003307], [25.1122139996764, 41.1206590001128], [25.1300100001614, 41.1202839999067], [25.1448730002888, 41.1208669998122], [25.1585669995674, 41.1219209998543], [25.1681930001069, 41.1253070004178], [25.1855989996942, 41.1303190004216], [25.1975840002015, 41.1332020002721], [25.2077210000242, 41.1343280000372], [25.2166030004282, 41.1336860001089], [25.224281000168, 41.1326200004127], [25.2349429999196, 41.1319370003923], [25.2510649996501, 41.1342750002911], [25.2846400002359, 41.1425060003517], [25.3057440003853, 41.1505610003899], [25.3495479996405, 41.161685999909], [25.3760250002536, 41.1700560000844], [25.3916579999168, 41.174631999767], [25.4078140003159, 41.1773979996181], [25.4209099998967, 41.1779889998925], [25.4356760000474, 41.1758449999468], [25.4545030004132, 41.171358999918], [25.4797249998089, 41.1635739997403], [25.5126789996362, 41.1553229996568], [25.5664689998445, 41.1428160002583], [25.6033059997721, 41.134447000129], [25.6444979999828, 41.1250490002112], [25.6898840002465, 41.1129590002577], [25.7432919999259, 41.0999999998002], [25.7869620001962, 41.0917279996475], [25.8266330004127, 41.0860230000615]]}, "properties": {"OBJECTID": 1830, "catalog_id": "ME_GRCS150", "catalog_na": "EMME", "name": " ", "slip_type": "Dextral-Normal", "Shape__Length": 1.4195493119913876}}, {"type": "Feature", "id": 2131, "geometry": {"type": "LineString", "coordinates": [[33.8570169997348, 40.932831999797], [33.8968490001812, 40.9375460004476], [33.9366819997745, 40.9422600001989], [33.976514000221, 40.9469739999502], [34.0144690004441, 40.9572750001412], [34.0524229997217, 40.9675750002861], [34.0903779999448, 40.9778759995777], [34.1263319996222, 40.9917059997322], [34.1622860001988, 41.0055369999326], [34.1982399998761, 41.019367000087], [34.2352980001027, 41.0314600001789], [34.2723550002831, 41.0435520002247], [34.3094129996103, 41.0556450003166], [34.3951210004338, 41.0675550000632], [34.4640219996156, 41.0651509998189]]}, "properties": {"OBJECTID": 2131, "catalog_id": "ME_TRCS374", "catalog_na": "EMME", "name": " ", "slip_type": "Dextral", "Shape__Length": 0.6262975483722564}}, {"type": "Feature", "id": 6994, "geometry": {"type": "LineString", "coordinates": [[24.2320689997846, 36.4883190000219], [24.1902280002221, 36.4853329999181], [24.1483879998064, 36.4823469998142], [24.1065470002439, 36.4793609997104], [24.0594759996177, 36.4816009995865], [24.0124049998909, 36.4838400003158], [23.9596289996787, 36.4927979997279], [23.9068530003657, 36.5017549999933]]}, "properties": {"OBJECTID": 6994, "catalog_id": "EUR_GRCS970", "catalog_na": "SHARE", "name": " ", "slip_type": "Normal", "Shape__Length": 0.32715126365653246}}, {"type": "Feature", "id": 6971, "geometry": {"type": "LineString", "coordinates": [[24.965140000011, 38.4493480002101], [24.9433420002332, 38.4236810000781], [24.9215430004092, 38.3990849998729], [24.8997439996859, 38.3744879996215], [24.8724960003901, 38.3477519996551], [24.8452480001951, 38.3210159996887], [24.8220879996615, 38.2985580000517], [24.7989280000272, 38.2761000004147], [24.7580560001843, 38.2482949997145]]}, "properties": {"OBJECTID": 6971, "catalog_id": "EUR_GRCS873", "catalog_na": "SHARE", "name": " ", "slip_type": "Sinistral", "Shape__Length": 0.28970919434439596}}, {"type": "Feature", "id": 7635, "geometry": {"type": "LineString", "coordinates": [[27.1566240003974, 38.677188000326], [27.0192940004179, 38.7551680000033]]}, "properties": {"OBJECTID": 7635, "catalog_id": "EUR_TRCS370", "catalog_na": "SHARE", "name": " ", "slip_type": "Dextral", "Shape__Length": 0.1579253280637278}}, {"type": "Feature", "id": 7564, "geometry": {"type": "LineString", "coordinates": [[30.8729100002963, 38.3157299996398], [30.7803120000988, 38.2500960000305], [30.6813389999949, 38.1898669996623], [30.5762720003526, 38.1364850002826], [30.4525360004361, 38.1223430001294], [30.395801000216, 38.034708000374]]}, "properties": {"OBJECTID": 7564, "catalog_id": "EUR_TRCS292", "catalog_na": "SHARE", "name": " ", "slip_type": "Sinistral-Normal", "Shape__Length": 0.5761473203608891}}, {"type": "Feature", "id": 7466, "geometry": {"type": "LineString", "coordinates": [[32.8453800001869, 38.7646599997593], [32.8138979998928, 38.7854099997717], [32.7431720001877, 38.8524900004132], [32.6563080000142, 38.9069320001118], [32.5860130003997, 38.9743659999909], [32.4950530001959, 39.0247569999357], [32.4040499998077, 39.0751720000878], [32.3211479997804, 39.1334650002096], [32.2414289999484, 39.1944230000215], [32.1614040003943, 39.255194000203], [32.0873189995722, 39.3203739995605], [32.0231100000265, 39.3915900002784]]}, "properties": {"OBJECTID": 7466, "catalog_id": "EUR_TRCS193", "catalog_na": "SHARE", "name": " ", "slip_type": "Dextral-Normal", "Shape__Length": 1.0398760489523637}}, {"type": "Feature", "id": 2225, "geometry": {"type": "LineString", "coordinates": [[44.8042729996992, 41.2450129997502], [44.7405100000365, 41.2656200003628], [44.6466809997284, 41.2936430003243], [44.6128760002273, 41.3048439997509], [44.5682419995687, 41.3000309999308], [44.5194980000327, 41.3007800002968], [44.4545390000749, 41.2976630004472], [44.3920069996234, 41.3030040003344], [44.3493860000639, 41.3159649999848], [44.3179520001847, 41.3336889998475], [44.2224269999062, 41.3535759996327]]}, "properties": {"OBJECTID": 2225, "catalog_id": "ME_G28s1s3", "catalog_na": "EMME", "name": " ", "slip_type": "Dextral", "Shape__Length": 0.600190607358535}}, {"type": "Feature", "id": 6948, "geometry": {"type": "LineString", "coordinates": [[26.9687469995744, 35.528344999722], [26.9227859997741, 35.5117679996935], [26.8768249999738, 35.4951909996649], [26.8271349999803, 35.4766639996439], [26.7774449999868, 35.4581369996229], [26.7463899995989, 35.4415609996405], [26.7153350001102, 35.4249839996119]]}, "properties": {"OBJECTID": 6948, "catalog_id": "EUR_GRCS770", "catalog_na": "SHARE", "name": " ", "slip_type": "Normal", "Shape__Length": 0.2741856421653755}}, {"type": "Feature", "id": 7612, "geometry": {"type": "LineString", "coordinates": [[36.17621299993, 37.1556389997401], [36.1995660003707, 37.2199739997004], [36.2401769998687, 37.2891960001953], [36.2498449996471, 37.3652049998109]]}, "properties": {"OBJECTID": 7612, "catalog_id": "EUR_TRCS343", "catalog_na": "SHARE", "name": " ", "slip_type": "Sinistral", "Shape__Length": 0.22531920094776708}}, {"type": "Feature", "id": 7489, "geometry": {"type": "LineString", "coordinates": [[31.2110379998039, 38.7184280000522], [31.0993669995874, 38.7755639998787], [31.0303300004292, 38.8691390001648]]}, "properties": {"OBJECTID": 7489, "catalog_id": "EUR_TRCS216", "catalog_na": "SHARE", "name": " ", "slip_type": "Normal", "Shape__Length": 0.24172477108286305}}, {"type": "Feature", "id": 2202, "geometry": {"type": "LineString", "coordinates": [[42.6250499999576, 42.6368279999123], [42.5586789996362, 42.6330940003879], [42.4333000003948, 42.6397060004316], [42.3561650001147, 42.6285959998056], [42.3147840001815, 42.6334800002019], [42.0288029997587, 42.7526980004125], [41.8204350000752, 42.7938679996086], [41.7515319999019, 42.8059629997927], [41.6911850003875, 42.8358029999086]]}, "properties": {"OBJECTID": 2202, "catalog_id": "ME_G13s2s1", "catalog_na": "EMME", "name": " ", "slip_type": "Reverse", "Shape__Length": 0.971138264628284}}, {"type": "Feature", "id": 7595, "geometry": {"type": "LineString", "coordinates": [[28.2485299999596, 38.0669699997657], [28.1337690002392, 38.088982000419], [28.0156870002549, 38.1088910003195], [27.8960010000462, 38.0962179995611], [27.7792840000566, 38.0719009996315], [27.6626039999747, 38.0475920000708], [27.5459599997542, 38.0232899999336]]}, "properties": {"OBJECTID": 7595, "catalog_id": "EUR_TRCS324", "catalog_na": "SHARE", "name": " ", "slip_type": "Normal", "Shape__Length": 0.7145138974500833}}, {"type": "Feature", "id": 7512, "geometry": {"type": "LineString", "coordinates": [[32.7892089998955, 40.5565259996752], [32.7119389996851, 40.4936640001935], [32.6337330003777, 40.4300399997463], [32.54913500038, 40.3714080001791], [32.4490369996578, 40.3293489995567], [32.3489860002038, 40.2873109999028], [32.2489840003114, 40.2452920002257], [32.1448850003425, 40.2096329997632], [32.0375670003169, 40.1801669998072], [31.9302910004293, 40.1507120003586], [31.8230559997347, 40.1212679996186], [31.7158620000313, 40.0918360003312], [31.6087099995669, 40.0624149997525]]}, "properties": {"OBJECTID": 7512, "catalog_id": "EUR_TRCS240", "catalog_na": "SHARE", "name": " ", "slip_type": "Sinistral", "Shape__Length": 1.2949838834118217}}, {"type": "Feature", "id": 1939, "geometry": {"type": "LineString", "coordinates": [[44.2845359997366, 38.7307299998897], [44.2579860002538, 38.7658279996625], [44.2314349998254, 38.8009260003347], [44.1934029996488, 38.8289009998813], [44.1553700003253, 38.8568760003272], [44.1232920004255, 38.8890789996962], [44.0912139996265, 38.9212819999644], [44.0483060003217, 38.9446670000821], [44.0053990001638, 38.9680530002458], [43.9607070004278, 38.9924120003136]]}, "properties": {"OBJECTID": 1939, "catalog_id": "ME_TRCS099", "catalog_na": "EMME", "name": " ", "slip_type": "Dextral", "Shape__Length": 0.42198375180682385}}, {"type": "Feature", "id": 2045, "geometry": {"type": "LineString", "coordinates": [[33.5121450003915, 39.935588000286], [33.4288490001813, 39.870152999961], [33.4038280001622, 39.8148140002659], [33.3624510004134, 39.7318880000312], [33.3334130004097, 39.6394879999713], [33.2911389997651, 39.5530949999343], [33.2493119999489, 39.4665880000362], [33.2074919995562, 39.3800949998844], [33.165391999741, 39.293697999663], [33.1326869997053, 39.2049079997045], [33.1059220002002, 39.1149370001425], [33.0972149997725, 39.0228540003119], [33.0891100001265, 38.937140000111]]}, "properties": {"OBJECTID": 2045, "catalog_id": "ME_TRCS236", "catalog_na": "EMME", "name": " ", "slip_type": "Sinistral-Normal", "Shape__Length": 1.1077183471057435}}, {"type": "Feature", "id": 7558, "geometry": {"type": "LineString", "coordinates": [[30.420254000122, 36.1986749997515], [30.4848159997586, 36.2655150001172], [30.5493970002714, 36.3323739995605]]}, "properties": {"OBJECTID": 7558, "catalog_id": "EUR_TRCS286", "catalog_na": "SHARE", "name": " ", "slip_type": "Normal", "Shape__Length": 0.18588527923886278}}, {"type": "Feature", "id": 7309, "geometry": {"type": "LineString", "coordinates": [[27.0623799998372, 39.5220999996154], [27.2069300000196, 39.5827769999586]]}, "properties": {"OBJECTID": 7309, "catalog_id": "EUR_TRCS035", "catalog_na": "SHARE", "name": " ", "slip_type": "Dextral", "Shape__Length": 0.15676862225390417}}, {"type": "Feature", "id": 7641, "geometry": {"type": "LineString", "coordinates": [[33.5764839996369, 40.8187930000969], [33.6632309998108, 40.8504890003671], [33.7406650003895, 40.9091900004182], [33.8357710002315, 40.9505500002824], [33.9309220003501, 40.9919290001233], [34.0233089998105, 41.0368050002506], [34.1211970002414, 41.0745519998749]]}, "properties": {"OBJECTID": 7641, "catalog_id": "EUR_TRCS376", "catalog_na": "SHARE", "name": " ", "slip_type": "Dextral", "Shape__Length": 0.6046176654114781}}, {"type": "Feature", "id": 7395, "geometry": {"type": "LineString", "coordinates": [[40.3092800003718, 40.2744969998367], [40.2086619999514, 40.2541369998227], [40.0969119996891, 40.2315240002325], [39.9851970001415, 40.2089190001118], [39.8742940002679, 40.1841970003913], [39.7653069997183, 40.1550160000884], [39.6563620002062, 40.1258460002927], [39.5473900003483, 40.0968359997816], [39.4356030001784, 40.1186799998821], [39.3212040000646, 40.10716100018], [39.2105730001439, 40.0821650004145]]}, "properties": {"OBJECTID": 7395, "catalog_id": "EUR_TRCS122", "catalog_na": "SHARE", "name": " ", "slip_type": "Sinistral", "Shape__Length": 1.1249505562210582}}, {"type": "Feature", "id": 1985, "geometry": {"type": "LineString", "coordinates": [[38.8726219998055, 39.2726019998825], [38.9374730001788, 39.2807970000815], [38.989773000024, 39.3026420002282], [39.042071999823, 39.3244870003748], [39.0941629999226, 39.3466750001512], [39.1462540000221, 39.3688629999276], [39.1996629997477, 39.3891429998496], [39.2530710003264, 39.4094219997256], [39.3073270004408, 39.4283619999064], [39.3615829996558, 39.4473010000412], [39.4174660001559, 39.4632289998185], [39.4733479997105, 39.4791560004491], [39.5280770000535, 39.4973630001024], [39.5828060003967, 39.5155689997096], [39.6324649998599, 39.5223490003062], [39.6850090001653, 39.528091999846], [39.7243070002679, 39.5424869999751], [39.7591839997418, 39.5481460001379]]}, "properties": {"OBJECTID": 1985, "catalog_id": "ME_TRCS160", "catalog_na": "EMME", "name": " ", "slip_type": "Dextral-Normal", "Shape__Length": 0.9328871989458092}}, {"type": "Feature", "id": 6954, "geometry": {"type": "LineString", "coordinates": [[27.1975289999634, 36.1785780001746], [27.1924389999599, 36.1578019998624], [27.1883349995607, 36.1357560003392], [27.1840129999001, 36.1039080002541], [27.1758819999544, 36.0739510001386], [27.1616300001244, 36.0331970003413], [27.146360000114, 35.9828549999583], [27.1443239997528, 35.9365070002979], [27.137467000102, 35.8909049999658], [27.1263500000525, 35.8420339999692], [27.1150709997269, 35.7878220000853], [27.1099809997234, 35.7414740004248], [27.0945850001976, 35.7014360003712], [27.0774050002406, 35.660765999951], [27.0525539999672, 35.6187949997895]]}, "properties": {"OBJECTID": 6954, "catalog_id": "EUR_GRCS780", "catalog_na": "SHARE", "name": " ", "slip_type": "Normal", "Shape__Length": 0.5832257116317964}}, {"type": "Feature", "id": 7704, "geometry": {"type": "LineString", "coordinates": [[28.0260220002152, 40.8022400002758], [27.8810719995732, 40.8114769999636], [27.7101429996997, 40.8081779998149], [27.5756409997324, 40.8037790002007], [27.5013850000178, 40.7960800003918], [27.4243269996913, 40.7773839997718], [27.336197999638, 40.7521200002379], [27.2068200003428, 40.7154720000328], [27.1369139997813, 40.6999979996081], [27.067007000073, 40.6828949996046], [26.9877109999627, 40.655204999711], [26.9000669997923, 40.6169269998812], [26.8488800000121, 40.5954139997563], [26.6818330001929, 40.5321549999533], [26.5850529995963, 40.4915990002937], [26.4882719998529, 40.4510429997347], [26.3210279999423, 40.3712839998568], [26.2004990004286, 40.3157940003929], [26.0855890001323, 40.2723539999372], [25.9266589996132, 40.2473069996184], [25.7738180002006, 40.2120309997309], [25.6285120002287, 40.1615809997634], [25.5240780000997, 40.1235210000941], [25.3895339999942, 40.0922509996839], [25.2516179999708, 40.0535140002709], [25.0815009997714, 40.0066789997361], [25.0053970002714, 39.9848389998201]]}, "properties": {"OBJECTID": 7704, "catalog_id": "EUR_TRCS996", "catalog_na": "SHARE", "name": " ", "slip_type": "Sinistral", "Shape__Length": 3.1586356917948195}}, {"type": "Feature", "id": 1999, "geometry": {"type": "LineString", "coordinates": [[35.5946780000897, 39.6156379999937], [35.6361830003452, 39.6291479997804], [35.6776869996554, 39.6426589996132], [35.7191919999109, 39.6561690002992], [35.7568639996739, 39.6746330001129], [35.7945350002901, 39.6930979999728], [35.8322070000531, 39.7115619997865]]}, "properties": {"OBJECTID": 1999, "catalog_id": "ME_TRCS177", "catalog_na": "EMME", "name": " ", "slip_type": "Sinistral", "Shape__Length": 0.25680477694600656}}, {"type": "Feature", "id": 1847, "geometry": {"type": "LineString", "coordinates": [[26.3258969996469, 38.9257360003162], [26.362545999898, 38.9439050000158], [26.3972650001797, 38.95450399956], [26.4271630002723, 38.9628319995971], [26.4589890002422, 38.9681310002455], [26.4840650000997, 38.9704019997525], [26.5101040002994, 38.9749439996659], [26.5515749998864, 38.9885710003514], [26.5920809999383, 38.9999269997313], [26.6403029996837, 39.0173389995952]]}, "properties": {"OBJECTID": 1847, "catalog_id": "ME_GRCS855", "catalog_na": "EMME", "name": " ", "slip_type": "Normal", "Shape__Length": 0.3291069353923199}}, {"type": "Feature", "id": 7604, "geometry": {"type": "LineString", "coordinates": [[29.3278930002618, 37.7438659997161], [29.246243999561, 37.751997999708], [29.1416379995941, 37.7351200001879], [29.0356830003702, 37.7454679998484], [28.9450219995657, 37.7900920000458], [28.8457330001779, 37.8212879997415], [28.7453160000334, 37.8502380001836]]}, "properties": {"OBJECTID": 7604, "catalog_id": "EUR_TRCS335", "catalog_na": "SHARE", "name": " ", "slip_type": "Sinistral-Normal", "Shape__Length": 0.6041003438280109}}, {"type": "Feature", "id": 7355, "geometry": {"type": "LineString", "coordinates": [[42.832870999597, 40.6452270000261], [42.7902069998532, 40.6257340004238], [42.6888599999891, 40.5794300000945], [42.587564999825, 40.5331489999265], [42.4851160004031, 40.4884519999599], [42.4022930004217, 40.4244760003672], [42.3184589996831, 40.361328000287], [42.2408390004196, 40.2937779995551], [42.1636419999784, 40.2259949997695], [42.094201000176, 40.1535340000941], [41.9980509998538, 40.1019580003615]]}, "properties": {"OBJECTID": 7355, "catalog_id": "EUR_TRCS082", "catalog_na": "SHARE", "name": " ", "slip_type": "Sinistral", "Shape__Length": 1.0061845143334154}}, {"type": "Feature", "id": 7349, "geometry": {"type": "LineString", "coordinates": [[42.1265000003748, 40.0399000001849], [42.2351259995653, 40.0708860000889], [42.3460890004071, 40.1038539996624], [42.45425199983, 40.1419740002999], [42.5687409995975, 40.1672120004336], [42.6790600004188, 40.2017159997936], [42.7917619996167, 40.231510999633], [42.9050000001499, 40.2601999997303]]}, "properties": {"OBJECTID": 7349, "catalog_id": "EUR_TRCS076", "catalog_na": "SHARE", "name": " ", "slip_type": "Sinistral", "Shape__Length": 0.8096160876408607}}, {"type": "Feature", "id": 2191, "geometry": {"type": "LineString", "coordinates": [[44.0034730003787, 41.4513589997181], [44.0106670002819, 41.3831789996112], [43.9994769995639, 41.3226160000284], [44.0061570000456, 41.2683929996373]]}, "properties": {"OBJECTID": 2191, "catalog_id": "ME_G35s1s1", "catalog_na": "EMME", "name": " ", "slip_type": "Dextral", "Shape__Length": 0.1847795001075116}}, {"type": "Feature", "id": 2185, "geometry": {"type": "LineString", "coordinates": [[41.7847930003967, 42.9532140004258], [41.8491640002185, 42.9373390003946], [41.9125579999518, 42.9403299998297], [41.9920120001537, 42.9310910000497], [42.0798419999084, 42.9257959995858], [42.1299900003383, 42.9182319997071], [42.1642880000912, 42.9190879996115]]}, "properties": {"OBJECTID": 2185, "catalog_id": "ME_G12s1s1", "catalog_na": "EMME", "name": " ", "slip_type": "Reverse", "Shape__Length": 0.3827668986478594}}, {"type": "Feature", "id": 7455, "geometry": {"type": "LineString", "coordinates": [[35.1538110003774, 38.8175499998327], [35.0614310003405, 38.7885849995981], [34.9690860001189, 38.7596299998247], [34.8767729995743, 38.7306849996131]]}, "properties": {"OBJECTID": 7455, "catalog_id": "EUR_TRCS182", "catalog_na": "SHARE", "name": " ", "slip_type": "Sinistral", "Shape__Length": 0.2903370147843831}}, {"type": "Feature", "id": 7449, "geometry": {"type": "LineString", "coordinates": [[35.8693380000487, 39.6922660002758], [35.7918380000237, 39.6763229998066]]}, "properties": {"OBJECTID": 7449, "catalog_id": "EUR_TRCS176", "catalog_na": "SHARE", "name": " ", "slip_type": "Sinistral", "Shape__Length": 0.07912287449172344}}, {"type": "Feature", "id": 6668, "geometry": {"type": "LineString", "coordinates": [[23.5370250004035, 42.5072080002491], [23.5808850004425, 42.4723289997835], [23.6416169997248, 42.4449240004423], [23.7004430001444, 42.4280510002535], [23.7424399997063, 42.4152410003719], [23.7796590001628, 42.4051770003184], [23.81687799972, 42.3951130002648], [23.8507129997052, 42.3833710001716], [23.8845479996905, 42.3716290000784], [23.9307899998586, 42.3515009999712], [23.9770320000268, 42.331371999818], [24.0142939997683, 42.3113189995722]]}, "properties": {"OBJECTID": 6668, "catalog_id": "EUR_BGCS027", "catalog_na": "SHARE", "name": " ", "slip_type": "Normal", "Shape__Length": 0.5196934741042195}}, {"type": "Feature", "id": 2139, "geometry": {"type": "LineString", "coordinates": [[26.7682800000221, 38.5336599996094], [26.7477100002164, 38.5753830000255], [26.7271390003646, 38.6171050003955], [26.7035420003631, 38.6578450004465], [26.6799450003616, 38.6985849995981], [26.6595980000477, 38.7403880001062], [26.6392509997339, 38.7821899996688], [26.6212010001261, 38.8198099997318], [26.6031499995728, 38.8574299997947]]}, "properties": {"OBJECTID": 2139, "catalog_id": "ME_TRCS387", "catalog_na": "EMME", "name": " ", "slip_type": "Sinistral-Normal", "Shape__Length": 0.36363198865069735}}, {"type": "Feature", "id": 7647, "geometry": {"type": "LineString", "coordinates": [[31.4081280001072, 37.2836420003781], [31.4080009996464, 37.1876920002857], [31.449790999555, 37.0933820002791], [31.4651259998651, 36.9941099998766]]}, "properties": {"OBJECTID": 7647, "catalog_id": "EUR_TRCS382", "catalog_na": "SHARE", "name": " ", "slip_type": "Normal", "Shape__Length": 0.29955369302371126}}, {"type": "Feature", "id": 1893, "geometry": {"type": "LineString", "coordinates": [[29.5735869999401, 40.1228830003502], [29.5179120000388, 40.1320369998077], [29.4622370001375, 40.1411910001646], [29.4065479995905, 40.1503469997143], [29.3508579998968, 40.1595040002095], [29.2951510003185, 40.1686629998976], [29.2394429997947, 40.1778229996318]]}, "properties": {"OBJECTID": 1893, "catalog_id": "ME_TRCS044", "catalog_na": "EMME", "name": " ", "slip_type": "Dextral", "Shape__Length": 0.33863050122292665}}, {"type": "Feature", "id": 7303, "geometry": {"type": "LineString", "coordinates": [[28.8127889999125, 40.17098700005], [28.9460920003456, 40.1707340000741], [29.0793860003637, 40.1704810000981], [29.2126800003817, 40.1702280001222]]}, "properties": {"OBJECTID": 7303, "catalog_id": "EUR_TRCS029", "catalog_na": "SHARE", "name": " ", "slip_type": "Normal", "Shape__Length": 0.39989172076601287}}, {"type": "Feature", "id": 2237, "geometry": {"type": "LineString", "coordinates": [[43.9698680002081, 42.4242850001527], [43.938912999935, 42.4362709998068], [43.8986039999747, 42.4411489999264], [43.7497500000625, 42.4895719999479], [43.6838899999236, 42.5247630004122], [43.6321770001685, 42.560084999723], [43.5759019995777, 42.5848119996741], [43.541098999919, 42.6310949999344], [43.4382219996456, 42.6656089997556], [43.3263609996604, 42.7285940004128], [43.1816589996632, 42.8519299998696], [43.0676149997325, 42.9134290003481], [43.0284070001829, 42.918737999659], [42.9991809996035, 42.9170350002651], [42.964764999805, 42.9247970002814], [42.9070490002113, 42.9476680000782], [42.8367700004353, 43.0025530004207], [42.8166849996131, 43.0177139999012], [42.7089609997504, 43.0227809997434], [42.4926440004203, 43.0529149999273], [42.403432999933, 43.0808130004197], [42.3924640004133, 43.0849539998273]]}, "properties": {"OBJECTID": 2237, "catalog_id": "ME_G9s1s1", "catalog_na": "EMME", "name": " ", "slip_type": "Reverse", "Shape__Length": 1.7555764487542682}}, {"type": "Feature", "id": 7501, "geometry": {"type": "LineString", "coordinates": [[29.3190869997653, 39.0034209998793], [29.360584999698, 39.0431730002338]]}, "properties": {"OBJECTID": 7501, "catalog_id": "EUR_TRCS229", "catalog_na": "SHARE", "name": " ", "slip_type": "Normal", "Shape__Length": 0.057465690029847236}}, {"type": "Feature", "id": 2091, "geometry": {"type": "LineString", "coordinates": [[29.5265689999594, 37.8019520001847], [29.5735500000325, 37.8229499999426], [29.6205310001056, 37.8439469996543], [29.6739490002462, 37.8377489998165], [29.7273660003407, 37.8315509999787], [29.7728650004195, 37.8545189997521], [29.8183629995528, 37.8774879995716], [29.8623900000985, 37.9022120002836], [29.9064159996987, 37.9269360000964], [29.9526420000283, 37.9490589995732], [29.9988670003119, 37.9711819999494], [30.028841000312, 37.9981139999612], [30.0588150003121, 38.0250449999269]]}, "properties": {"OBJECTID": 2091, "catalog_id": "ME_TRCS303", "catalog_na": "EMME", "name": " ", "slip_type": "Normal", "Shape__Length": 0.5964780814425831}}, {"type": "Feature", "id": 7698, "geometry": {"type": "LineString", "coordinates": [[26.4330290000883, 40.0107319995822], [26.4184670003518, 40.0022319997071], [26.4057710003315, 40.0007659995513], [26.3777660003007, 39.9905080004439], [26.365817999701, 39.9878700002004], [26.3512369999876, 39.9771749998264], [26.3343979995681, 39.971274000195], [26.318461000275, 39.968914000181], [26.2959079998544, 39.9686780000897], [26.2745580000517, 39.9651369995729], [26.2532080002491, 39.9615970000016], [26.2399769998387, 39.9594720000328], [26.2250480002651, 39.9588530002658], [26.2059970003613, 39.9587639997588], [26.1801370003224, 39.9604160003981], [26.1690109998578, 39.9623050002756]]}, "properties": {"OBJECTID": 7698, "catalog_id": "EUR_TRCS901", "catalog_na": "SHARE", "name": " ", "slip_type": "Normal", "Shape__Length": 0.2741675185336446}}, {"type": "Feature", "id": 1993, "geometry": {"type": "LineString", "coordinates": [[37.9785220002901, 39.5368950002041], [37.867037999704, 39.5138660003157], [37.7529410000272, 39.5006369999976], [37.6379929997772, 39.508308000314], [37.5233979996181, 39.5187339999742], [37.416024999754, 39.4861690000993], [37.3041370003224, 39.4645840002515], [37.1951659996112, 39.4355230000864], [37.0863279996375, 39.4062710001066]]}, "properties": {"OBJECTID": 1993, "catalog_id": "ME_TRCS170", "catalog_na": "EMME", "name": " ", "slip_type": "Sinistral", "Shape__Length": 0.9106046902154203}}, {"type": "Feature", "id": 6960, "geometry": {"type": "LineString", "coordinates": [[24.4719539995775, 39.1295060002018], [24.4951150001572, 39.1027700002354], [24.5182749997915, 39.076034000269], [24.5509720003576, 39.0482289995687], [24.5754949998944, 39.0311180000957], [24.6000180003305, 39.0140069997233], [24.6368029996588, 38.985133000088], [24.6735879998863, 38.9562580004064], [24.7049229996967, 38.9337999998701], [24.7362580004065, 38.9113420002332]]}, "properties": {"OBJECTID": 6960, "catalog_id": "EUR_GRCS837", "catalog_na": "SHARE", "name": " ", "slip_type": "Sinistral-Normal", "Shape__Length": 0.34410308463956385}}, {"type": "Feature", "id": 6937, "geometry": {"type": "LineString", "coordinates": [[24.5723190000219, 35.0869590003576], [24.6033199997183, 35.0878730002388], [24.6343210003139, 35.0887860000739], [24.6729249998889, 35.089698999909], [24.7103600004137, 35.0933510001486], [24.7349260001349, 35.0988300001045], [24.766511999829, 35.1107009998513], [24.7887379995591, 35.1170929996423], [24.8062860002987, 35.1170929996423], [24.8320220000153, 35.1189190002117], [24.8495699998556, 35.1189190002117]]}, "properties": {"OBJECTID": 6937, "catalog_id": "EUR_GRCS722", "catalog_na": "SHARE", "name": " ", "slip_type": "Normal", "Shape__Length": 0.28119267186364166}}, {"type": "Feature", "id": 2360, "geometry": {"type": "LineString", "coordinates": [[38.7134139999562, 34.9160250002536], [38.2241969999916, 34.6110109998578], [38.0508839998967, 34.416567000167], [37.6126160004281, 34.2764029998986], [36.7891689999494, 33.6319919999309]]}, "properties": {"OBJECTID": 2360, "catalog_id": "ME_SY2s1s2", "catalog_na": "EMME", "name": " ", "slip_type": "Reverse", "Shape__Length": 2.3427450906685436}}, {"type": "Feature", "id": 7601, "geometry": {"type": "LineString", "coordinates": [[28.8874510003635, 37.9597529999011], [28.8001420003531, 37.973092999942], [28.6904729998291, 37.9703019998375], [28.5881509999687, 37.9391149996575], [28.4784939999981, 37.9374720003326], [28.3695569999556, 37.9275169999096], [28.262055000438, 37.9104960000904], [28.1545770002284, 37.8934799996023], [28.0471220001802, 37.876467000152], [27.9396920003855, 37.8594569999406], [27.8301529995613, 37.8578100004312], [27.7219019996776, 37.8711739997803], [27.613631999817, 37.8845410001671], [27.5200999997153, 37.9296599998092]]}, "properties": {"OBJECTID": 7601, "catalog_id": "EUR_TRCS331", "catalog_na": "SHARE", "name": " ", "slip_type": "Normal", "Shape__Length": 1.3908378422355252}}, {"type": "Feature", "id": 2099, "geometry": {"type": "LineString", "coordinates": [[31.7359530002308, 38.1552909996799], [31.7934319996871, 38.1508229995818], [31.8509110000427, 38.1463540003369], [31.9083830000754, 38.1418860002388], [31.9658550001082, 38.1374180001407], [32.0235810001631, 38.1361670000071], [32.0813060001718, 38.1349149998275], [32.1386939999282, 38.1399980004074], [32.1960809996385, 38.1450810000881], [32.2534769997638, 38.1501649998149], [32.310871999843, 38.155248000395], [32.3682760003372, 38.1603320001217], [32.425678999886, 38.1654169998947], [32.4824900000135, 38.1704489999215], [32.539300000095, 38.1754799999021]]}, "properties": {"OBJECTID": 2099, "catalog_id": "ME_TRCS315", "catalog_na": "EMME", "name": " ", "slip_type": "Normal", "Shape__Length": 0.8058607551234122}}, {"type": "Feature", "id": 7435, "geometry": {"type": "LineString", "coordinates": [[39.3963719995682, 39.4745510003285], [39.4531269998112, 39.5282299999146]]}, "properties": {"OBJECTID": 7435, "catalog_id": "EUR_TRCS162", "catalog_na": "SHARE", "name": " ", "slip_type": "Sinistral-Reverse", "Shape__Length": 0.07811891607771135}}, {"type": "Feature", "id": 1862, "geometry": {"type": "LineString", "coordinates": [[39.722414000206, 39.6730950002341], [39.7519020002771, 39.6399499996928], [39.8168050003505, 39.610605999967], [39.8742069998532, 39.5989749995966], [39.9314999997252, 39.589080000142], [39.9887919995512, 39.5744360002213], [40.0453450003715, 39.558227000076], [40.1018970002464, 39.5420169998847], [40.1598980003924, 39.5292660000259], [40.217897999593, 39.5165150001672], [40.2757150002471, 39.5033370004023], [40.3335320000019, 39.490157999692], [40.3893559995798, 39.4726380002436], [40.445180000057, 39.4551179998958], [40.4968670004118, 39.4388960000504], [40.5485539998672, 39.4226730001589]]}, "properties": {"OBJECTID": 1862, "catalog_id": "ME_TRCS002", "catalog_na": "EMME", "name": " ", "slip_type": "Dextral", "Shape__Length": 0.8718293480115901}}, {"type": "Feature", "id": 1933, "geometry": {"type": "LineString", "coordinates": [[44.6416079996096, 39.1589039997199], [44.2547939996434, 39.4206480003051], [44.2121720000378, 39.4503329995683], [44.1752940000181, 39.4843220003601], [44.1384149999523, 39.5183100002064], [44.0945600001439, 39.5469750000962], [44.0507050003355, 39.5756389999399], [44.0009979995581, 39.5979609996005], [43.9512909996799, 39.6202820001143], [43.9051830002953, 39.6468300004042], [43.8590750000113, 39.6733779997949], [43.8197549997935, 39.6963269995914], [43.7804349995756, 39.7192760002872]]}, "properties": {"OBJECTID": 1933, "catalog_id": "ME_TRCS093", "catalog_na": "EMME", "name": " ", "slip_type": "Dextral", "Shape__Length": 1.030519586541485}}, {"type": "Feature", "id": 6676, "geometry": {"type": "LineString", "coordinates": [[23.8546379999438, 41.8389579999118], [23.9019980004074, 41.8138660002158], [23.9334100001714, 41.7904729997292], [23.9648219999354, 41.7670790000958], [24.0009440001655, 41.7390069996733], [24.0370660003957, 41.7109340001041], [24.0669059996122, 41.6910490004111], [24.0967459997282, 41.6711649998649], [24.1250160002882, 41.6547900001584], [24.153285999949, 41.6384140004059], [24.175367000187, 41.622777999705]]}, "properties": {"OBJECTID": 6676, "catalog_id": "EUR_BGCS035", "catalog_na": "SHARE", "name": " ", "slip_type": "Sinistral-Normal", "Shape__Length": 0.38753774317482437}}, {"type": "Feature", "id": 2076, "geometry": {"type": "LineString", "coordinates": [[29.9292319996571, 38.6391049995961], [29.9326829996208, 38.5993029996338], [29.9361339995845, 38.5594999996254], [29.9154869998252, 38.5230220000653], [29.8948410001121, 38.486544999652], [29.8644549999983, 38.4545259997751], [29.8340679998384, 38.4225069998982], [29.815698999909, 38.392875000381], [29.7973289999334, 38.3632429999645]]}, "properties": {"OBJECTID": 2076, "catalog_id": "ME_TRCS278", "catalog_na": "EMME", "name": " ", "slip_type": "Normal", "Shape__Length": 0.32174686529418894}}, {"type": "Feature", "id": 7578, "geometry": {"type": "LineString", "coordinates": [[30.2994820001942, 37.8834239999177], [30.1873349996106, 37.7926080000592]]}, "properties": {"OBJECTID": 7578, "catalog_id": "EUR_TRCS307", "catalog_na": "SHARE", "name": " ", "slip_type": "Normal", "Shape__Length": 0.1443069491403805}}, {"type": "Feature", "id": 7529, "geometry": {"type": "LineString", "coordinates": [[31.5574299999946, 37.6122390001298], [31.6715390002248, 37.6400080000692], [31.7841420002532, 37.6751599996343], [31.8754860001788, 37.7380919996461]]}, "properties": {"OBJECTID": 7529, "catalog_id": "EUR_TRCS257", "catalog_na": "SHARE", "name": " ", "slip_type": "Normal", "Shape__Length": 0.3463256744388044}}, {"type": "Feature", "id": 2148, "geometry": {"type": "LineString", "coordinates": [[26.3300899996538, 37.918920000058], [26.2827480000203, 37.8898050001008], [26.2354070004328, 37.8606890000974], [26.1880890001073, 37.8315879998863], [26.1407699997358, 37.8024869996754], [26.0934749995716, 37.7734010001561], [26.0461800003068, 37.7443139996914], [25.9989090003501, 37.7152419999184], [25.9516370003473, 37.6861690000993], [25.9043889996527, 37.6571110000726], [25.8571399998112, 37.628053000046], [25.8099099999466, 37.5990069996733], [25.762680000082, 37.5699600001539]]}, "properties": {"OBJECTID": 2148, "catalog_id": "ME_TRCS399", "catalog_na": "EMME", "name": " ", "slip_type": "Dextral-Normal", "Shape__Length": 0.6661285080034887}}, {"type": "Feature", "id": 7386, "geometry": {"type": "LineString", "coordinates": [[42.7355480000402, 40.9029549997735], [42.6756440002704, 40.8510249999039], [42.5904299997447, 40.7869409998273], [42.5096569998707, 40.7196999998552], [42.4021760004221, 40.6793849996181], [42.3428300003043, 40.6004089998755], [42.2757889996627, 40.5250990001188], [42.2087720001277, 40.4498149997625], [42.1417779998549, 40.3745589997981]]}, "properties": {"OBJECTID": 7386, "catalog_id": "EUR_TRCS113", "catalog_na": "SHARE", "name": " ", "slip_type": "Sinistral", "Shape__Length": 0.8069549575191883}}, {"type": "Feature", "id": 1839, "geometry": {"type": "LineString", "coordinates": [[27.1877060002318, 36.2469049998659], [27.1449499998427, 36.2457070003778], [27.1021940003529, 36.2445079999443], [27.0680909996999, 36.2425100004362], [27.0339879999463, 36.2405120000288], [27.0024309997909, 36.2373160001334], [26.9708729995893, 36.2341200002379], [26.9321889999225, 36.2277270004008], [26.8823070000681, 36.2181379997689], [26.8446409996824, 36.210945999958]]}, "properties": {"OBJECTID": 1839, "catalog_id": "ME_GRCS779", "catalog_na": "EMME", "name": " ", "slip_type": "Normal", "Shape__Length": 0.34565688078203627}}, {"type": "Feature", "id": 7409, "geometry": {"type": "LineString", "coordinates": [[35.2495590001478, 38.1958539996624], [35.2182990001987, 38.1382380001836], [35.1740860000689, 38.0567489996666], [35.1399859995543, 37.9723160000834], [35.1126400002359, 37.8863750002062], [35.0708060000969, 37.8041580002915], [35.0213760004021, 37.7246339995595], [35.0029089995508, 37.6372440003104], [34.9688580003964, 37.5528459996432], [34.8869019999274, 37.4926309999208], [34.8313579997719, 37.4157759999625], [34.7978460002927, 37.3312689996646], [34.7643729999141, 37.24676100022]]}, "properties": {"OBJECTID": 7409, "catalog_id": "EUR_TRCS136", "catalog_na": "SHARE", "name": " ", "slip_type": "Sinistral", "Shape__Length": 1.0840458293066593}}, {"type": "Feature", "id": 6868, "geometry": {"type": "LineString", "coordinates": [[25.7897700001854, 40.4460499997078], [25.7548329997432, 40.4537260002547], [25.7198950001542, 40.4614009998563], [25.6677349995706, 40.473572999994], [25.6155749998864, 40.4857460001778], [25.5723440000756, 40.4953359999565], [25.5291120002187, 40.5049269997813], [25.4942610001451, 40.5122090001453], [25.4594100000715, 40.5194899995639]]}, "properties": {"OBJECTID": 6868, "catalog_id": "EUR_GRCS288", "catalog_na": "SHARE", "name": " ", "slip_type": "Normal", "Shape__Length": 0.3384365000842303}}, {"type": "Feature", "id": 7458, "geometry": {"type": "LineString", "coordinates": [[36.3590130004496, 39.4421520000149], [36.3910660000959, 39.50653500039], [36.4369679998733, 39.5845560001594], [36.5291279996575, 39.6325090000904], [36.6228850002426, 39.6786599996593], [36.7298049999009, 39.7025580000517], [36.8378759995778, 39.7232799996723], [36.9358929996623, 39.7640249999538], [37.0283359999065, 39.8119290003232], [37.1208240004273, 39.8598559999545]]}, "properties": {"OBJECTID": 7458, "catalog_id": "EUR_TRCS185", "catalog_na": "SHARE", "name": " ", "slip_type": "Sinistral", "Shape__Length": 0.9048644530539526}}, {"type": "Feature", "id": 2025, "geometry": {"type": "LineString", "coordinates": [[30.8003220001602, 38.6091220000803], [30.8458240003774, 38.6052020000723], [30.891324999649, 38.6012820000643], [30.9368269998662, 38.5973620000563], [30.9823239998528, 38.5934420000483], [31.0516240003474, 38.5873760000025]]}, "properties": {"OBJECTID": 2025, "catalog_id": "ME_TRCS205", "catalog_na": "EMME", "name": " ", "slip_type": "Sinistral-Normal", "Shape__Length": 0.2522411696038357}}, {"type": "Feature", "id": 7509, "geometry": {"type": "LineString", "coordinates": [[32.7475699997557, 39.8188700002503], [32.7430879999113, 39.7282050001607], [32.738607000113, 39.6375539998173], [32.7341250002686, 39.5469030003732], [32.729643999571, 39.4562520000298], [32.7251629997727, 39.3656009996864], [32.7206809999283, 39.2749500002424], [32.71620000013, 39.1842999999451]]}, "properties": {"OBJECTID": 7509, "catalog_id": "EUR_TRCS237", "catalog_na": "SHARE", "name": " ", "slip_type": "Sinistral", "Shape__Length": 0.6353449159102638}}, {"type": "Feature", "id": 7343, "geometry": {"type": "LineString", "coordinates": [[43.3220650002996, 39.2757300002394], [43.2489170004193, 39.3409329997582], [43.1737419996936, 39.4075580001017], [43.0861740003299, 39.4644949997445], [43.0000069999232, 39.5227540000971]]}, "properties": {"OBJECTID": 7343, "catalog_id": "EUR_TRCS070", "catalog_na": "SHARE", "name": " ", "slip_type": "Dextral-Reverse", "Shape__Length": 0.4069045485819367}}, {"type": "Feature", "id": 2174, "geometry": {"type": "LineString", "coordinates": [[27.2768250000738, 38.6364349996755], [27.304328000337, 38.6246290002283], [27.3408560004041, 38.6141709999917], [27.3791029997037, 38.6077620003161], [27.4156309997709, 38.6077620003161], [27.435828000362, 38.6097860001238], [27.4478610003849, 38.6134970003863], [27.4594640003634, 38.6141709999917], [27.4788020000124, 38.6101230003762], [27.5058760002772, 38.598990999635], [27.541114000211, 38.5770650002496], [27.5677580004314, 38.5551389999649], [27.5827989997741, 38.5311879998264], [27.5935419996636, 38.5183699995759], [27.6103020000373, 38.5058880004309]]}, "properties": {"OBJECTID": 2174, "catalog_id": "ME_TRCS905", "catalog_na": "EMME", "name": " ", "slip_type": "Normal", "Shape__Length": 0.37868961980671717}}, {"type": "Feature", "id": 2125, "geometry": {"type": "LineString", "coordinates": [[27.1896000003398, 38.2822299998147], [27.2389910000347, 38.2898559998546], [27.2883829997756, 38.2974809998483], [27.3350669996424, 38.3122900001834], [27.3817510004084, 38.3270989996192], [27.4163909997449, 38.3502659995763], [27.4510299999346, 38.3734320003866]]}, "properties": {"OBJECTID": 2125, "catalog_id": "ME_TRCS364", "catalog_na": "EMME", "name": " ", "slip_type": "Dextral-Normal", "Shape__Length": 0.28125108357075074}}, {"type": "Feature", "id": 1982, "geometry": {"type": "LineString", "coordinates": [[40.4902649999299, 39.0561549999533], [40.5256969998167, 39.0767289999434], [40.550100000115, 39.0990230001114], [40.5797290003931, 39.1347290000434], [40.6245519998749, 39.1585779999748], [40.6718890001773, 39.1649699997657]]}, "properties": {"OBJECTID": 1982, "catalog_id": "ME_TRCS152", "catalog_na": "EMME", "name": " ", "slip_type": "Sinistral", "Shape__Length": 0.21896319727377472}}, {"type": "Feature", "id": 2056, "geometry": {"type": "LineString", "coordinates": [[33.3370170002344, 39.5091850002876], [33.3520449998769, 39.5494520001098], [33.3670739995655, 39.5897230001164], [33.3821030001534, 39.6299940001231], [33.3971329998881, 39.6702690003142], [33.4121639996689, 39.7105439996059], [33.4271960003952, 39.7508229999815]]}, "properties": {"OBJECTID": 2056, "catalog_id": "ME_TRCS250", "catalog_na": "EMME", "name": " ", "slip_type": "Sinistral-Normal", "Shape__Length": 0.25791699240209814}}, {"type": "Feature", "id": 7392, "geometry": {"type": "LineString", "coordinates": [[42.571154000257, 41.5555830000554], [42.5452409995725, 41.5203280002371], [42.5032850001027, 41.4385920000208], [42.3923339998143, 41.4112550002181], [42.2940120000538, 41.3640650003995], [42.231414000156, 41.2901829999456], [42.1256479997554, 41.253447000179], [42.0264550002981, 41.2075869996404], [41.9398769998238, 41.1490859998191], [41.839101000211, 41.1054229998716], [41.7383760002523, 41.0617809999932]]}, "properties": {"OBJECTID": 7392, "catalog_id": "EUR_TRCS119", "catalog_na": "SHARE", "name": " ", "slip_type": "Sinistral", "Shape__Length": 1.0011304026140997}}, {"type": "Feature", "id": 2005, "geometry": {"type": "LineString", "coordinates": [[35.3367799996973, 38.9064409999522], [35.2988800002119, 38.8997960001853], [35.2609789997811, 38.8931519995652], [35.2230790002957, 38.8865069997983], [35.1654880001711, 38.8888380002736], [35.1078960000004, 38.8911679998034]]}, "properties": {"OBJECTID": 2005, "catalog_id": "ME_TRCS183", "catalog_na": "EMME", "name": " ", "slip_type": "Sinistral", "Shape__Length": 0.23071245150696976}}, {"type": "Feature", "id": 7415, "geometry": {"type": "LineString", "coordinates": [[40.2402459995533, 38.9064609999752], [40.1746119999439, 38.961471999833], [40.1089580003115, 39.0165009996215]]}, "properties": {"OBJECTID": 7415, "catalog_id": "EUR_TRCS142", "catalog_na": "SHARE", "name": " ", "slip_type": "Dextral", "Shape__Length": 0.17130481682648457}}, {"type": "Feature", "id": 7292, "geometry": {"type": "LineString", "coordinates": [[29.4575000002249, 40.7156999997553], [29.3827389997051, 40.7042149998225], [29.2712289997186, 40.6870840003264], [29.1591840002415, 40.6721959999455], [29.0473400001409, 40.6565790001208], [28.934884999743, 40.6438519995702], [28.8618820002542, 40.7100069998232], [28.7510999996653, 40.7297999997703]]}, "properties": {"OBJECTID": 7292, "catalog_id": "EUR_TRCS014", "catalog_na": "SHARE", "name": " ", "slip_type": "Dextral-Normal", "Shape__Length": 0.7386429167668547}}, {"type": "Feature", "id": 1882, "geometry": {"type": "LineString", "coordinates": [[29.4474570002404, 40.1608769996739], [29.4847549998434, 40.1730170001345], [29.5220530003457, 40.1851579997419], [29.5593509999487, 40.1972980002026], [29.5961839996919, 40.2102739996454], [29.6330160002883, 40.2232499999876], [29.6698490000314, 40.2362260003297], [29.7049299999196, 40.2518070002929], [29.7400099997618, 40.26738700021], [29.77509099965, 40.2829680001731], [29.8102149997225, 40.2985239998827], [29.8453399998411, 40.3140790004456], [29.8804639999137, 40.3296350001552], [29.9247089997206, 40.351970999562], [29.9689540004268, 40.3743069998682]]}, "properties": {"OBJECTID": 1882, "catalog_id": "ME_TRCS028", "catalog_na": "EMME", "name": " ", "slip_type": "Dextral", "Shape__Length": 0.564352862475069}}, {"type": "Feature", "id": 1833, "geometry": {"type": "LineString", "coordinates": [[25.4594100000715, 40.5194899995639], [25.4942610001451, 40.5122090001453], [25.5291120002187, 40.5049269997813], [25.5723440000756, 40.4953359999565], [25.6155749998864, 40.4857460001778], [25.6677349995706, 40.473572999994], [25.7198950001542, 40.4614009998563], [25.7548329997432, 40.4537260002547], [25.7897700001854, 40.4460499997078]]}, "properties": {"OBJECTID": 1833, "catalog_id": "ME_GRCS288", "catalog_na": "EMME", "name": " ", "slip_type": "Normal", "Shape__Length": 0.3384365000842303}}, {"type": "Feature", "id": 1956, "geometry": {"type": "LineString", "coordinates": [[41.7383760002523, 41.0617809999932], [41.788738999805, 41.0836019999324], [41.839101000211, 41.1054229998716], [41.8894890000174, 41.1272550003181], [41.9398769998238, 41.1490859998191], [41.9831659996112, 41.1783369997528], [42.0264550002981, 41.2075869996404], [42.0760519996002, 41.2305170003593], [42.1256479997554, 41.253447000179], [42.1785310004054, 41.2718150000622], [42.231414000156, 41.2901829999456], [42.2627130001049, 41.3271240001725], [42.2940120000538, 41.3640650003995], [42.343172999934, 41.3876600003088], [42.3923339998143, 41.4112550002181], [42.4478100004312, 41.4249240001425], [42.5032850001027, 41.4385920000208], [42.5242629998376, 41.4794599996793], [42.5452409995725, 41.5203280002371], [42.5711009996115, 41.5555120003785]]}, "properties": {"OBJECTID": 1956, "catalog_id": "ME_TRCS119", "catalog_na": "EMME", "name": " ", "slip_type": "Sinistral-Reverse", "Shape__Length": 1.0010418047091179}}, {"type": "Feature", "id": 7366, "geometry": {"type": "LineString", "coordinates": [[43.7804349995756, 39.7192760002872], [43.8590750000113, 39.6733779997949], [43.9512909996799, 39.6202820001143], [44.0507050003355, 39.5756389999399], [44.1384149999523, 39.5183100002064], [44.2121720000378, 39.4503329995683], [44.2974160001484, 39.3909620000963]]}, "properties": {"OBJECTID": 7366, "catalog_id": "EUR_TRCS093", "catalog_na": "SHARE", "name": " ", "slip_type": "Dextral", "Shape__Length": 0.6154115975131362}}, {"type": "Feature", "id": 2105, "geometry": {"type": "LineString", "coordinates": [[27.8007800002968, 38.2089399996813], [27.7467790002507, 38.2046929998821], [27.6927780002046, 38.2004460000829], [27.6387830004352, 38.1962000003298], [27.5847879997664, 38.1919529996313], [27.5307940000431, 38.1877069998782], [27.4768000003198, 38.183460000079]]}, "properties": {"OBJECTID": 2105, "catalog_id": "ME_TRCS323", "catalog_na": "EMME", "name": " ", "slip_type": "Normal", "Shape__Length": 0.3249804159804532}}, {"type": "Feature", "id": 7678, "geometry": {"type": "LineString", "coordinates": [[30.0632879997414, 36.8566910002895], [30.0332969998567, 36.7865860004436], [30.0343669997373, 36.7101489999764]]}, "properties": {"OBJECTID": 7678, "catalog_id": "EUR_TRCS420", "catalog_na": "SHARE", "name": " ", "slip_type": "Normal", "Shape__Length": 0.15269520125281577}}, {"type": "Feature", "id": 7429, "geometry": {"type": "LineString", "coordinates": [[40.4984970000366, 39.1660920002457], [40.4087500000126, 39.1296869995554], [40.3012260003796, 39.0873210000642], [40.1814099995719, 39.0770549996885]]}, "properties": {"OBJECTID": 7429, "catalog_id": "EUR_TRCS156", "catalog_na": "SHARE", "name": " ", "slip_type": "Sinistral-Reverse", "Shape__Length": 0.3326740244511785}}, {"type": "Feature", "id": 7584, "geometry": {"type": "LineString", "coordinates": [[29.2737600004237, 39.5002799997222], [29.2203299997298, 39.4343160001833], [29.1644749996216, 39.3653590002177], [29.1292209998493, 39.2887170001895], [29.1382899998836, 39.2076700002704]]}, "properties": {"OBJECTID": 7584, "catalog_id": "EUR_TRCS313", "catalog_na": "SHARE", "name": " ", "slip_type": "Normal", "Shape__Length": 0.33954278333607263}}, {"type": "Feature", "id": 7572, "geometry": {"type": "LineString", "coordinates": [[30.5626760001973, 38.437780000047], [30.4919860003537, 38.4005180003055]]}, "properties": {"OBJECTID": 7572, "catalog_id": "EUR_TRCS301", "catalog_na": "SHARE", "name": " ", "slip_type": "Normal", "Shape__Length": 0.07990952823431809}}, {"type": "Feature", "id": 7535, "geometry": {"type": "LineString", "coordinates": [[30.6021240000226, 37.1747240003124], [30.5800960004301, 37.0997279997474], [30.5507420002432, 37.0123809997834], [30.6399580000617, 36.9567069999281]]}, "properties": {"OBJECTID": 7535, "catalog_id": "EUR_TRCS263", "catalog_na": "SHARE", "name": " ", "slip_type": "Normal", "Shape__Length": 0.27547381057445}}, {"type": "Feature", "id": 2211, "geometry": {"type": "LineString", "coordinates": [[42.4472889997876, 42.0690690004341], [42.4134329997332, 42.0837549995936], [42.3629920001807, 42.1053190002717], [42.3381149996076, 42.1075840004013], [42.2508909999198, 42.0876019998325], [42.138921000304, 42.0851409996575], [41.9832730000489, 42.0613380000487], [41.91585199987, 42.069810999578], [41.8635629996328, 42.0617520002547], [41.8064609995755, 42.0376759997476]]}, "properties": {"OBJECTID": 2211, "catalog_id": "ME_G17s1s1", "catalog_na": "EMME", "name": " ", "slip_type": "Reverse", "Shape__Length": 0.6585069925511048}}, {"type": "Feature", "id": 6980, "geometry": {"type": "LineString", "coordinates": [[24.8741049999458, 36.8909580004114], [24.9056300004243, 36.8934959996407], [24.9371539999572, 36.8960339997693], [24.9735280001171, 36.9030139996964], [25.0099020002771, 36.9099929995773], [25.0632499998877, 36.9226830002203], [25.0976040004243, 36.9277589995782], [25.1319570000156, 36.9328349998354], [25.1695440003554, 36.9410839998268], [25.2071299997497, 36.949331999772], [25.2382500004372, 36.9553599998641], [25.2693700002254, 36.9613869999102], [25.3004910000597, 36.9636079998094], [25.3316109998478, 36.9658289997086]]}, "properties": {"OBJECTID": 6980, "catalog_id": "EUR_GRCS937", "catalog_na": "SHARE", "name": " ", "slip_type": "Normal", "Shape__Length": 0.46437551305558517}}, {"type": "Feature", "id": 1976, "geometry": {"type": "LineString", "coordinates": [[40.0962770000835, 39.0488130004197], [40.1457710000317, 39.0300199998232], [40.1996299998247, 39.0210889998575], [40.2534879995716, 39.0121579998918], [40.3043549998834, 38.9957969999317], [40.3552210001491, 38.9794359999715], [40.4026209997594, 38.9720120002536], [40.450021000269, 38.9645879996365]]}, "properties": {"OBJECTID": 1976, "catalog_id": "ME_TRCS140", "catalog_na": "EMME", "name": " ", "slip_type": "Dextral", "Shape__Length": 0.3649514050886181}}, {"type": "Feature", "id": 6645, "geometry": {"type": "LineString", "coordinates": [[25.5068210001891, 42.367331999772], [25.6216130004397, 42.4314450002866], [25.7067809997434, 42.4641840000916], [25.7900990000688, 42.4860100002613], [25.8845250000288, 42.5122319999069], [25.9308129996203, 42.5311439996959], [25.9789509999887, 42.5473549999334], [26.0289430004192, 42.5622149999224], [26.0679660004306, 42.5665419998135], [26.1141109997229, 42.5797770004083]]}, "properties": {"OBJECTID": 6645, "catalog_id": "EUR_BGCS004", "catalog_na": "SHARE", "name": " ", "slip_type": "Normal", "Shape__Length": 0.6470732648244292}}, {"type": "Feature", "id": 1913, "geometry": {"type": "LineString", "coordinates": [[37.4782460002527, 37.9676780002396], [37.53160000014, 37.9648029998586], [37.5836330002628, 37.9706060003667], [37.6297730002238, 37.984944999712], [37.6745910003744, 38.0079629999925], [37.727655000378, 38.0134120003636], [37.7807190003816, 38.0188599997892], [37.8341850000378, 38.0207210001741], [37.887650999694, 38.0225829997057], [37.9404869999751, 38.0158860002388], [37.9933230002563, 38.0091889998725], [38.0444699999906, 37.9994359997716], [38.0982570000606, 37.993847000139], [38.147004999781, 37.9938450000467], [38.1747979999278, 37.9968920002656], [38.1904690004441, 37.9980070004228]]}, "properties": {"OBJECTID": 1913, "catalog_id": "ME_TRCS073", "catalog_na": "EMME", "name": " ", "slip_type": "Sinistral-Reverse", "Shape__Length": 0.723250617979284}}, {"type": "Feature", "id": 7335, "geometry": {"type": "LineString", "coordinates": [[37.9810239996579, 37.9597060004317], [37.9036120000938, 37.937457999687], [37.808763999559, 37.9041539999072], [37.7331710002415, 37.8480570003304], [37.6441220000303, 37.8061060001918]]}, "properties": {"OBJECTID": 7335, "catalog_id": "EUR_TRCS062", "catalog_na": "SHARE", "name": " ", "slip_type": "Sinistral", "Shape__Length": 0.3736403387885303}}, {"type": "Feature", "id": 7323, "geometry": {"type": "LineString", "coordinates": [[39.6722600003988, 38.5742210003989], [39.5606959997207, 38.5418670003618], [39.4506459996132, 38.5031190004416], [39.341578999871, 38.4628040002045], [39.2331269997113, 38.4215810003629]]}, "properties": {"OBJECTID": 7323, "catalog_id": "EUR_TRCS050", "catalog_na": "SHARE", "name": " ", "slip_type": "Sinistral", "Shape__Length": 0.46513466814743804}}, {"type": "Feature", "id": 7286, "geometry": {"type": "LineString", "coordinates": [[31.5095519999249, 40.6945740003899], [31.4168460001429, 40.6618739996854], [31.3197599998242, 40.6276279996325], [31.2176430004242, 40.6033329998181], [31.1150840004264, 40.5802290000684], [31.0091700003953, 40.5689359999965]]}, "properties": {"OBJECTID": 7286, "catalog_id": "EUR_TRCS008", "catalog_na": "SHARE", "name": " ", "slip_type": "Dextral", "Shape__Length": 0.5178638012533741}}, {"type": "Feature", "id": 1962, "geometry": {"type": "LineString", "coordinates": [[42.8643180000757, 41.2857460003777], [42.8387390004046, 41.2610399995963], [42.8131589997881, 41.2363349997605], [42.787580000117, 41.2116289998785], [42.7620110000077, 41.1869339996044], [42.7364429999445, 41.1622390002297], [42.7108739998353, 41.1375439999557], [42.6853160002333, 41.1128590001428], [42.6597569996858, 41.0881740003299], [42.6341990000839, 41.0634889996177]]}, "properties": {"OBJECTID": 1962, "catalog_id": "ME_TRCS125", "catalog_na": "EMME", "name": " ", "slip_type": "Sinistral", "Shape__Length": 0.3199264424257252}}, {"type": "Feature", "id": 7372, "geometry": {"type": "LineString", "coordinates": [[43.9607070004278, 38.9924120003136], [44.0053990001638, 38.9680530002458], [44.0912139996265, 38.9212819999644], [44.1553700003253, 38.8568760003272], [44.2314349998254, 38.8009260003347], [44.2845359997366, 38.7307299998897]]}, "properties": {"OBJECTID": 7372, "catalog_id": "EUR_TRCS099", "catalog_na": "SHARE", "name": " ", "slip_type": "Dextral", "Shape__Length": 0.42198375179194714}}, {"type": "Feature", "id": 1278, "geometry": {"type": "LineString", "coordinates": [[34.4180437022551, 27.7442947121313], [35.1035915892805, 29.8277062541404], [35.4541550498158, 31.2241636653209], [35.6598194158335, 33.0786555791917], [35.7969289937781, 33.6309570637176], [35.9203276139283, 33.8943447129382], [36.3316563459637, 34.4640991641452]]}, "properties": {"OBJECTID": 1278, "catalog_id": "EAF_1494", "catalog_na": "Macgregor_AfricaFaults", "name": " ", "slip_type": "Strike-Slip", "Shape__Length": 7.061596392735124}}, {"type": "Feature", "id": 2019, "geometry": {"type": "LineString", "coordinates": [[30.3402149999224, 39.8507009995515], [30.3838260001698, 39.8593380003485], [30.4274370004173, 39.8679750002461], [30.4710479997654, 39.8766120001437], [30.5147830003352, 39.868350999599], [30.5585190000519, 39.8600899999536], [30.6022539997223, 39.8518290003082], [30.6439220003001, 39.8403230003063], [30.6855899999786, 39.8288160002583], [30.727257999657, 39.8173100002564]]}, "properties": {"OBJECTID": 2019, "catalog_id": "ME_TRCS198", "catalog_na": "EMME", "name": " ", "slip_type": "Dextral-Normal", "Shape__Length": 0.39658272340272294}}, {"type": "Feature", "id": 7521, "geometry": {"type": "LineString", "coordinates": [[33.2668969996968, 39.3897699999856], [33.2896690003242, 39.3190309996809], [33.3124389999599, 39.2482959995608]]}, "properties": {"OBJECTID": 7521, "catalog_id": "EUR_TRCS249", "catalog_na": "SHARE", "name": " ", "slip_type": "Dextral-Normal", "Shape__Length": 0.1486235734485145}}, {"type": "Feature", "id": 14113, "geometry": {"type": "LineString", "coordinates": [[30.7929999997502, 34.9909999998501], [30.8028699998507, 34.9875079997944], [30.8127399999511, 34.9840149996925], [30.8226090000054, 34.9805210004438], [30.8324759999675, 34.9770260002497], [30.8423429999295, 34.9735310000557], [30.8522099998916, 34.9700349998154], [30.8620749997615, 34.9665380004284], [30.8719389995852, 34.963040000096], [30.8818030003083, 34.9595409997174], [30.8916660000859, 34.9560420002382], [30.9015279998174, 34.9525419998135], [30.9113890004021, 34.949041000242], [30.9212490000414, 34.9455389997251], [30.9311089996806, 34.9420360000614], [30.940967000127, 34.9385330003977], [30.9508249996741, 34.9350279997424], [30.9606820000743, 34.9315229999865], [30.9705380004284, 34.9280180002306], [30.9803929998371, 34.9245110003824], [30.9902480001451, 34.9210029995888], [31.0001010003609, 34.9174949996946], [31.0099539996774, 34.9139859997541], [31.0198059998471, 34.9104759997676], [31.0296569999706, 34.9069659997811], [31.039507000048, 34.9034539997024], [31.0493570001255, 34.8999419996236], [31.0592050001107, 34.8964290003981], [31.0690530000959, 34.8929150002271], [31.078900000035, 34.88940000001], [31.088745999928, 34.8858849997929], [31.0985909997749, 34.8823690004291], [31.1084349995756, 34.8788520001198], [31.1182790002757, 34.8753339997643], [31.1281220000303, 34.8718150002621], [31.1379629996927, 34.8682959998605], [31.1478040002544, 34.8647750002661], [31.1576449999168, 34.8612539997723], [31.1674840003864, 34.8577320001318], [31.1773219999104, 34.8542099995919], [31.1871600003338, 34.8506859998591], [31.1969969998117, 34.8471620001263], [31.2068330001429, 34.8436370003473], [31.2166680004279, 34.840110999623], [31.2265019997675, 34.8365849997979], [31.2363360000065, 34.8330569998807], [31.2461680001531, 34.8295289999634], [31.2560000002998, 34.8260000000001]]}, "properties": {"OBJECTID": 14113, "catalog_id": "PB_5459.0", "catalog_na": "Bird 2003", "name": " ", "slip_type": "Subduction_Thrust", "Shape__Length": 0.49152256985949994}}, {"type": "Feature", "id": 6988, "geometry": {"type": "LineString", "coordinates": [[25.1697619996166, 36.5933220003101], [25.128537999729, 36.5808760001274], [25.0873129997951, 36.5684299999446], [25.0408029998586, 36.5576429998246], [24.994292999922, 36.5468559997047], [24.9615249996791, 36.5468559997047], [24.9287570003353, 36.5468559997047], [24.8833039996799, 36.5518349999853], [24.8378509999238, 36.5568130002198], [24.7860559999845, 36.5609619999964], [24.7342610000452, 36.5651109997729]]}, "properties": {"OBJECTID": 6988, "catalog_id": "EUR_GRCS954", "catalog_na": "SHARE", "name": " ", "slip_type": "Normal", "Shape__Length": 0.4425211544330014}}, {"type": "Feature", "id": 14119, "geometry": {"type": "LineString", "coordinates": [[33.7349999999501, 34.3020000003997], [33.7436009999862, 34.3074970002864], [33.7522040001145, 34.312994000173], [33.760808000289, 34.3184910000597], [33.7694119995642, 34.3239859998541], [33.7780179998309, 34.3294809996485], [33.7866250001437, 34.3349760003422], [33.7952329996033, 34.3404700000905], [33.8038430000545, 34.3459629997927], [33.8124529996063, 34.351455000348], [33.8210640001035, 34.3569470000041], [33.8296769997938, 34.3624389996602], [33.8382910004294, 34.3679300001695], [33.8469060002118, 34.3734199997332], [33.8555220000403, 34.3789090001503], [33.864138999915, 34.384397999668], [33.8727569998357, 34.389887000085], [33.8813759998026, 34.3953740004098], [33.8899969998617, 34.4008609998353], [33.8986179999208, 34.4063480001601], [33.9072410000721, 34.4118340004388], [33.9158650002696, 34.4173189997721], [33.9244899996139, 34.4228040000046], [33.9331159999035, 34.4282880001911], [33.9417430002393, 34.4337710003314], [33.950371999768, 34.4392539995725], [33.9590010001961, 34.4447359996667], [33.967631999817, 34.4502179997609], [33.9762630003373, 34.455698999809], [33.9848960000504, 34.4611789998111], [33.9935299998097, 34.466658999813], [34.0021649996151, 34.4721379997689], [34.010802000412, 34.4776169997248], [34.0194390003097, 34.4830949996346], [34.0280780002995, 34.4885720003975], [34.0367170002894, 34.4940490002612], [34.0453580003715, 34.4995250000787], [34.0539999996004, 34.5049999998502]]}, "properties": {"OBJECTID": 14119, "catalog_id": "PB_5465.0", "catalog_na": "Bird 2003", "name": " ", "slip_type": "Subduction_Thrust", "Shape__Length": 0.37811399845152044}}, {"type": "Feature", "id": 7627, "geometry": {"type": "LineString", "coordinates": [[27.2983560001293, 38.7503029995838], [27.1569540003269, 38.7660689999844], [27.0143999995604, 38.776113000015]]}, "properties": {"OBJECTID": 7627, "catalog_id": "EUR_TRCS362", "catalog_na": "SHARE", "name": " ", "slip_type": "Dextral", "Shape__Length": 0.28518562184974483}}, {"type": "Feature", "id": 2119, "geometry": {"type": "LineString", "coordinates": [[26.9243099999066, 38.0843499999526], [26.9664539999522, 38.0781360002762], [27.0085969999516, 38.0719209996545], [27.0507409999972, 38.0657069999781], [27.0795969997018, 38.0408280002121], [27.1084540003519, 38.0159490004461], [27.1373100000565, 37.9910699997807]]}, "properties": {"OBJECTID": 2119, "catalog_id": "ME_TRCS353", "catalog_na": "EMME", "name": " ", "slip_type": "Normal", "Shape__Length": 0.24209979695641937}}, {"type": "Feature", "id": 2162, "geometry": {"type": "LineString", "coordinates": [[29.9905279997674, 38.2393750002561], [30.0282459998531, 38.2099749997465], [30.0659639999387, 38.1805740000901], [30.1002399995764, 38.1486969995669], [30.1345150000673, 38.116818999897], [30.1654500003173, 38.0831979998878], [30.1963849996681, 38.0495759998326]]}, "properties": {"OBJECTID": 2162, "catalog_id": "ME_TRCS422", "catalog_na": "EMME", "name": " ", "slip_type": "Normal", "Shape__Length": 0.28063756213304375}}, {"type": "Feature", "id": 7621, "geometry": {"type": "LineString", "coordinates": [[29.8726110001975, 37.1410620002112], [29.8064679995986, 37.073871999893]]}, "properties": {"OBJECTID": 7621, "catalog_id": "EUR_TRCS356", "catalog_na": "SHARE", "name": " ", "slip_type": "Normal", "Shape__Length": 0.09428357582846336}}, {"type": "Feature", "id": 2168, "geometry": {"type": "LineString", "coordinates": [[44.2368640001735, 39.9749669996274], [44.0784730002288, 40.052208000299], [43.7221180001457, 40.1447159999435], [43.5547920000508, 40.1651489997266], [43.4985829998056, 40.1636620004011], [43.4429009995815, 40.1621889999225], [43.3872180002106, 40.1607150002971]]}, "properties": {"OBJECTID": 2168, "catalog_id": "ME_TRCS429", "catalog_na": "EMME", "name": " ", "slip_type": "Dextral", "Shape__Length": 0.88058929602499}}, {"type": "Feature", "id": 7478, "geometry": {"type": "LineString", "coordinates": [[31.0733169997798, 38.5856030000784], [30.9368269998662, 38.5973620000563], [30.8003220001602, 38.6091220000803]]}, "properties": {"OBJECTID": 7478, "catalog_id": "EUR_TRCS205", "catalog_na": "SHARE", "name": " ", "slip_type": "Sinistral-Normal", "Shape__Length": 0.2740062283570157}}, {"type": "Feature", "id": 2068, "geometry": {"type": "LineString", "coordinates": [[30.2586050001207, 36.7686339999592], [30.2428880001811, 36.8084519997601], [30.2271700001954, 36.8482699995609], [30.2381100001764, 36.8891040003494], [30.2490490001113, 36.9299370001925], [30.2763370003523, 36.9655529995713], [30.3036239996479, 37.0011689998495], [30.3344690002442, 37.0348990003886], [30.3653129998951, 37.0686279999823], [30.3760369998078, 37.1095029999635], [30.3867609997204, 37.1503779999448], [30.3938239998777, 37.1917569997858], [30.4008870000351, 37.2331359996267], [30.4060719999229, 37.263514000271], [30.4112569998107, 37.2938920000158]]}, "properties": {"OBJECTID": 2068, "catalog_id": "ME_TRCS266", "catalog_na": "EMME", "name": " ", "slip_type": "Normal", "Shape__Length": 0.5814168420595207}}, {"type": "Feature", "id": 7329, "geometry": {"type": "LineString", "coordinates": [[36.8944199999831, 37.4618589999929], [36.8823940002829, 37.4412940004178], [36.8355829999555, 37.3612409995725], [36.7887799999971, 37.2812030003183], [36.7419859995543, 37.2011799999571], [36.6742170004143, 37.1313629999026], [36.6274680002481, 37.0513580003715], [36.5962769998837, 36.9666790002357], [36.5604089996756, 36.883197999588], [36.5157850003775, 36.8024770003134], [36.473137999619, 36.7210910000497], [36.4182770003833, 36.6445690001593], [36.3583329996683, 36.5705689996597]]}, "properties": {"OBJECTID": 7329, "catalog_id": "EUR_TRCS056", "catalog_na": "SHARE", "name": " ", "slip_type": "Sinistral-Normal", "Shape__Length": 1.0465442189818113}}, {"type": "Feature", "id": 1870, "geometry": {"type": "LineString", "coordinates": [[30.9436109997479, 40.7546000003898], [31.0024340000292, 40.7542719996531], [31.0612570003104, 40.7539429997697], [31.1186739996054, 40.7636600000091], [31.1760909997998, 40.7733770002484], [31.234924999689, 40.7741970002914], [31.2937589995782, 40.7750160002882], [31.3512070003028, 40.7653980001177], [31.4086550001282, 40.7557799999471], [31.4478920001158, 40.744140000061], [31.4871290001033, 40.7325000001749]]}, "properties": {"OBJECTID": 1870, "catalog_id": "ME_TRCS010", "catalog_na": "EMME", "name": " ", "slip_type": "Dextral-Normal", "Shape__Length": 0.550143533019487}}, {"type": "Feature", "id": 7280, "geometry": {"type": "LineString", "coordinates": [[40.5485539998672, 39.4226730001589], [40.445180000057, 39.4551179998958], [40.3335320000019, 39.490157999692], [40.217897999593, 39.5165150001672], [40.1018970002464, 39.5420169998847], [39.9887919995512, 39.5744360002213], [39.8742069998532, 39.6037250001087], [39.7611650002646, 39.6364819998445], [39.6491040000496, 39.6712960000104]]}, "properties": {"OBJECTID": 7280, "catalog_id": "EUR_TRCS002", "catalog_na": "SHARE", "name": " ", "slip_type": "Dextral", "Shape__Length": 0.9336995857588524}}, {"type": "Feature", "id": 1919, "geometry": {"type": "LineString", "coordinates": [[43.0988060000969, 40.1619679996235], [43.1568080002891, 40.1616979997629], [43.2243380000987, 40.1518200001929], [43.3012560002642, 40.1227729997742], [43.4507459998281, 40.0981690000993], [43.6049300000195, 40.0639799999771], [43.6863330001678, 40.0110049995811]]}, "properties": {"OBJECTID": 1919, "catalog_id": "ME_TRCS079", "catalog_na": "EMME", "name": " ", "slip_type": "Sinistral", "Shape__Length": 0.6150240168716521}}, {"type": "Feature", "id": 14111, "geometry": {"type": "LineString", "coordinates": [[29.7309999997502, 35.4269999999501], [29.7401039996, 35.4219629996927], [29.7492070003029, 35.4169250002886], [29.7583090000604, 35.411885999939], [29.7674089997256, 35.4068460004426], [29.7765090002902, 35.4018060000469], [29.7856069998632, 35.3967659996512], [29.7947040002894, 35.3917240000626], [29.8037999997702, 35.3866819995746], [29.8128950001042, 35.3816389999399], [29.8219890003921, 35.3765950002591], [29.8310819997346, 35.371550999679], [29.8401729998841, 35.366505999952], [29.8492640000336, 35.361461000225], [29.8583530000909, 35.3564140004058], [29.8674410001021, 35.3513669996873], [29.8765280000672, 35.3463199998682], [29.8856139999862, 35.3412709999567], [29.894698999859, 35.3362220000453], [29.9037829996857, 35.3311720000878], [29.9128650003196, 35.3261220001302], [29.921947000054, 35.3210710001266], [29.9310269996963, 35.3160190000768], [29.9401060001918, 35.3109670000271], [29.9491839997418, 35.3059129998851], [29.9582610001451, 35.3008589997431], [29.9673369996029, 35.2958049996011], [29.9764109998678, 35.2907500003123], [29.9854850001327, 35.2856940000781], [29.9945570003053, 35.2806369997978], [30.0036280004319, 35.2755800004167], [30.0126979996131, 35.2705220000903], [30.0217669996474, 35.2654629997177], [30.0308349996356, 35.2604040002445], [30.0399019995777, 35.2553439998258], [30.048968000373, 35.2502830002603], [30.0580320001767, 35.2452219997955], [30.0670949999343, 35.2401600001839], [30.076157999692, 35.2350969996269], [30.0852190002567, 35.2300329999231], [30.094278999876, 35.2249690002192], [30.1033370003024, 35.21990399957], [30.1123949998294, 35.21483899982], [30.1214520002097, 35.209773000024], [30.1305069995984, 35.2047060001818], [30.1395619998864, 35.1996380002935], [30.1486150000823, 35.1945700004052], [30.1576670002319, 35.1895009995715], [30.1667180003355, 35.1844319996371], [30.175768000393, 35.1793609996105], [30.1848160003582, 35.17429099963], [30.1938640003234, 35.1692189995572], [30.2029100001964, 35.1641470003838], [30.2119560000694, 35.159074000265], [30.2209999998502, 35.1540000001]]}, "properties": {"OBJECTID": 14111, "catalog_id": "PB_5457.0", "catalog_na": "Bird 2003", "name": " ", "slip_type": "Subduction_Thrust", "Shape__Length": 0.5609188292667149}}, {"type": "Feature", "id": 6949, "geometry": {"type": "LineString", "coordinates": [[26.9215430000095, 35.793572999994], [26.8954570003403, 35.7808969999966], [26.8693709997719, 35.7682209999992], [26.8258930002618, 35.7516439999707], [26.7824149998524, 35.7350669999421], [26.7451469998342, 35.723365999941], [26.707878999816, 35.7116639998937]]}, "properties": {"OBJECTID": 6949, "catalog_id": "EUR_GRCS772", "catalog_na": "SHARE", "name": " ", "slip_type": "Normal", "Shape__Length": 0.22919123874131886}}, {"type": "Feature", "id": 7613, "geometry": {"type": "LineString", "coordinates": [[36.5678949995547, 37.2638100004312], [36.4771049999958, 37.2358550000083], [36.3838100000315, 37.1699620001463], [36.2688670000121, 37.1316129997402], [36.1539739996005, 37.093280000072]]}, "properties": {"OBJECTID": 7613, "catalog_id": "EUR_TRCS344", "catalog_na": "SHARE", "name": " ", "slip_type": "Sinistral", "Shape__Length": 0.45150531602517535}}, {"type": "Feature", "id": 2040, "geometry": {"type": "LineString", "coordinates": [[28.3516089996556, 39.2520829997307], [28.3047459996282, 39.266134000184], [28.2578829996008, 39.280184999738], [28.2110039997348, 39.2942410004219], [28.1641239998228, 39.3082960001603], [28.11722599998, 39.3223570001755], [28.070327000091, 39.3364190002367]]}, "properties": {"OBJECTID": 2040, "catalog_id": "ME_TRCS231", "catalog_na": "EMME", "name": " ", "slip_type": "Dextral-Normal", "Shape__Length": 0.2936530678667805}}, {"type": "Feature", "id": 7281, "geometry": {"type": "LineString", "coordinates": [[39.7850609996655, 39.6695690004091], [39.7086799999821, 39.6984820000443], [39.603050999604, 39.7384660003057], [39.498067000192, 39.7795409996175], [39.4035489995867, 39.8336500001474], [39.3079890003921, 39.8867520001048], [39.1900970001765, 39.8909209999043], [39.0786300003743, 39.9207349997205], [38.9671210004338, 39.950560000044], [38.8539530004307, 39.9765699998057], [38.7404979997829, 40.0019470000541], [38.6270040000346, 40.0273329998182], [38.5132590004026, 40.0521700003453], [38.4069649999349, 40.0919720003076], [38.3006209998593, 40.1317920002007], [38.1922780002296, 40.1684309999907], [38.0809070003579, 40.1994319996871], [37.9694910002095, 40.2304449999369], [37.8580309998308, 40.2614709998868], [37.744704999736, 40.2883839999217], [37.6313049998259, 40.3152260002797], [37.5178639998238, 40.3420770001535], [37.4043819997295, 40.3689389996352], [37.2908580003964, 40.3958100004313], [37.1772930000719, 40.4226909998898], [37.0636859996092, 40.4495819998095], [36.9704430002443, 40.5058789996162], [36.8527730003737, 40.5199239997928], [36.7339230000464, 40.5261269998612], [36.6197040001396, 40.5519190003616], [36.5016539998323, 40.5395360003861], [36.3831680001032, 40.5491999999801], [36.2649789996811, 40.5608739996354], [36.1475819998095, 40.5766139997364], [36.0294789997561, 40.5642869996454], [35.9103069998682, 40.5663480002601], [35.7914130002098, 40.5598589995932]]}, "properties": {"OBJECTID": 7281, "catalog_id": "EUR_TRCS003", "catalog_na": "SHARE", "name": " ", "slip_type": "Dextral", "Shape__Length": 4.1394828321560695}}, {"type": "Feature", "id": 7590, "geometry": {"type": "LineString", "coordinates": [[27.1204670003518, 39.0552379999338], [27.0769980003575, 38.9825349998904], [27.0335379998788, 38.9098469996394], [26.990084999723, 38.8371709999417], [26.9466399999361, 38.7645089999904]]}, "properties": {"OBJECTID": 7590, "catalog_id": "EUR_TRCS319", "catalog_na": "SHARE", "name": " ", "slip_type": "Sinistral-Normal", "Shape__Length": 0.3387317190375834}}, {"type": "Feature", "id": 2063, "geometry": {"type": "LineString", "coordinates": [[32.8251170001495, 36.6697850001777], [32.7353900001484, 36.7250229997117], [32.6456220000553, 36.7802860003986], [32.5558129998701, 36.8355749995866], [32.4659629995928, 36.8908879998813], [32.3794759997177, 36.9495930001169], [32.3127979996281, 37.0230160000884], [32.2460970002764, 37.0964630002673], [32.1793739999102, 37.1699339997543], [32.1023159995838, 37.2367180002356], [32.0050390003497, 37.2839730003537], [31.9215369996329, 37.3457569995859], [31.8379830001154, 37.4075560004092], [31.7647140000511, 37.4771510001186], [31.7058780000697, 37.554930999566], [31.6816529998861, 37.5869640000886]]}, "properties": {"OBJECTID": 2063, "catalog_id": "ME_TRCS258", "catalog_na": "EMME", "name": " ", "slip_type": "Dextral", "Shape__Length": 1.4805860631733854}}, {"type": "Feature", "id": 7496, "geometry": {"type": "LineString", "coordinates": [[30.6679729996542, 38.706047000169], [30.79576100027, 38.6460380000537]]}, "properties": {"OBJECTID": 7496, "catalog_id": "EUR_TRCS224", "catalog_na": "SHARE", "name": " ", "slip_type": "Dextral-Normal", "Shape__Length": 0.14117667369718256}}, {"type": "Feature", "id": 2086, "geometry": {"type": "LineString", "coordinates": [[30.395801000216, 38.034708000374], [30.414713000005, 38.0639200003078], [30.4336239997479, 38.0931310001956], [30.4525360004361, 38.1223430001294], [30.4937810003929, 38.1270569998807], [30.5350270003958, 38.131770999632], [30.5762720003526, 38.1364850002826], [30.611294000218, 38.1542789997761], [30.6463170001295, 38.1720730001689], [30.6813389999949, 38.1898669996623], [30.7143299997297, 38.2099430000695], [30.7473210003639, 38.2300199996233], [30.7803120000988, 38.2500960000305], [30.8266110001975, 38.2829129998351], [30.8729100002963, 38.3157299996398]]}, "properties": {"OBJECTID": 2086, "catalog_id": "ME_TRCS292", "catalog_na": "EMME", "name": " ", "slip_type": "Sinistral-Normal", "Shape__Length": 0.5761473203698508}}, {"type": "Feature", "id": 7567, "geometry": {"type": "LineString", "coordinates": [[30.8522930001219, 38.073008000319], [30.796380000037, 37.9998239996779], [30.786878999866, 37.9065079996445], [30.8677440003854, 37.8380239999077]]}, "properties": {"OBJECTID": 7567, "catalog_id": "EUR_TRCS295", "catalog_na": "SHARE", "name": " ", "slip_type": "Sinistral-Normal", "Shape__Length": 0.2918650283273152}}, {"type": "Feature", "id": 2157, "geometry": {"type": "LineString", "coordinates": [[27.1036300000245, 39.9350099997118], [27.0626859995593, 39.9066040000746], [27.0217409999472, 39.8781980004374], [26.9808150003121, 39.8498049996011], [26.9398879997315, 39.8214119996641], [26.8989789999809, 39.7930310002805], [26.8580700002304, 39.7646499999976]]}, "properties": {"OBJECTID": 2157, "catalog_id": "ME_TRCS417", "catalog_na": "EMME", "name": " ", "slip_type": "Dextral", "Shape__Length": 0.2988682703208873}}, {"type": "Feature", "id": 1825, "geometry": {"type": "LineString", "coordinates": [[26.1767909998048, 41.7112029999186], [26.1236509998938, 41.7238799999621], [26.0814509999637, 41.7354039998947], [26.0189330001579, 41.7457769998088], [25.9704809996985, 41.7480809999382], [25.9110910002495, 41.7469289998735], [25.8391949996496, 41.7434719996331], [25.7829290003731, 41.7515390002247], [25.725474000225, 41.7653900004482], [25.6857700002853, 41.7834460003327], [25.6460650002996, 41.8015020002172], [25.5933219998105, 41.8207110002126], [25.5405790002208, 41.8399200002079], [25.4888299997048, 41.8546959999205], [25.4370810000881, 41.8694719996331]]}, "properties": {"OBJECTID": 1825, "catalog_id": "ME_BGCS006", "catalog_na": "EMME", "name": " ", "slip_type": "Normal", "Shape__Length": 0.764711470909848}}, {"type": "Feature", "id": 7544, "geometry": {"type": "LineString", "coordinates": [[29.3112629995878, 37.0908329996433], [29.4077310001855, 37.2009379995891]]}, "properties": {"OBJECTID": 7544, "catalog_id": "EUR_TRCS272", "catalog_na": "SHARE", "name": " ", "slip_type": "Normal", "Shape__Length": 0.14638711060878298}}, {"type": "Feature", "id": 7421, "geometry": {"type": "LineString", "coordinates": [[33.178305999922, 39.3729119995892], [33.1187689999894, 39.4222650002296], [33.0592130000799, 39.4716339998093]]}, "properties": {"OBJECTID": 7421, "catalog_id": "EUR_TRCS148", "catalog_na": "SHARE", "name": " ", "slip_type": "Dextral", "Shape__Length": 0.15469058128692997}}, {"type": "Feature", "id": 2134, "geometry": {"type": "LineString", "coordinates": [[32.694047000169, 40.8172639997338], [32.7747610000202, 40.8181269999611], [32.8473160004331, 40.7966669995824], [32.9040169999846, 40.7858719999929], [32.9624199997832, 40.7878009999163], [33.0208229995818, 40.7897299998397], [33.0768050001507, 40.8025090000903], [33.1327869998202, 40.815288000341], [33.1773380002485, 40.8351360001263], [33.2218879997315, 40.8549839999117]]}, "properties": {"OBJECTID": 2134, "catalog_id": "ME_TRCS378", "catalog_na": "EMME", "name": " ", "slip_type": "Dextral", "Shape__Length": 0.5433575578630391}}, {"type": "Feature", "id": 7705, "geometry": {"type": "LineString", "coordinates": [[36.0733100002564, 35.7678799995624], [35.968437999714, 35.6440600002688], [35.8635660000709, 35.520240000076], [35.7586940004279, 35.3964199998832], [35.6597030003932, 35.3140180004305], [35.5607120003586, 35.2316160000784], [35.4209450004115, 35.1718909995701], [35.2811779995651, 35.1121649999149], [35.0774620003711, 35.045331999872], [34.9138339999392, 35.0030620003111], [34.7497970004313, 34.9677899997088], [34.5643849999678, 34.9429800004268], [34.4522780003295, 34.9427899997588], [34.3401699997457, 34.9425989999439], [34.1657800003468, 34.9423019997375], [34.0458060003467, 34.9700929997921], [33.9258320003466, 34.9978829998007]]}, "properties": {"OBJECTID": 7705, "catalog_id": "EUR_TRCS997", "catalog_na": "SHARE", "name": " ", "slip_type": "Sinistral-Reverse", "Shape__Length": 2.431532904948694}}, {"type": "Feature", "id": 1877, "geometry": {"type": "LineString", "coordinates": [[29.0504860004286, 40.4244730002288], [29.16966499974, 40.4195889998325], [29.2888359995817, 40.4147050003356], [29.4061500001225, 40.3981090003302], [29.5237690003391, 40.3829360002962], [29.642850999674, 40.3882360000914], [29.7608630000275, 40.4015540000171], [29.8788589996432, 40.4150780004494], [29.9966909997898, 40.4295299996098], [30.1145480001901, 40.4439849998079], [30.2264389997601, 40.4757289995937], [30.3424620001213, 40.4973850000178], [30.4585200002978, 40.5190479998653], [30.5746130002898, 40.5407180000357], [30.6179899996388, 40.5562349997455], [30.6805090003901, 40.5706950001742]]}, "properties": {"OBJECTID": 1877, "catalog_id": "ME_TRCS022", "catalog_na": "EMME", "name": " ", "slip_type": "Dextral", "Shape__Length": 1.6505428779328057}}, {"type": "Feature", "id": 7444, "geometry": {"type": "LineString", "coordinates": [[35.683728000347, 39.3757360003162], [35.7608209995895, 39.4420360000614], [35.8387790000509, 39.5090799999421], [35.9167710002815, 39.5761530002608], [35.9947960002353, 39.6432540000721], [36.0681820002991, 39.7134379999638], [36.1585209997444, 39.7707990002737], [36.2600370002074, 39.8158769998237]]}, "properties": {"OBJECTID": 7444, "catalog_id": "EUR_TRCS171", "catalog_na": "SHARE", "name": " ", "slip_type": "Sinistral", "Shape__Length": 0.729909672568873}}, {"type": "Feature", "id": 2203, "geometry": {"type": "LineString", "coordinates": [[43.2292910000796, 42.5331620001263], [43.2062390000299, 42.5362290003681], [43.1788359998815, 42.5464070002829], [43.1072089999954, 42.5616180002705], [43.0325329997981, 42.5720530003458], [43.0051299996498, 42.5879499995929], [42.9810659996962, 42.5980529996463], [42.9444520001597, 42.6044179999907], [42.6851440003954, 42.6392279999723]]}, "properties": {"OBJECTID": 2203, "catalog_id": "ME_G13s3s1", "catalog_na": "EMME", "name": " ", "slip_type": "Reverse", "Shape__Length": 0.5576893437855218}}, {"type": "Feature", "id": 2180, "geometry": {"type": "LineString", "coordinates": [[33.4715760001324, 35.23856100019], [33.5494009998563, 35.22621300003], [33.6272250004335, 35.2138649998699], [33.7344360000214, 35.2128750000812], [33.8342100001914, 35.2200799995924], [33.9339840003614, 35.2272860000489], [34.0588920003656, 35.2568160002583], [34.1837990003236, 35.2863459995683], [34.2913209998643, 35.3227300001894], [34.3988430003043, 35.3591139999112], [34.5014459996332, 35.4152779998798], [34.6040489998615, 35.4714409998023], [34.6863009995915, 35.5205710000517], [34.7685520001747, 35.569701000301], [34.8589319997121, 35.6573370001025], [34.9493110001026, 35.7449729999041]]}, "properties": {"OBJECTID": 2180, "catalog_id": "ME_TRCS998", "catalog_na": "EMME", "name": " ", "slip_type": "Reverse", "Shape__Length": 1.6259373854866659}}, {"type": "Feature", "id": 1854, "geometry": {"type": "LineString", "coordinates": [[26.6195460002477, 37.7981680001531], [26.5953860003637, 37.7652300001644], [26.5622759996377, 37.7361970003913], [26.5291659998111, 37.7071639997189], [26.4951060002418, 37.6750809995885], [26.4610459997731, 37.6429980003575], [26.422897999643, 37.6109150002271], [26.3847500004122, 37.5788320000968], [26.3602269999761, 37.5538789996162], [26.3357049995861, 37.5289249999888], [26.3111820000493, 37.5039720004075], [26.2743979998679, 37.4697499996628], [26.2376139996864, 37.4355279998174]]}, "properties": {"OBJECTID": 1854, "catalog_id": "ME_GRCS910", "catalog_na": "EMME", "name": " ", "slip_type": "Dextral-Normal", "Shape__Length": 0.5276359369816902}}, {"type": "Feature", "id": 7467, "geometry": {"type": "LineString", "coordinates": [[32.9813850002176, 38.8455850003475], [32.9537730003237, 38.88454800029], [32.8970830003802, 38.9645440003054], [32.80273500042, 39.0190110002575], [32.7041340003839, 39.06881300002], [32.6238830003003, 39.1356429999246], [32.5432010001261, 39.2022130004297], [32.4501200001379, 39.2583000004447], [32.356991999781, 39.3144149999524], [32.2638169999547, 39.3705579998519], [32.1705959998056, 39.4267300001894], [32.077327000141, 39.4829300000196]]}, "properties": {"OBJECTID": 7467, "catalog_id": "EUR_TRCS194", "catalog_na": "SHARE", "name": " ", "slip_type": "Dextral", "Shape__Length": 1.1181535333703723}}, {"type": "Feature", "id": 7682, "geometry": {"type": "LineString", "coordinates": [[42.7247640000586, 39.3296809997784], [42.7025479998903, 39.2329509996889], [42.6803329997682, 39.1362279999223]]}, "properties": {"OBJECTID": 7682, "catalog_id": "EUR_TRCS424", "catalog_na": "SHARE", "name": " ", "slip_type": "Sinistral", "Shape__Length": 0.19848974013904322}}, {"type": "Feature", "id": 7659, "geometry": {"type": "LineString", "coordinates": [[27.6538619997315, 36.8142500000375], [27.7725469996444, 36.8185899996288], [27.8912250001337, 36.8229300001195], [28.0099100000465, 36.8272699997108]]}, "properties": {"OBJECTID": 7659, "catalog_id": "EUR_TRCS394", "catalog_na": "SHARE", "name": " ", "slip_type": "Normal", "Shape__Length": 0.35628597912337545}}, {"type": "Feature", "id": 7490, "geometry": {"type": "LineString", "coordinates": [[30.9054160001484, 39.0169739998503], [30.9236310001706, 38.9402020001223], [30.9694840003864, 38.861442000448], [31.0140610002151, 38.7822560000145], [30.9896699995709, 38.6979079998544]]}, "properties": {"OBJECTID": 7490, "catalog_id": "EUR_TRCS217", "catalog_na": "SHARE", "name": " ", "slip_type": "Normal", "Shape__Length": 0.3487132825727272}}, {"type": "Feature", "id": 1831, "geometry": {"type": "LineString", "coordinates": [[26.1296440001705, 40.8476879998014], [26.0752879999413, 40.8458830002003], [26.0434840000866, 40.8463340003139], [26.0093669996874, 40.8472369996878], [25.9775629998326, 40.8472369996878], [25.9388200001429, 40.8499449995621], [25.898921000204, 40.8512989999489], [25.872755000443, 40.8516350001552], [25.8480349999153, 40.8508699999506], [25.8189769998887, 40.8510890001573], [25.7955410001171, 40.8509469999042], [25.7725710002515, 40.8499960001154], [25.7326710002665, 40.8471540003569], [25.7033689997796, 40.8476580002166], [25.6643930001369, 40.8554689997945], [25.6326939997284, 40.8621690002992], [25.6054030002483, 40.864924999689], [25.5938150000622, 40.8641029995538], [25.5822279999223, 40.8612249999338], [25.5680069997233, 40.8562919999759], [25.5574729995793, 40.8562919999759], [25.5317549997935, 40.863960000154], [25.4995359996867, 40.8752029997187]]}, "properties": {"OBJECTID": 1831, "catalog_id": "ME_GRCS160", "catalog_na": "EMME", "name": " ", "slip_type": "Normal", "Shape__Length": 0.6362616519590167}}, {"type": "Feature", "id": 6995, "geometry": {"type": "LineString", "coordinates": [[24.3889500002423, 36.2509500002424], [24.3889500002423, 36.2800610000152], [24.3889500002423, 36.309171999788], [24.3860969999766, 36.3461210003839], [24.3832439997109, 36.3830700000805], [24.384195000399, 36.4188990002887], [24.3851450001417, 36.4547289996437], [24.3860959999305, 36.4905579998519], [24.3875230000864, 36.5342249999838], [24.3889500002423, 36.5778920001158]]}, "properties": {"OBJECTID": 6995, "catalog_id": "EUR_GRCS972", "catalog_na": "SHARE", "name": " ", "slip_type": "Normal", "Shape__Length": 0.3272464160098107}}, {"type": "Feature", "id": 6972, "geometry": {"type": "LineString", "coordinates": [[25.8329650001347, 38.609078999896], [25.8872980002026, 38.6133279997874], [25.9435939999632, 38.6188520000198], [25.9787790001508, 38.6232709996569], [26.0308520003196, 38.6265849995981], [26.0625190001518, 38.628517999706], [26.0941849999379, 38.6304509998138], [26.1286660000359, 38.6351469996344], [26.163147000134, 38.6398420003081], [26.2025539998672, 38.6459179999158], [26.2419609996005, 38.6519940004229], [26.273628000332, 38.657517999756], [26.3052940001181, 38.6630419999884], [26.3573670002869, 38.676298999799], [26.4052190000568, 38.6895559996098], [26.4615139997713, 38.7066799996823]]}, "properties": {"OBJECTID": 6972, "catalog_id": "EUR_GRCS880", "catalog_na": "SHARE", "name": " ", "slip_type": "Normal", "Shape__Length": 0.63801937292059}}, {"type": "Feature", "id": 7636, "geometry": {"type": "LineString", "coordinates": [[27.0604200002828, 38.7051700001954], [27.1596099996019, 38.6513399999411]]}, "properties": {"OBJECTID": 7636, "catalog_id": "EUR_TRCS371", "catalog_na": "SHARE", "name": " ", "slip_type": "Dextral", "Shape__Length": 0.11285532726586212}}, {"type": "Feature", "id": 7513, "geometry": {"type": "LineString", "coordinates": [[32.2655309998558, 40.3946809996285], [32.3802310003604, 40.3887060001818], [32.4949190003117, 40.3827299997897]]}, "properties": {"OBJECTID": 7513, "catalog_id": "EUR_TRCS241", "catalog_na": "SHARE", "name": " ", "slip_type": "Sinistral-Normal", "Shape__Length": 0.22969911003945734}}, {"type": "Feature", "id": 2226, "geometry": {"type": "LineString", "coordinates": [[45.0835240000326, 41.1112099996418], [45.0292350001952, 41.1219910003844], [44.8147319999819, 41.1866720001128], [44.5969509996889, 41.2202469997993], [44.5369279998274, 41.2304679998983], [44.4814999996253, 41.2406770003433], [44.4238090002852, 41.2438849998929], [44.3753900004482, 41.24189099967], [44.345405999987, 41.2417250001087]]}, "properties": {"OBJECTID": 2226, "catalog_id": "ME_G29s1s2", "catalog_na": "EMME", "name": " ", "slip_type": "Dextral", "Shape__Length": 0.7532177914887803}}, {"type": "Feature", "id": 7607, "geometry": {"type": "LineString", "coordinates": [[27.3157100000166, 37.0681899995689], [27.4019839999617, 37.0339830004152], [27.4882199999531, 36.9997900001085]]}, "properties": {"OBJECTID": 7607, "catalog_id": "EUR_TRCS338", "catalog_na": "SHARE", "name": " ", "slip_type": "Normal", "Shape__Length": 0.18557548330869406}}, {"type": "Feature", "id": 6955, "geometry": {"type": "LineString", "coordinates": [[23.7921220002302, 39.2009689997196], [23.8328640003734, 39.2331770002185], [23.8884200001829, 39.2748589996432], [23.9839360000464, 39.3587290002432], [24.0208600003888, 39.3982220003451], [24.0700990002687, 39.4544080004289], [24.0997590001778, 39.5060860003687], [24.1268759997276, 39.5410880002111], [24.1616430004242, 39.5646019999824], [24.1927959999355, 39.580957999712], [24.215704999686, 39.599271999803], [24.235688000301, 39.6188679996585], [24.3114789997561, 39.666215000422], [24.3439360000464, 39.6913999999101], [24.3711990000339, 39.7131340003339], [24.3960619999614, 39.7413209997644], [24.4128499998277, 39.7677669998472], [24.4426439996209, 39.7983510000986], [24.4873479999103, 39.8326689998745], [24.5266340003589, 39.8617900001085], [24.5933559997796, 39.9107960000354], [24.6750150000423, 39.9752110000877], [24.7345109998828, 40.020950999589], [24.7928969997968, 40.0635940001631], [24.9129180001656, 40.142037999654]]}, "properties": {"OBJECTID": 6955, "catalog_id": "EUR_GRCS810", "catalog_na": "SHARE", "name": " ", "slip_type": "Sinistral", "Shape__Length": 1.4753134708691167}}, {"type": "Feature", "id": 7358, "geometry": {"type": "LineString", "coordinates": [[42.4348229995818, 40.8889430002193], [42.3633949998794, 40.834666000036], [42.27307799965, 40.7660359998616], [42.1828069997433, 40.6974410004019], [42.1133320001717, 40.6161590004376], [42.0344300002444, 40.5400479997155], [41.9280860001688, 40.4866850003125]]}, "properties": {"OBJECTID": 7358, "catalog_id": "EUR_TRCS085", "catalog_na": "SHARE", "name": " ", "slip_type": "Sinistral", "Shape__Length": 0.6520582523184567}}, {"type": "Feature", "id": 7690, "geometry": {"type": "LineString", "coordinates": [[44.3671570002954, 37.026507000098], [44.2537190004316, 37.063327000141], [44.1402370003373, 37.1001609999303]]}, "properties": {"OBJECTID": 7690, "catalog_id": "EUR_TRCS432", "catalog_na": "SHARE", "name": " ", "slip_type": "Dextral", "Shape__Length": 0.238574093464321}}, {"type": "Feature", "id": 2034, "geometry": {"type": "LineString", "coordinates": [[43.7853290004331, 38.0917670002469], [43.8173670002869, 38.1275829998556], [43.8494040000946, 38.1633990003637], [43.8814520004095, 38.1992259995803], [43.9135009998713, 38.2350539997423], [43.9267490001663, 38.2775950001092], [43.9399960004151, 38.3201359995768], [43.9383429997297, 38.3616019998325], [43.9366889998975, 38.4030670000421]]}, "properties": {"OBJECTID": 2034, "catalog_id": "ME_TRCS214", "catalog_na": "EMME", "name": " ", "slip_type": "Sinistral", "Shape__Length": 0.3643566394746941}}, {"type": "Feature", "id": 7559, "geometry": {"type": "LineString", "coordinates": [[29.4698769999237, 36.2705769997288], [29.5854019998025, 36.2985989996442], [29.680107000038, 36.3630529996962], [29.7649630002423, 36.4359260003847], [29.8791569998957, 36.47516100028]]}, "properties": {"OBJECTID": 7559, "catalog_id": "EUR_TRCS287", "catalog_na": "SHARE", "name": " ", "slip_type": "Dextral-Normal", "Shape__Length": 0.46603107171434555}}, {"type": "Feature", "id": 7596, "geometry": {"type": "LineString", "coordinates": [[27.249001000296, 38.5202600003988], [27.296741000297, 38.6176729996093]]}, "properties": {"OBJECTID": 7596, "catalog_id": "EUR_TRCS326", "catalog_na": "SHARE", "name": " ", "slip_type": "Dextral", "Shape__Length": 0.10848225668414167}}, {"type": "Feature", "id": 2094, "geometry": {"type": "LineString", "coordinates": [[29.903480000102, 37.5622170001145], [29.9619009998313, 37.5517700003853], [30.0203210004139, 37.5413229997567], [30.0667249999588, 37.5713490003561], [30.1131290004031, 37.6013750000562], [30.148350999599, 37.6398010004159], [30.1835719996481, 37.6782259998301], [30.2343399998911, 37.7035430000095], [30.2851080001341, 37.7288600001889], [30.3316370000476, 37.7588799996124], [30.3781649999149, 37.788898999889], [30.4049700003653, 37.8166810004279], [30.4317739998702, 37.8444620000213]]}, "properties": {"OBJECTID": 2094, "catalog_id": "ME_TRCS309", "catalog_na": "EMME", "name": " ", "slip_type": "Normal", "Shape__Length": 0.6349014330438305}}, {"type": "Feature", "id": 1940, "geometry": {"type": "LineString", "coordinates": [[42.7336600002089, 38.7986739999052], [42.7729550001732, 38.8281819999993], [42.8122500001375, 38.8576900000935], [42.8580590001228, 38.8808450003965], [42.9038680001082, 38.9039999998002], [42.9485779997749, 38.92582599997], [42.9932870002949, 38.9476510000936]]}, "properties": {"OBJECTID": 1940, "catalog_id": "ME_TRCS100", "catalog_na": "EMME", "name": " ", "slip_type": "Sinistral", "Shape__Length": 0.30044329755168064}}, {"type": "Feature", "id": 7653, "geometry": {"type": "LineString", "coordinates": [[26.4339700003153, 38.7811300002494], [26.4994700000405, 38.7072659997261], [26.576904999766, 38.6321950001991], [26.6274090004251, 38.544260000099], [26.6420470000691, 38.4485539995675], [26.6566859997591, 38.3528500000276]]}, "properties": {"OBJECTID": 7653, "catalog_id": "EUR_TRCS388", "catalog_na": "SHARE", "name": " ", "slip_type": "Dextral-Normal", "Shape__Length": 0.5016158073066006}}, {"type": "Feature", "id": 1988, "geometry": {"type": "LineString", "coordinates": [[38.3847269996514, 39.1438709998468], [38.400665999936, 39.1835939997633], [38.4090839996269, 39.2246829997207], [38.4175010001711, 39.2657719996781], [38.4134939997484, 39.3072590000029], [38.4094870002249, 39.3487450002816], [38.4180029999386, 39.3898239997778], [38.4265189996522, 39.4309020001273], [38.404767000197, 39.4543090003601], [38.3830139997963, 39.4777159996937]]}, "properties": {"OBJECTID": 1988, "catalog_id": "ME_TRCS164", "catalog_na": "EMME", "name": " ", "slip_type": "Sinistral", "Shape__Length": 0.3578572171062313}}, {"type": "Feature", "id": 2000, "geometry": {"type": "LineString", "coordinates": [[35.1171159998036, 39.2989390003347], [35.1529949996196, 39.3318489999315], [35.1888730002888, 39.3647590004276], [35.2247659998511, 39.3976819997246], [35.2606580002666, 39.4306049999209], [35.2965649995751, 39.4635409998173], [35.3324709997369, 39.4964769997138], [35.3752300002644, 39.5241430002993], [35.4179889998925, 39.5518089999854], [35.446518999852, 39.5888189997971], [35.4750489998115, 39.6258289996087], [35.5255110003325, 39.6443569996758], [35.575972999954, 39.6628839996969], [35.6179209999542, 39.6814169999946], [35.6598700000005, 39.6999510003384]]}, "properties": {"OBJECTID": 2000, "catalog_id": "ME_TRCS178", "catalog_na": "EMME", "name": " ", "slip_type": "Sinistral", "Shape__Length": 0.6867809736383147}}, {"type": "Feature", "id": 6657, "geometry": {"type": "LineString", "coordinates": [[26.8801149997075, 43.0999160000234], [27.0051490001263, 43.0906960002203], [27.1004889999674, 43.0791720002877], [27.202081000338, 43.0687990003736], [27.2818240003774, 43.0607980001276], [27.3781200002379, 43.0467350000203], [27.4744079997295, 43.0373600002638], [27.5771279999573, 43.0326719999129], [27.6584609995755, 43.0250059998271], [27.7381689997995, 43.0192440003104], [27.8491369999726, 43.0157860000239], [27.9538569998007, 43.0031089999804], [28.0523209998144, 42.996195000399]]}, "properties": {"OBJECTID": 6657, "catalog_id": "EUR_BGCS016", "catalog_na": "SHARE", "name": " ", "slip_type": "Normal", "Shape__Length": 1.1773810047914741}}, {"type": "Feature", "id": 6966, "geometry": {"type": "LineString", "coordinates": [[26.6403029996837, 39.0173389995952], [26.5920809999383, 38.9999269997313], [26.5515749998864, 38.9885710003514], [26.5101040002994, 38.9749439996659], [26.4840650000997, 38.9704019997525], [26.4589890002422, 38.9681310002455], [26.4271630002723, 38.9628319995971], [26.3972650001797, 38.95450399956], [26.362545999898, 38.9439050000158], [26.3258969996469, 38.9257360003162]]}, "properties": {"OBJECTID": 6966, "catalog_id": "EUR_GRCS855", "catalog_na": "SHARE", "name": " ", "slip_type": "Normal", "Shape__Length": 0.32910693539231983}}, {"type": "Feature", "id": 7298, "geometry": {"type": "LineString", "coordinates": [[27.9101000000151, 40.377900000085], [27.8041710001916, 40.3393670001869], [27.6967289998435, 40.3002840001066], [27.5849190004116, 40.2692370000875], [27.4659999996003, 40.2715000001249]]}, "properties": {"OBJECTID": 7298, "catalog_id": "EUR_TRCS024", "catalog_na": "SHARE", "name": " ", "slip_type": "Dextral", "Shape__Length": 0.4620304011945249}}, {"type": "Feature", "id": 7642, "geometry": {"type": "LineString", "coordinates": [[32.9845179999058, 40.5616339996095], [32.9989380002885, 40.6648070000431], [33.0133579997719, 40.7679799995774]]}, "properties": {"OBJECTID": 7642, "catalog_id": "EUR_TRCS377", "catalog_na": "SHARE", "name": " ", "slip_type": "Sinistral-Normal", "Shape__Length": 0.2083516673680419}}, {"type": "Feature", "id": 7003, "geometry": {"type": "LineString", "coordinates": [[24.1071369995729, 36.0354829996407], [24.0673860001638, 36.036132999938], [24.0276359999015, 36.0367830002353], [23.9878849995931, 36.0374329996333], [23.9468910004194, 36.040357999622], [23.9058970003463, 36.0432829996108], [23.8773260002947, 36.0481589996382], [23.8487550002431, 36.0530339996195], [23.8032059996572, 36.0569349996506], [23.7576580000168, 36.0608349996356], [23.7121090003301, 36.0647359996667], [23.6602249998839, 36.0717460000779], [23.6083400002908, 36.0787559995898]]}, "properties": {"OBJECTID": 7003, "catalog_id": "EUR_GRCS985", "catalog_na": "SHARE", "name": " ", "slip_type": "Normal", "Shape__Length": 0.5012903617706804}}, {"type": "Feature", "id": 1948, "geometry": {"type": "LineString", "coordinates": [[42.8195349997405, 38.7311250001187], [42.7665830004052, 38.7237190003316], [42.7136310001706, 38.7163119995992], [42.660688000351, 38.7089069998582], [42.6077449996321, 38.7015010000712]]}, "properties": {"OBJECTID": 1948, "catalog_id": "ME_TRCS109", "catalog_na": "EMME", "name": " ", "slip_type": "Dextral-Reverse", "Shape__Length": 0.2138517840209047}}, {"type": "Feature", "id": 7699, "geometry": {"type": "LineString", "coordinates": [[25.6628839997968, 39.5161319995922], [25.6980849998229, 39.5273570001255], [25.7332849998029, 39.5385819997595], [25.7849849998579, 39.542900000135], [25.8366849999128, 39.5472169995649], [25.8806860001588, 39.5403090002602], [25.9246860003587, 39.5334010000562], [25.9609859998041, 39.5187220003201], [25.9972860001488, 39.5040439997309], [26.0258859997392, 39.4893649999948], [26.0544860002288, 39.4746860002588], [26.1028860000889, 39.4539629996927]]}, "properties": {"OBJECTID": 7699, "catalog_id": "EUR_TRCS904", "catalog_na": "SHARE", "name": " ", "slip_type": "Normal", "Shape__Length": 0.46198753388425395}}, {"type": "Feature", "id": 7450, "geometry": {"type": "LineString", "coordinates": [[35.8322070000531, 39.7115619997865], [35.7191919999109, 39.6561690002992], [35.5946780000897, 39.6156379999937]]}, "properties": {"OBJECTID": 7450, "catalog_id": "EUR_TRCS177", "catalog_na": "SHARE", "name": " ", "slip_type": "Sinistral", "Shape__Length": 0.25680477691965775}}, {"type": "Feature", "id": 1848, "geometry": {"type": "LineString", "coordinates": [[25.1858460002927, 38.8322040002145], [25.200831999797, 38.8086769998437], [25.2158180002006, 38.7851490003262], [25.2253550002332, 38.7562749997915], [25.2348920002656, 38.72740000011], [25.2547990000738, 38.7079509998388], [25.274705999882, 38.6885010004209], [25.2961420000533, 38.6716749997015], [25.3175780002246, 38.6548479998354], [25.3400339997693, 38.6284069999831], [25.3624900002134, 38.6019660001309], [25.3869880003959, 38.5627049999359], [25.4114859996792, 38.5234439997408], [25.4308179999508, 38.4949519997351], [25.4501500002224, 38.4664589996831]]}, "properties": {"OBJECTID": 1848, "catalog_id": "ME_GRCS865", "catalog_na": "EMME", "name": " ", "slip_type": "Sinistral", "Shape__Length": 0.4575700889438255}}, {"type": "Feature", "id": 7504, "geometry": {"type": "LineString", "coordinates": [[28.1635139995715, 39.6682580002066], [28.1619999999001, 39.5982440000606], [28.1575539999172, 39.5051149996576], [28.1003080004139, 39.423070999627], [28.0523460000679, 39.3375730003937], [27.990121000284, 39.25778700017], [27.9579079995546, 39.1680020001922], [27.8919939996234, 39.0900910000996], [27.8232650002796, 39.0136959997706], [27.835222000395, 38.9209699999656], [27.7538980002925, 38.8525779999748], [27.6726100000515, 38.7842169996149]]}, "properties": {"OBJECTID": 7504, "catalog_id": "EUR_TRCS232", "catalog_na": "SHARE", "name": " ", "slip_type": "Dextral-Normal", "Shape__Length": 1.0686886707479148}}, {"type": "Feature", "id": 1842, "geometry": {"type": "LineString", "coordinates": [[25.1471259998651, 39.3109409998273], [25.1064190004366, 39.3041010000612], [25.0657120001088, 39.2972600002489], [25.0271980001876, 39.2933620003561], [24.9886830002204, 39.289463999564], [24.9438029999085, 39.288621000259], [24.8989219995507, 39.2877780000547], [24.8535380002785, 39.2890409998423], [24.8081530000609, 39.290304999676], [24.7661799998072, 39.2942190003067], [24.7242060004066, 39.2981319999919]]}, "properties": {"OBJECTID": 1842, "catalog_id": "ME_GRCS838", "catalog_na": "EMME", "name": " ", "slip_type": "Normal", "Shape__Length": 0.42487009375286255}}, {"type": "Feature", "id": 7350, "geometry": {"type": "LineString", "coordinates": [[42.1557209998243, 39.8266439999207], [42.2647939998433, 39.8570310000807], [42.3807390002048, 39.8893320003716], [42.4794560001943, 39.9461560001993], [42.5922130001299, 39.9847940004428], [42.7050229998117, 40.0234499997177], [42.8173570000256, 40.0630159995887], [42.9256320001168, 40.108832999943], [43.0350479997654, 40.1531399999111], [43.1445200001979, 40.1974689999944]]}, "properties": {"OBJECTID": 7350, "catalog_id": "EUR_TRCS077", "catalog_na": "SHARE", "name": " ", "slip_type": "Sinistral", "Shape__Length": 1.058754289123787}}, {"type": "Feature", "id": 2481, "geometry": {"type": "LineString", "coordinates": [[44.85578700017, 38.3299659996312], [44.8992309999107, 38.3065190002517], [44.992171999738, 38.290954000127], [45.050048000415, 38.2882060002068], [45.1076019997325, 38.3029890002422], [45.2622590001528, 38.3281630001224], [45.3214559996947, 38.3557859996242], [45.3964809997984, 38.3741700002454], [45.4800150001922, 38.3913169995799]]}, "properties": {"OBJECTID": 2481, "catalog_id": "ME_IRCS067", "catalog_na": "EMME", "name": " ", "slip_type": "Reverse", "Shape__Length": 0.6455035862182154}}, {"type": "Feature", "id": 2186, "geometry": {"type": "LineString", "coordinates": [[44.1599009997314, 41.3850250002037], [44.2013389995952, 41.3809819999194], [44.2854699996408, 41.3911779997649], [44.3939540003769, 41.3958769997238], [44.4918490002312, 41.3878849998929], [44.5726739998053, 41.3867499997128], [44.8579789996312, 41.3893400004407], [44.9180069997233, 41.3835539998173], [45.053920000008, 41.3237930003468]]}, "properties": {"OBJECTID": 2186, "catalog_id": "ME_G27s1s1", "catalog_na": "EMME", "name": " ", "slip_type": "Reverse", "Shape__Length": 0.9081149673038484}}, {"type": "Feature", "id": 7404, "geometry": {"type": "LineString", "coordinates": [[41.3329000003348, 38.3644000002599], [41.2437980003775, 38.3985310004054], [41.1486769998437, 38.4340980002226], [41.0520530001459, 38.467165999911], [40.952320000068, 38.4940850002226], [40.8477200003778, 38.5049569997658], [40.7438999997852, 38.5197999998701]]}, "properties": {"OBJECTID": 7404, "catalog_id": "EUR_TRCS131", "catalog_na": "SHARE", "name": " ", "slip_type": "Dextral-Reverse", "Shape__Length": 0.6124354097919487}}, {"type": "Feature", "id": 1994, "geometry": {"type": "LineString", "coordinates": [[36.2600370002074, 39.8158769998237], [36.2092790004256, 39.7933380000487], [36.1585209997444, 39.7707990002737], [36.1133519995952, 39.7421189996921], [36.0681820002991, 39.7134379999638], [36.0314889998176, 39.6783459995683], [35.9947960002353, 39.6432540000721], [35.9557829997856, 39.6097029996938], [35.9167710002815, 39.5761530002608], [35.8777749997165, 39.5426159996287], [35.8387790000509, 39.5090799999421], [35.7998000002698, 39.4755580000017], [35.7608209995895, 39.4420360000614], [35.7222749999913, 39.4088860001888], [35.683728000347, 39.3757360003162]]}, "properties": {"OBJECTID": 1994, "catalog_id": "ME_TRCS171", "catalog_na": "EMME", "name": " ", "slip_type": "Sinistral", "Shape__Length": 0.7299096725742568}}, {"type": "Feature", "id": 6663, "geometry": {"type": "LineString", "coordinates": [[23.6268410000122, 43.0638790001158], [23.6618069999931, 43.0381950000992], [23.7059220001003, 43.0109019996276], [23.7429550000733, 42.9884439999906], [23.7845629996827, 42.9704710003364], [23.8261710001916, 42.9524979997829], [23.8709310003654, 42.9322209999992], [23.91569099964, 42.9119430001694], [23.9604509998138, 42.8916660003857], [24.0071019999574, 42.8709280000272], [24.053754000147, 42.8501889996227], [24.1004050002906, 42.8294510001636]]}, "properties": {"OBJECTID": 6663, "catalog_id": "EUR_BGCS022", "catalog_na": "SHARE", "name": " ", "slip_type": "Sinistral-Normal", "Shape__Length": 0.5297950050098763}}, {"type": "Feature", "id": 2140, "geometry": {"type": "LineString", "coordinates": [[26.6566859997591, 38.3528500000276], [26.6518060004466, 38.3847509998588], [26.6469270002809, 38.4166529997362], [26.6420470000691, 38.4485539995675], [26.6371679999033, 38.4804560003442], [26.6322879996915, 38.5123580002216], [26.6274090004251, 38.544260000099], [26.61057400019, 38.5735720001477], [26.593740000001, 38.6028830001504], [26.576904999766, 38.6321950001991], [26.5510930001419, 38.6572190003566], [26.5252819996646, 38.6822419995687], [26.4994700000405, 38.7072659997261], [26.4667199997282, 38.7441980004374], [26.4339700003153, 38.7811300002494]]}, "properties": {"OBJECTID": 2140, "catalog_id": "ME_TRCS388", "catalog_na": "EMME", "name": " ", "slip_type": "Dextral-Normal", "Shape__Length": 0.5016158073314602}}, {"type": "Feature", "id": 7550, "geometry": {"type": "LineString", "coordinates": [[29.7973289999334, 38.3632429999645], [29.8340679998384, 38.4225069998982], [29.8948410001121, 38.486544999652], [29.9361339995845, 38.5594999996254], [29.9292319996571, 38.6391049995961]]}, "properties": {"OBJECTID": 7550, "catalog_id": "EUR_TRCS278", "catalog_na": "SHARE", "name": " ", "slip_type": "Normal", "Shape__Length": 0.3217468652851346}}, {"type": "Feature", "id": 1894, "geometry": {"type": "LineString", "coordinates": [[40.8971300000495, 39.1607149995976], [40.9359450003615, 39.1868850004425], [40.9747599997742, 39.2130540003419], [41.0135919999709, 39.2392339998493], [41.0524230001214, 39.2654150003021], [41.0912710001566, 39.2916070003628], [41.1301190001918, 39.3177990004236]]}, "properties": {"OBJECTID": 1894, "catalog_id": "ME_TRCS045", "catalog_na": "EMME", "name": " ", "slip_type": "Sinistral", "Shape__Length": 0.2809968994690919}}, {"type": "Feature", "id": 7304, "geometry": {"type": "LineString", "coordinates": [[28.4285999995903, 40.0182000004297], [28.3185949997595, 40.036214000176], [28.2082729996992, 40.0542799996223], [28.0979230001464, 40.0723500001524], [27.9866609999053, 40.0868859995892], [27.8757430002393, 40.1029910003344], [27.7648000003198, 40.1191000003648]]}, "properties": {"OBJECTID": 7304, "catalog_id": "EUR_TRCS030", "catalog_na": "SHARE", "name": " ", "slip_type": "Normal", "Shape__Length": 0.6714763778995483}}, {"type": "Feature", "id": 7530, "geometry": {"type": "LineString", "coordinates": [[31.6503489997066, 37.6283589997681], [31.7058780000697, 37.554930999566], [31.7647140000511, 37.4771510001186], [31.8379830001154, 37.4075560004092], [31.9215369996329, 37.3457569995859], [32.0050390003497, 37.2839730003537], [32.1023159995838, 37.2367180002356], [32.1793739999102, 37.1699339997543], [32.2460970002764, 37.0964630002673], [32.3127979996281, 37.0230160000884], [32.3794759997177, 36.9495930001169], [32.4659629995928, 36.8908879998813], [32.5558129998701, 36.8355749995866], [32.6456220000553, 36.7802860003986], [32.7353900001484, 36.7250229997117], [32.8251170001495, 36.6697850001777]]}, "properties": {"OBJECTID": 7530, "catalog_id": "EUR_TRCS258", "catalog_na": "SHARE", "name": " ", "slip_type": "Dextral", "Shape__Length": 1.5324848726530536}}, {"type": "Feature", "id": 1957, "geometry": {"type": "LineString", "coordinates": [[39.5783160001833, 40.203097999673], [39.6948350000353, 40.2252590000029], [39.8113899997488, 40.2474259997102], [39.9261219999304, 40.2746699997207], [40.0408709999967, 40.3019840002614], [40.1560960004301, 40.3282219997456], [40.2712389997801, 40.3547900000585], [40.3858380001237, 40.3827980002276], [40.5061450001917, 40.3860190003766], [40.6256540003319, 40.3971160004032], [40.7405590003976, 40.4245569996059], [40.8579819996696, 40.4450510004034], [40.9734499996179, 40.4712940001181], [41.0498320002467, 40.5422519997301], [41.1463090003601, 40.5973639997488], [41.2517920003006, 40.6420540002919], [41.3551399998112, 40.6896190003167], [41.4578860003387, 40.738021000269], [41.5245069995984, 40.8145870003898], [41.5660099997617, 40.9007440003354], [41.6001460001378, 40.9716080001091]]}, "properties": {"OBJECTID": 1957, "catalog_id": "ME_TRCS120", "catalog_na": "EMME", "name": " ", "slip_type": "Sinistral", "Shape__Length": 2.2566142931150486}}, {"type": "Feature", "id": 2100, "geometry": {"type": "LineString", "coordinates": [[27.2503949998294, 39.0344000003598], [27.2969989996042, 39.0518609997854], [27.3436220002552, 39.0693299995798], [27.3902450000068, 39.0867990002737], [27.4368869997353, 39.104275000391], [27.4835290003631, 39.121750999609], [27.5301950002991, 39.1392360001414], [27.5768600001889, 39.1567199997282]]}, "properties": {"OBJECTID": 2100, "catalog_id": "ME_TRCS316", "catalog_na": "EMME", "name": " ", "slip_type": "Sinistral-Normal", "Shape__Length": 0.3486281381503324}}, {"type": "Feature", "id": 7553, "geometry": {"type": "LineString", "coordinates": [[30.9558520003696, 38.5783160003832], [30.9275300001095, 38.4961530002608], [30.8735880000862, 38.4143590000679], [30.7671789997111, 38.375372999964]]}, "properties": {"OBJECTID": 7553, "catalog_id": "EUR_TRCS281", "catalog_na": "SHARE", "name": " ", "slip_type": "Normal", "Shape__Length": 0.29821297348921216}}, {"type": "Feature", "id": 1885, "geometry": {"type": "LineString", "coordinates": [[27.0472799995724, 39.8799500002924], [27.1052380004334, 39.8906930001818], [27.163195000349, 39.9014360000714], [27.2225310000057, 39.9060450003765], [27.2818659996162, 39.9106539997823], [27.3329760003422, 39.9342590001528], [27.3840850001227, 39.957863999624], [27.435221000249, 39.9814809996485], [27.4863560003292, 40.0050969996269], [27.5302589996531, 40.0361299998996], [27.5741619998764, 40.0671630001724], [27.6318689999545, 40.0791370001725], [27.6895749999863, 40.0911110001726], [27.7380780000997, 40.1011760002722], [27.7637860003237, 40.1133610001101], [27.7804150000522, 40.1173020001872]]}, "properties": {"OBJECTID": 1885, "catalog_id": "ME_TRCS031", "catalog_na": "EMME", "name": " ", "slip_type": "Dextral", "Shape__Length": 0.7826376849268949}}, {"type": "Feature", "id": 2051, "geometry": {"type": "LineString", "coordinates": [[32.5043299999296, 39.4150999998652], [32.492167000207, 39.443824999824], [32.4800039995849, 39.4725509998289], [32.4678409998623, 39.5012759997876], [32.4525859996442, 39.529114000211], [32.4373310003255, 39.5569509996889], [32.4220760001074, 39.5847890001123], [32.4072610003949, 39.612773000074], [32.3924459997831, 39.6407580000817], [32.3776310000707, 39.6687420000433], [32.3647319996821, 39.6972879998414], [32.3518320001467, 39.7258329995933], [32.3389329997582, 39.7543790002907], [32.3268560004041, 39.7927099998666], [32.3147800001969, 39.8310400002958]]}, "properties": {"OBJECTID": 2051, "catalog_id": "ME_TRCS243", "catalog_na": "EMME", "name": " ", "slip_type": "Dextral", "Shape__Length": 0.45815578551543595}}, {"type": "Feature", "id": 7387, "geometry": {"type": "LineString", "coordinates": [[42.6623739998603, 41.22577400017], [42.5459400003308, 41.1143729998141], [42.455648000355, 41.0533669995874], [42.3615399997713, 40.9958069999931], [42.2701159997536, 40.9359070004078], [42.1924940003979, 40.8658249998239], [42.1254379999638, 40.7898059997472], [42.0325099998367, 40.7315050001557], [41.9406199999131, 40.6723410003369], [41.8611920000108, 40.6036350002551], [41.7767659998511, 40.5385150000673], [41.7057039999397, 40.4648010001661], [41.6202960003602, 40.4005589999979], [41.5727569997358, 40.3166480002051], [41.5295429998096, 40.2314040000946], [41.4756789997861, 40.1497930002468], [41.4080210003689, 40.0744550000982], [41.3403860002138, 39.9991440002954]]}, "properties": {"OBJECTID": 7387, "catalog_id": "EUR_TRCS114", "catalog_na": "SHARE", "name": " ", "slip_type": "Sinistral", "Shape__Length": 1.827849633770258}}, {"type": "Feature", "id": 1934, "geometry": {"type": "LineString", "coordinates": [[44.0481999999301, 39.82540000011], [44.0191320003416, 39.8627379997589], [43.9900629998077, 39.9000750002611], [43.9554600003788, 39.9345409996674], [43.9208570000505, 39.9690069999731], [43.8899330003078, 40.0054889997176], [43.8590089996657, 40.0419710003615], [43.8285679997135, 40.0778839999467], [43.7981259997152, 40.1137970004313]]}, "properties": {"OBJECTID": 1934, "catalog_id": "ME_TRCS094", "catalog_na": "EMME", "name": " ", "slip_type": "Dextral", "Shape__Length": 0.38212397123233194}}, {"type": "Feature", "id": 7579, "geometry": {"type": "LineString", "coordinates": [[30.1770599997193, 37.8887869999202], [30.1332270000261, 37.8140389999999], [30.0810519996501, 37.7250639996039], [30.0288879997814, 37.6361080000842], [29.9151070002879, 37.5974499998177]]}, "properties": {"OBJECTID": 7579, "catalog_id": "EUR_TRCS308", "catalog_na": "SHARE", "name": " ", "slip_type": "Normal", "Shape__Length": 0.4130880010551217}}, {"type": "Feature", "id": 7410, "geometry": {"type": "LineString", "coordinates": [[34.8209489999964, 37.4912469999491], [34.7481970003913, 37.4579159998236], [34.65886499972, 37.392473000029], [34.5555429996098, 37.3417520001547], [34.4733459997182, 37.2707510003584], [34.3726340003589, 37.2170099997118], [34.271970999662, 37.1632950002641]]}, "properties": {"OBJECTID": 7410, "catalog_id": "EUR_TRCS137", "catalog_na": "SHARE", "name": " ", "slip_type": "Sinistral", "Shape__Length": 0.6427300013725669}}, {"type": "Feature", "id": 2169, "geometry": {"type": "LineString", "coordinates": [[45.7782609996455, 38.4835269998712], [45.6279000003848, 38.6850870003648], [45.6257500001624, 38.7308439997508], [45.6115570003553, 38.7876139997863], [45.6098679998084, 38.8655510001786], [45.5860789999459, 38.9671960002952], [45.5255239998328, 39.0883040004293], [45.4628069998432, 39.1553470002639], [45.3936020001323, 39.2007630001124], [45.2227520003046, 39.3218710002465], [45.1059689999694, 39.419190999665], [45.0173000001949, 39.5316490002012], [44.8566240000976, 39.6557980002776], [44.7775199998482, 39.7049479996505], [44.6940960000304, 39.8389560002193]]}, "properties": {"OBJECTID": 2169, "catalog_id": "ME_TRCS430", "catalog_na": "EMME", "name": " ", "slip_type": "Dextral", "Shape__Length": 1.806804365501891}}, {"type": "Feature", "id": 2243, "geometry": {"type": "LineString", "coordinates": [[41.8773430001794, 43.2340409996924], [42.0967580002816, 43.1526069999132], [42.2334870004248, 43.133044999827], [42.4010469996194, 43.1232050002106], [42.432928000327, 43.1101540000071], [42.4806060001668, 43.11886499972], [42.5081719997381, 43.1087580003814], [42.7046800001819, 43.103689000447], [42.8095689997096, 43.0904440002905], [43.3193259998951, 42.8772740003948]]}, "properties": {"OBJECTID": 2243, "catalog_id": "ME_G1s2s6", "catalog_na": "EMME", "name": " ", "slip_type": "Reverse", "Shape__Length": 1.5071151201291961}}, {"type": "Feature", "id": 2220, "geometry": {"type": "LineString", "coordinates": [[41.738151999815, 41.5607580003814], [42.0310190003266, 41.6332020001722], [42.0836069999631, 41.66823899983], [42.1199200000081, 41.6858449996471], [42.363867000062, 41.7399209995546], [42.4505990004436, 41.7381699997458], [42.5507590004276, 41.7412780000797], [42.6112399998262, 41.7462609996455], [42.6543749997065, 41.751785999924]]}, "properties": {"OBJECTID": 2220, "catalog_id": "ME_G21s1s1", "catalog_na": "EMME", "name": " ", "slip_type": "Sinistral", "Shape__Length": 0.9462406593280716}}, {"type": "Feature", "id": 14102, "geometry": {"type": "LineString", "coordinates": [[25.5769999998502, 34.2489999997503], [25.587704999786, 34.2484240001675], [25.5984099997218, 34.2478469996394], [25.6091149996575, 34.2472689999644], [25.6198190004466, 34.2466900002433], [25.6305240003824, 34.2461099995768], [25.6412280002721, 34.2455289997636], [25.6519320001617, 34.2449469999042], [25.6626360000514, 34.2443639999987], [25.6733399999411, 34.2437810000931], [25.6840439998308, 34.2431960000954], [25.6947469996744, 34.2426110000976], [25.7054509995641, 34.2420240000076], [25.7161540003069, 34.2414369999177], [25.7268570001505, 34.2408489997816], [25.7375599999941, 34.2402589995532], [25.7482629998376, 34.2396690002242], [25.7589659996812, 34.2390779999498], [25.769668000378, 34.2384859996292], [25.7803710002215, 34.2378930001619], [25.791073000019, 34.2372989997491], [25.8017749998164, 34.2367040001895], [25.8124769996139, 34.2361079996845], [25.8231790003107, 34.2355120000788], [25.833880000062, 34.2349140003809], [25.8445819998594, 34.2343149997375], [25.8552829996108, 34.2337159999935], [25.8659840002614, 34.2331150001572], [25.8766850000128, 34.2325140003209], [25.8873859997641, 34.2319120004385], [25.8980870004148, 34.2313079995646], [25.90878700012, 34.2307039995899], [25.9194879998714, 34.2300989995692], [25.9301879995766, 34.2294930004017], [25.9408880001811, 34.2288860002888], [25.9515879998863, 34.2282780001296], [25.9622879995916, 34.2276689999244], [25.97298700015, 34.2270589996731], [25.9836869998552, 34.2264490003212], [25.9943860004136, 34.2258369999776], [26.0050850000728, 34.225223999588], [26.0157839997319, 34.2246110000976], [26.0264830002903, 34.2239959996157], [26.0371819999494, 34.2233810000332], [26.0478799995624, 34.2227650004045], [26.0585790001208, 34.2221469997843], [26.0692769997338, 34.2215290000634], [26.0799750002461, 34.2209100002963], [26.0906729998591, 34.2202899995839], [26.1013710003714, 34.2196689997246], [26.1120679999383, 34.2190469998192], [26.1227659995513, 34.2184239998678], [26.1334630000175, 34.2177999998701], [26.1441599995844, 34.2171759998726], [26.1548570000506, 34.2165499997827], [26.1655539996174, 34.2159229996468], [26.1762510000837, 34.2152960004101], [26.1869469996044, 34.214667000182], [26.1976440000706, 34.2140379999538], [26.2083399995914, 34.2134079996795], [26.2190360000114, 34.2127760002123], [26.2297320004315, 34.2121439998458], [26.2404269999062, 34.2115110003325], [26.2511230003262, 34.2108769998737], [26.2618179998009, 34.2102420002681], [26.272514000221, 34.2096059997172], [26.2832089996956, 34.2089690000194], [26.2939040000696, 34.2083310002755], [26.3045980003974, 34.2076929996323], [26.3152929998721, 34.2070529997961], [26.3259870002, 34.2064119999139], [26.3366819996746, 34.2057710000317], [26.3473760000024, 34.2051290001033], [26.3580700003303, 34.2044850000827], [26.3687629997127, 34.2038410000621], [26.3794570000406, 34.2031959999954], [26.3901500003223, 34.2025489998366], [26.4008439997509, 34.2019019996776], [26.4115370000326, 34.2012540003719], [26.4222300003143, 34.2006050001207], [26.4329229996968, 34.1999549998234], [26.4436149999324, 34.1993040003794], [26.4543080002141, 34.198653000036], [26.4649999995504, 34.1979999996004]]}, "properties": {"OBJECTID": 14102, "catalog_id": "PB_5448.0", "catalog_na": "Bird 2003", "name": " ", "slip_type": "Subduction_Thrust", "Shape__Length": 0.8894652884521675}}, {"type": "Feature", "id": 2126, "geometry": {"type": "LineString", "coordinates": [[27.0436599999091, 38.5085999995904], [27.0900329998231, 38.4867619997665], [27.136404999691, 38.4649239999427], [27.1896980003625, 38.4627470002739], [27.2429900000885, 38.4605699997058]]}, "properties": {"OBJECTID": 2126, "catalog_id": "ME_TRCS365", "catalog_na": "EMME", "name": " ", "slip_type": "Normal", "Shape__Length": 0.20918841930212906}}, {"type": "Feature", "id": 7361, "geometry": {"type": "LineString", "coordinates": [[42.5134529995564, 39.1527669999971], [42.4058089997856, 39.1510809995885], [42.2962709999068, 39.1493669996873], [42.1868999996353, 39.154377999645], [42.0807919996511, 39.1755999998402], [41.9716289999784, 39.1680620002612], [41.8624769999137, 39.1605249998289]]}, "properties": {"OBJECTID": 7361, "catalog_id": "EUR_TRCS088", "catalog_na": "SHARE", "name": " ", "slip_type": "Dextral", "Shape__Length": 0.6537386332692933}}, {"type": "Feature", "id": 6869, "geometry": {"type": "LineString", "coordinates": [[26.6081570002454, 40.5789630001424], [26.5511180003954, 40.5740219998155], [26.5060119995542, 40.5686680002281], [26.4547619995667, 40.5600779997999], [26.4094859998791, 40.5512779995801], [26.3491970003413, 40.5406549998284], [26.2919709999617, 40.5268859997891], [26.241924999739, 40.5117770000086], [26.1613910000946, 40.4839989996541], [26.0787789999509, 40.4617780001547], [25.976644999767, 40.449100000065], [25.8850639997038, 40.4417989997241], [25.7934829996408, 40.4322510000836], [25.7162110002375, 40.4154030001484], [25.6425170003593, 40.3951840003414], [25.5764860004286, 40.3745199997982], [25.4747289996437, 40.3451669996574], [25.3886850004125, 40.3301899996688], [25.3356520000398, 40.3326600002588], [25.2731290000034, 40.3396360000015], [25.2093569999257, 40.3564670000521], [25.1598359996318, 40.3674100001714]]}, "properties": {"OBJECTID": 6869, "catalog_id": "EUR_GRCS290", "catalog_na": "SHARE", "name": " ", "slip_type": "Sinistral", "Shape__Length": 1.4813326207680928}}, {"type": "Feature", "id": 7367, "geometry": {"type": "LineString", "coordinates": [[43.7981259997152, 40.1137970004313], [43.8590089996657, 40.0419710003615], [43.9208570000505, 39.9690069999731], [43.9900629998077, 39.9000750002611], [44.0481999999301, 39.82540000011]]}, "properties": {"OBJECTID": 7367, "catalog_id": "EUR_TRCS094", "catalog_na": "SHARE", "name": " ", "slip_type": "Dextral", "Shape__Length": 0.38212397121883784}}, {"type": "Feature", "id": 7338, "geometry": {"type": "LineString", "coordinates": [[36.6374300000945, 36.9217630000625], [36.7435149999174, 36.9540169999846], [36.8496310002705, 36.9862800003218], [36.9557869997703, 37.0185550003131], [37.0619820001692, 37.0508419999584]]}, "properties": {"OBJECTID": 7338, "catalog_id": "EUR_TRCS065", "catalog_na": "SHARE", "name": " ", "slip_type": "Sinistral-Normal", "Shape__Length": 0.4437406776286195}}, {"type": "Feature", "id": 7344, "geometry": {"type": "LineString", "coordinates": [[37.227100000065, 37.6611999997802], [37.1398890000773, 37.6204710002365], [37.0334160003482, 37.611481000248], [36.926752999951, 37.6041399998612], [36.820100000015, 37.5968000004198]]}, "properties": {"OBJECTID": 7344, "catalog_id": "EUR_TRCS071", "catalog_na": "SHARE", "name": " ", "slip_type": "Sinistral-Reverse", "Shape__Length": 0.41692529983250076}}, {"type": "Feature", "id": 7461, "geometry": {"type": "LineString", "coordinates": [[35.6820399998462, 39.1003700001754], [35.75521299998, 39.1626899998437], [35.8284029999985, 39.2250250002036], [35.9016219995557, 39.2873849999179], [35.974870999597, 39.3497699998857], [36.0481500001225, 39.412180000107]]}, "properties": {"OBJECTID": 7461, "catalog_id": "EUR_TRCS188", "catalog_na": "SHARE", "name": " ", "slip_type": "Sinistral", "Shape__Length": 0.480897087079739}}, {"type": "Feature", "id": 1977, "geometry": {"type": "LineString", "coordinates": [[39.3568689999045, 39.2273500004022], [39.4135549996636, 39.2162520003296], [39.4702410003219, 39.2051530002108], [39.5286640001435, 39.2035669999171], [39.587085999919, 39.2019799995774], [39.6448509999737, 39.1950639999037], [39.7026160000285, 39.1881480002301], [39.758404999791, 39.174675000351], [39.8141930004067, 39.1612019995727], [39.8660990000689, 39.1404359997217], [39.918004999731, 39.1196689998245], [39.9699110002925, 39.0989490002962], [40.0218169999546, 39.0782279998224], [40.0705560001593, 39.074708000274], [40.119295000364, 39.0711869997803]]}, "properties": {"OBJECTID": 1977, "catalog_id": "ME_TRCS141", "catalog_na": "EMME", "name": " ", "slip_type": "Dextral", "Shape__Length": 0.7848741315358095}}, {"type": "Feature", "id": 7295, "geometry": {"type": "LineString", "coordinates": [[25.7819999998002, 40.2860999998152], [25.6743939999832, 40.2593330002179], [25.5644419998984, 40.2319829998156], [25.4577800004467, 40.1979689996696], [25.3506880000512, 40.1648480002351], [25.2436399998861, 40.1317399996013]]}, "properties": {"OBJECTID": 7295, "catalog_id": "EUR_TRCS019", "catalog_na": "SHARE", "name": " ", "slip_type": "Dextral", "Shape__Length": 0.5602896444021539}}, {"type": "Feature", "id": 7510, "geometry": {"type": "LineString", "coordinates": [[32.9170120003036, 40.2630430004342], [32.8251590002877, 40.2022009996764], [32.7324280002521, 40.1407769999586], [32.639744999732, 40.0793849999179], [32.5653550001332, 40.0048879998814], [32.5009089995507, 39.9251779995651], [32.4364839999367, 39.8454940004478], [32.3720800003917, 39.7658349997855]]}, "properties": {"OBJECTID": 7510, "catalog_id": "EUR_TRCS238", "catalog_na": "SHARE", "name": " ", "slip_type": "Sinistral-Normal", "Shape__Length": 0.7452667824698496}}, {"type": "Feature", "id": 1834, "geometry": {"type": "LineString", "coordinates": [[33.2677690003392, 35.3151990000339], [33.3607999998202, 35.2156280002321], [33.4538310002005, 35.1160560003842], [33.5584109998678, 35.0382960000604], [33.6934609999253, 34.9240020002921], [33.8601039999996, 34.8438019998625], [33.9964539997524, 34.7845460002977], [34.1278320004465, 34.7392780000797], [34.3048840002965, 34.6940889999075], [34.4875770003783, 34.694398999814], [34.656381000283, 34.7191809996035], [34.8422029998686, 34.7369939999732], [35.0137260001549, 34.7862760000374], [35.1142249995841, 34.8074430003942], [35.2147229998666, 34.8286089998056]]}, "properties": {"OBJECTID": 1834, "catalog_id": "ME_GRCS696", "catalog_na": "EMME", "name": " ", "slip_type": "Reverse", "Shape__Length": 2.158924469936395}}, {"type": "Feature", "id": 2077, "geometry": {"type": "LineString", "coordinates": [[29.25961300004, 37.9500409998923], [29.3055369999327, 37.9745020001672], [29.3514609998253, 37.9989630004422], [29.3930149996426, 38.0279000002848], [29.434568000313, 38.0568370001275], [29.4764059997372, 38.085550999579], [29.5182430000145, 38.1142639998837], [29.555068000288, 38.1469760002423], [29.5918929996623, 38.1796869996554], [29.6229769995889, 38.2159150002771], [29.6540619995617, 38.2521419999534], [29.6885469998442, 38.2864369995679], [29.7230320001268, 38.3207310000357], [29.7757440000856, 38.3258650002696], [29.8284549999983, 38.3309979995581]]}, "properties": {"OBJECTID": 2077, "catalog_id": "ME_TRCS280", "catalog_na": "EMME", "name": " ", "slip_type": "Normal", "Shape__Length": 0.703996459739048}}, {"type": "Feature", "id": 1908, "geometry": {"type": "LineString", "coordinates": [[37.0619820001692, 37.0508419999584], [37.0265840000516, 37.040080000092], [36.9911849998879, 37.0293170001794], [36.9557869997703, 37.0185550003131], [36.9204020002522, 37.0077969997318], [36.8850159997886, 36.9970380000037], [36.8496310002705, 36.9862800003218], [36.8142589995533, 36.975525999925], [36.7788869997353, 36.9647710003814], [36.7435149999174, 36.9540169999846], [36.7081529996613, 36.9432659997262], [36.6727920003506, 36.9325140003209], [36.6374300000945, 36.9217630000625]]}, "properties": {"OBJECTID": 1908, "catalog_id": "ME_TRCS065", "catalog_na": "EMME", "name": " ", "slip_type": "Sinistral-Normal", "Shape__Length": 0.4437406776588707}}, {"type": "Feature", "id": 7318, "geometry": {"type": "LineString", "coordinates": [[41.1301190001918, 39.3177990004236], [41.0524230001214, 39.2654150003021], [40.9747599997742, 39.2130540003419], [40.8971300000495, 39.1607149995976]]}, "properties": {"OBJECTID": 7318, "catalog_id": "EUR_TRCS045", "catalog_na": "SHARE", "name": " ", "slip_type": "Sinistral", "Shape__Length": 0.2809968994551192}}, {"type": "Feature", "id": 7487, "geometry": {"type": "LineString", "coordinates": [[43.9366889998975, 38.4030670000421], [43.9399960004151, 38.3201359995768], [43.9135009998713, 38.2350539997423], [43.8494040000946, 38.1633990003637], [43.7853290004331, 38.0917670002469]]}, "properties": {"OBJECTID": 7487, "catalog_id": "EUR_TRCS214", "catalog_na": "SHARE", "name": " ", "slip_type": "Sinistral", "Shape__Length": 0.3643566394601621}}, {"type": "Feature", "id": 6654, "geometry": {"type": "LineString", "coordinates": [[27.1264039998447, 42.8629279998274], [27.1818150001622, 42.8519429995698], [27.2372250004335, 42.8409580002116], [27.2926359998515, 42.829972999954], [27.3408639998738, 42.8232320002567], [27.3890919998959, 42.8164909996599], [27.4362940002679, 42.8119980002076], [27.4834959997406, 42.8075039998098], [27.5306980001127, 42.8015119995792], [27.5778999995854, 42.7955200002478], [27.6251019999574, 42.782788000366], [27.6723040003294, 42.770055000438], [27.725663999594, 42.7475860002937], [27.7790239997578, 42.7251170001495], [27.8580360002613, 42.7108870004348], [27.9370479998653, 42.6966559997746]]}, "properties": {"OBJECTID": 6654, "catalog_id": "EUR_BGCS013", "catalog_na": "SHARE", "name": " ", "slip_type": "Normal", "Shape__Length": 0.830993398875194}}, {"type": "Feature", "id": 1857, "geometry": {"type": "LineString", "coordinates": [[26.1644439996909, 36.8590680001881], [26.2062660001758, 36.8787139996514], [26.2480889998075, 36.8983600000141], [26.2899110002925, 36.9180060003767], [26.3210039997348, 36.9291970002414], [26.3520970000765, 36.9403870000601], [26.3855820001093, 36.9441180003455], [26.419067000142, 36.9478479996855], [26.4573359995568, 36.9615249999788], [26.4956039998248, 36.9752030003183], [26.5338730001389, 36.9888799997123], [26.5801140002609, 37.0125050001057], [26.6263560004292, 37.0361289995537], [26.6725969996519, 37.0597539999472]]}, "properties": {"OBJECTID": 1857, "catalog_id": "ME_GRCS960", "catalog_na": "EMME", "name": " ", "slip_type": "Normal", "Shape__Length": 0.5497941625990675}}, {"type": "Feature", "id": 7536, "geometry": {"type": "LineString", "coordinates": [[30.4072730004486, 36.7631420003031], [30.5040930001919, 36.8431520000648]]}, "properties": {"OBJECTID": 7536, "catalog_id": "EUR_TRCS264", "catalog_na": "SHARE", "name": " ", "slip_type": "Sinistral-Normal", "Shape__Length": 0.12560140290673252}}, {"type": "Feature", "id": 7287, "geometry": {"type": "LineString", "coordinates": [[31.1346960001204, 40.595308000264], [31.0166510000437, 40.5748399997663], [30.894544999752, 40.5715439997558], [30.7725789996212, 40.5770530001959], [30.654101000261, 40.5998090000853], [30.5355850000478, 40.6225710002515], [30.4170309998808, 40.6453409998873]]}, "properties": {"OBJECTID": 7287, "catalog_id": "EUR_TRCS009", "catalog_na": "SHARE", "name": " ", "slip_type": "Sinistral", "Shape__Length": 0.726093626455365}}, {"type": "Feature", "id": 7524, "geometry": {"type": "LineString", "coordinates": [[33.2615470002939, 39.645310999603], [33.228708000374, 39.5676029998786], [33.1958739997853, 39.489904999716], [33.1630440002804, 39.4122149999224]]}, "properties": {"OBJECTID": 7524, "catalog_id": "EUR_TRCS252", "catalog_na": "SHARE", "name": " ", "slip_type": "Sinistral", "Shape__Length": 0.2530545120744814}}, {"type": "Feature", "id": 2106, "geometry": {"type": "LineString", "coordinates": [[27.5459599997542, 38.0232899999336], [27.6042820003141, 38.0354410000022], [27.6626039999747, 38.0475920000708], [27.720943999566, 38.0597470003239], [27.7792840000566, 38.0719009996315], [27.8376429996248, 38.0840590000229], [27.8960010000462, 38.0962179995611], [27.9558439997009, 38.102555000413], [28.0156870002549, 38.1088910003195], [28.0747279997974, 38.0989369999426], [28.1337690002392, 38.088982000419], [28.1911499996728, 38.0779760000924], [28.2485299999596, 38.0669699997657]]}, "properties": {"OBJECTID": 2106, "catalog_id": "ME_TRCS324", "catalog_na": "EMME", "name": " ", "slip_type": "Normal", "Shape__Length": 0.7145138974682917}}, {"type": "Feature", "id": 1928, "geometry": {"type": "LineString", "coordinates": [[41.8624769999137, 39.1605249998289], [41.9170530003957, 39.1642940000681], [41.9716289999784, 39.1680620002612], [42.0262109998378, 39.171830999601], [42.0807919996511, 39.1755999998402], [42.1338460000929, 39.1649889997426], [42.1868999996353, 39.154377999645], [42.2415859997941, 39.1518720000928], [42.2962709999068, 39.1493669996873], [42.3510400002958, 39.1502239996379], [42.4058089997856, 39.1510809995885], [42.4596309996709, 39.1519239997928], [42.5134529995564, 39.1527669999971]]}, "properties": {"OBJECTID": 1928, "catalog_id": "ME_TRCS088", "catalog_na": "EMME", "name": " ", "slip_type": "Dextral", "Shape__Length": 0.6537386332780055}}, {"type": "Feature", "id": 7381, "geometry": {"type": "LineString", "coordinates": [[42.8190600003188, 38.6250160000884], [42.9463589999679, 38.5827289997436], [43.073594000263, 38.5404640004134]]}, "properties": {"OBJECTID": 7381, "catalog_id": "EUR_TRCS108", "catalog_na": "SHARE", "name": " ", "slip_type": "Dextral-Reverse", "Shape__Length": 0.2682099882128155}}, {"type": "Feature", "id": 2057, "geometry": {"type": "LineString", "coordinates": [[33.1489529997812, 39.4299029999236], [33.1794590000329, 39.4510599998192], [33.1958739997853, 39.489904999716], [33.21229099963, 39.5287539997973], [33.228708000374, 39.5676029998786], [33.2451270003108, 39.6064570001905], [33.2615470002939, 39.645310999603]]}, "properties": {"OBJECTID": 2057, "catalog_id": "ME_TRCS252", "catalog_na": "EMME", "name": " ", "slip_type": "Sinistral", "Shape__Length": 0.24800817860438085}}, {"type": "Feature", "id": 7430, "geometry": {"type": "LineString", "coordinates": [[39.73726499978, 39.5265990002437], [39.8278960001004, 39.5452660004256]]}, "properties": {"OBJECTID": 7430, "catalog_id": "EUR_TRCS157", "catalog_na": "SHARE", "name": " ", "slip_type": "Sinistral-Reverse", "Shape__Length": 0.09253342701352354}}, {"type": "Feature", "id": 6989, "geometry": {"type": "LineString", "coordinates": [[25.3721860003836, 36.5604790002058], [25.4012790002257, 36.5825000003748], [25.4303710000217, 36.6045209996445], [25.4594639998638, 36.6265419998135], [25.4843999995604, 36.6518250002237], [25.5093360001563, 36.6771089997806], [25.5342719998529, 36.7023920001907], [25.5695980002475, 36.7252290002182], [25.6049239997428, 36.7480650001996], [25.6402500001374, 36.7709020002272]]}, "properties": {"OBJECTID": 6989, "catalog_id": "EUR_GRCS956", "catalog_na": "SHARE", "name": " ", "slip_type": "Normal", "Shape__Length": 0.34218923218310415}}, {"type": "Feature", "id": 2071, "geometry": {"type": "LineString", "coordinates": [[28.8340609997154, 37.3647850002276], [28.8650279996425, 37.3855750002861], [28.8959949995696, 37.4063660003907], [28.926962000396, 37.4271560004491], [28.9608079999892, 37.4449200003578], [28.9946530004357, 37.4626850003125], [29.0284990000289, 37.4804490002213], [29.0445770004283, 37.5100269999461], [29.0606559999745, 37.5396059997171], [29.0767340003738, 37.5691840003414], [29.1108919999659, 37.5910309996809], [29.1450490004111, 37.6128769998737]]}, "properties": {"OBJECTID": 2071, "catalog_id": "ME_TRCS271", "catalog_na": "EMME", "name": " ", "slip_type": "Normal", "Shape__Length": 0.4086593906173384}}, {"type": "Feature", "id": 7324, "geometry": {"type": "LineString", "coordinates": [[39.6929959997656, 38.5778949998544], [39.5904500003673, 38.540167000207], [39.4879579998619, 38.502457999637], [39.3855090004401, 38.4647659998511], [39.2831040003494, 38.4270899999036], [39.1807429995898, 38.3894299997947]]}, "properties": {"OBJECTID": 7324, "catalog_id": "EUR_TRCS051", "catalog_na": "SHARE", "name": " ", "slip_type": "Sinistral", "Shape__Length": 0.5458224916951009}}, {"type": "Feature", "id": 1914, "geometry": {"type": "LineString", "coordinates": [[41.5059289999235, 39.8658169996548], [41.6587249999588, 39.8794359999715], [41.7551040000496, 39.8437599996244], [41.86682599992, 39.8201910000147], [42.0101920003606, 39.7736470003089], [42.0520600002689, 39.7120380001537], [42.1559430001694, 39.6684130001599], [42.2740300003842, 39.662904999766], [42.3854689997946, 39.6323999995604], [42.4889910001346, 39.5929610001501], [42.5340889997076, 39.5505850001977]]}, "properties": {"OBJECTID": 1914, "catalog_id": "ME_TRCS074", "catalog_na": "EMME", "name": " ", "slip_type": "Dextral", "Shape__Length": 1.1146627745088398}}, {"type": "Feature", "id": 2355, "geometry": {"type": "LineString", "coordinates": [[36.372804999751, 36.2320969995769], [36.3120650000997, 35.9731650000647], [36.2671029996038, 35.6624809998983], [36.2486739996054, 35.3848359998815]]}, "properties": {"OBJECTID": 2355, "catalog_id": "ME_SY1s2", "catalog_na": "EMME", "name": " ", "slip_type": "Sinistral-Reverse", "Shape__Length": 0.8581372927944283}}, {"type": "Feature", "id": 7630, "geometry": {"type": "LineString", "coordinates": [[27.2429900000885, 38.4605699997058], [27.136404999691, 38.4649239999427], [27.0436599999091, 38.5085999995904]]}, "properties": {"OBJECTID": 7630, "catalog_id": "EUR_TRCS365", "catalog_na": "SHARE", "name": " ", "slip_type": "Normal", "Shape__Length": 0.20918841930123547}}, {"type": "Feature", "id": 7679, "geometry": {"type": "LineString", "coordinates": [[30.8741360001763, 37.8269479999503], [30.86658700009, 37.7317949997395], [30.8659860002538, 37.6328069998432], [30.9303200001679, 37.5479499995928]]}, "properties": {"OBJECTID": 7679, "catalog_id": "EUR_TRCS421", "catalog_na": "SHARE", "name": " ", "slip_type": "Normal", "Shape__Length": 0.3009292423113662}}, {"type": "Feature", "id": 14114, "geometry": {"type": "LineString", "coordinates": [[31.2560000002998, 34.8260000000001], [31.2657019998475, 34.8221790000608], [31.2754030002483, 34.8183570000755], [31.2851029997037, 34.8145340000441], [31.2948020000123, 34.8107110000127], [31.304501000321, 34.8068869999352], [31.314197999638, 34.8030619998115], [31.3238949998544, 34.7992359996417], [31.3335899999786, 34.7954100003712], [31.3432850001027, 34.7915830001554], [31.3529790001808, 34.7877549998934], [31.3626720002127, 34.7839259995853], [31.3723640001985, 34.7800960001304], [31.3820550001382, 34.7762659997761], [31.3917460000779, 34.7724350002751], [31.4014349999254, 34.7686029998287], [31.4111239997728, 34.7647700002354], [31.4208110004274, 34.7609369997428], [31.4304980001826, 34.7571020000573], [31.4401839998918, 34.7532670003718], [31.4498689995547, 34.749431999787], [31.459553000071, 34.7455950000093], [31.4692359996417, 34.7417580002316], [31.4789180000657, 34.7379200004078], [31.4885990004436, 34.7340809996385], [31.4982799999221, 34.7302409997224], [31.5079590002077, 34.7264009998063], [31.5176379995941, 34.7225599998442], [31.5273159998336, 34.7187179998359], [31.536993000027, 34.7148749997814], [31.5466690001743, 34.7110309996809], [31.5563440002754, 34.7071869995804], [31.5660180003305, 34.7033420003331], [31.5756910003394, 34.6994960001404], [31.5853640003484, 34.6956499999476], [31.5950350002651, 34.6918019996626], [31.6047060001818, 34.6879540002769], [31.6143750000063, 34.6841049999458], [31.6240439998308, 34.6802559996148], [31.6337119996091, 34.6764050000907], [31.6433790002407, 34.6725539996674], [31.6530449999269, 34.6687020000973], [31.6627099995669, 34.6648489995817], [31.6723750001062, 34.6609959999655], [31.682037999654, 34.6571420003031], [31.6917010001011, 34.6532869996954], [31.7013619995567, 34.6494309999408], [31.7110229999116, 34.6455740001401], [31.7206830002203, 34.6417170003393], [31.7303419995837, 34.6378589995932], [31.7399999998002, 34.6339999997003]]}, "properties": {"OBJECTID": 14114, "catalog_id": "PB_5460.0", "catalog_na": "Bird 2003", "name": " ", "slip_type": "Subduction_Thrust", "Shape__Length": 0.5206923960286693}}, {"type": "Feature", "id": 2363, "geometry": {"type": "LineString", "coordinates": [[35.558844999697, 33.1670960000804], [35.5768049996511, 33.3532040002644], [35.6479519998849, 33.5132809997184], [35.7207780002046, 33.6658219996856], [35.7566830003203, 33.7208650001197], [35.7943770001984, 33.7634919999559], [35.9216650002396, 33.9534369999176], [35.9653520003945, 34.0055900001784], [36.0101090004301, 34.0855710004014], [36.0591920003106, 34.1744489999215], [36.1651539998572, 34.2930379999038], [36.2060160001383, 34.3291230002263], [36.2865820003591, 34.4751530003107], [36.312990999635, 34.5680150000923], [36.3280990002687, 34.6700969996768]]}, "properties": {"OBJECTID": 2363, "catalog_id": "ME_LB1s2", "catalog_na": "EMME", "name": " ", "slip_type": "Sinistral", "Shape__Length": 1.7237350709715655}}, {"type": "Feature", "id": 2120, "geometry": {"type": "LineString", "coordinates": [[27.1885250002287, 37.9774729995793], [27.194505999952, 38.0132570004103], [27.2004879997215, 38.049041000342], [27.2064690003442, 38.0848250002736], [27.2232590003027, 38.1166730003587], [27.2400500003073, 38.1485219995907], [27.2568400002659, 38.1803699996758]]}, "properties": {"OBJECTID": 2120, "catalog_id": "ME_TRCS359", "catalog_na": "EMME", "name": " ", "slip_type": "Dextral", "Shape__Length": 0.21685099897479648}}, {"type": "Feature", "id": 2114, "geometry": {"type": "LineString", "coordinates": [[36.232906000012, 37.4640140004458], [36.2450109997579, 37.3272010000262], [36.2401769998687, 37.2891960001953], [36.2198719996931, 37.2545850003975], [36.1995660003707, 37.2199739997004], [36.1878899997238, 37.1878070001929], [36.17621299993, 37.1556389997401]]}, "properties": {"OBJECTID": 2114, "catalog_id": "ME_TRCS343", "catalog_na": "EMME", "name": " ", "slip_type": "Sinistral", "Shape__Length": 0.3243564713894569}}, {"type": "Feature", "id": 1871, "geometry": {"type": "LineString", "coordinates": [[29.327500000125, 40.7258999997852], [29.4455500004322, 40.7273700001255], [29.5636029999785, 40.7288399995664], [29.6812509997339, 40.7364570000905], [29.7919930002768, 40.7054589996332], [29.9097529998011, 40.7115499999326], [30.0266659998361, 40.7239430003692], [30.1447150000972, 40.7252739996954], [30.2627790001508, 40.725371999718], [30.3799420000233, 40.7143969999217], [30.497905999962, 40.7111510004184], [30.6111610003799, 40.6859989997541], [30.7282719996531, 40.6969860001039], [30.8360320002766, 40.733514000171], [30.9235360002862, 40.755292999972]]}, "properties": {"OBJECTID": 1871, "catalog_id": "ME_TRCS012", "catalog_na": "EMME", "name": " ", "slip_type": "Dextral-Normal", "Shape__Length": 1.6139005825317407}}, {"type": "Feature", "id": 1865, "geometry": {"type": "LineString", "coordinates": [[36.6583489998065, 40.7125330002978], [36.7140209995695, 40.689035000365], [36.7696920001857, 40.6655370004323], [36.8253340003639, 40.6420520001997], [36.8809759996427, 40.618565999921], [36.9402199995534, 40.6009410001271], [36.9994650004095, 40.5833160003332], [37.0624419997985, 40.5765270002209], [37.1254190000868, 40.5697370000626], [37.187727000101, 40.5600819999844], [37.2500350001152, 40.5504269999062], [37.303152999911, 40.5290689997346], [37.3562709997069, 40.5077100004162]]}, "properties": {"OBJECTID": 1865, "catalog_id": "ME_TRCS005", "catalog_na": "EMME", "name": " ", "slip_type": "Dextral", "Shape__Length": 0.7325563948766182}}, {"type": "Feature", "id": 2014, "geometry": {"type": "LineString", "coordinates": [[32.0231100000265, 39.3915900002784], [32.0873189995722, 39.3203739995605], [32.1614040003943, 39.255194000203], [32.2414289999484, 39.1944230000215], [32.3211479997804, 39.1334650002096], [32.4040499998077, 39.0751720000878], [32.4950530001959, 39.0247569999357], [32.5860130003997, 38.9743659999909], [32.6563080000142, 38.9069320001118], [32.7431720001877, 38.8524900004132], [32.8138979998928, 38.7854099997717], [32.8453800001869, 38.7646599997593]]}, "properties": {"OBJECTID": 2014, "catalog_id": "ME_TRCS193", "catalog_na": "EMME", "name": " ", "slip_type": "Dextral-Normal", "Shape__Length": 1.0398760489523637}}, {"type": "Feature", "id": 1971, "geometry": {"type": "LineString", "coordinates": [[43.1934829999406, 38.3499149995776], [43.2476119995941, 38.3416250003935], [43.3017410001471, 38.3333350003101], [43.3568849998429, 38.3335009998713], [43.412028000392, 38.3336670003318], [43.4572539995725, 38.3540980000228], [43.5024789996062, 38.3745289997136]]}, "properties": {"OBJECTID": 1971, "catalog_id": "ME_TRCS135", "catalog_na": "EMME", "name": " ", "slip_type": "Dextral-Reverse", "Shape__Length": 0.31906041506509586}}, {"type": "Feature", "id": 7473, "geometry": {"type": "LineString", "coordinates": [[29.9795020003171, 39.9170390001498], [30.0875170001095, 39.8981010000612], [30.1954960000404, 39.8791680002031], [30.3034469995794, 39.8602409997224]]}, "properties": {"OBJECTID": 7473, "catalog_id": "EUR_TRCS200", "catalog_na": "SHARE", "name": " ", "slip_type": "Dextral-Normal", "Shape__Length": 0.32888656920355247}}, {"type": "Feature", "id": 2020, "geometry": {"type": "LineString", "coordinates": [[30.2248730003887, 39.8075590002477], [30.2739109999927, 39.792378999891], [30.3229489995967, 39.7771990004336], [30.3719680001232, 39.7620250003536], [30.4209869997503, 39.7468510002735], [30.4728690001043, 39.7392050002106], [30.524750999559, 39.7315590001478], [30.5736109999477, 39.7161489999764], [30.6224710003365, 39.7007379997589], [30.667482000394, 39.684520000098], [30.7124929995524, 39.668302000437]]}, "properties": {"OBJECTID": 2020, "catalog_id": "ME_TRCS199", "catalog_na": "EMME", "name": " ", "slip_type": "Dextral-Normal", "Shape__Length": 0.5083326137285114}}, {"type": "Feature", "id": 7330, "geometry": {"type": "LineString", "coordinates": [[36.2051030003033, 36.2470979997729], [36.1641039999997, 36.189582000409], [36.113794000193, 36.1184669998522], [36.0401770002684, 36.0621770003683], [35.9689320000118, 36.0039689996697], [35.9024750002212, 35.942201000276]]}, "properties": {"OBJECTID": 7330, "catalog_id": "EUR_TRCS057", "catalog_na": "SHARE", "name": " ", "slip_type": "Sinistral-Normal", "Shape__Length": 0.433145653769674}}, {"type": "Feature", "id": 7573, "geometry": {"type": "LineString", "coordinates": [[29.8273169996799, 38.1974769998637], [29.7585050001057, 38.1568559999045], [29.6863930003367, 38.0803839996219], [29.6164930000519, 38.0026909996899], [29.5912960000105, 37.9095640002785]]}, "properties": {"OBJECTID": 7573, "catalog_id": "EUR_TRCS302", "catalog_na": "SHARE", "name": " ", "slip_type": "Normal", "Shape__Length": 0.3860020672500449}}, {"type": "Feature", "id": 2163, "geometry": {"type": "LineString", "coordinates": [[42.6803329997682, 39.1362279999223], [42.6877380004084, 39.1684690001443], [42.6951430001494, 39.2007100003663], [42.7025479998903, 39.2329509996889], [42.7099529996313, 39.2651940000031], [42.7173590003177, 39.2974380003635], [42.7247640000586, 39.3296809997784]]}, "properties": {"OBJECTID": 2163, "catalog_id": "ME_TRCS424", "catalog_na": "EMME", "name": " ", "slip_type": "Sinistral", "Shape__Length": 0.19848974014473486}}, {"type": "Feature", "id": 7673, "geometry": {"type": "LineString", "coordinates": [[27.5194130004097, 37.436707000228], [27.6114810004478, 37.3894299999945], [27.7088729995893, 37.3476479995556], [27.8157609995705, 37.3249590000578], [27.9226189999669, 37.3022759999375]]}, "properties": {"OBJECTID": 7673, "catalog_id": "EUR_TRCS415", "catalog_na": "SHARE", "name": " ", "slip_type": "Dextral-Normal", "Shape__Length": 0.42798164173896625}}, {"type": "Feature", "id": 2263, "geometry": {"type": "LineString", "coordinates": [[44.2872210003489, 39.2144089998755], [44.3246430002743, 39.1894609996255], [44.3691919997111, 39.1306560001743], [44.3852300000645, 39.0914529999561], [44.3977039997399, 39.0522489996916]]}, "properties": {"OBJECTID": 2263, "catalog_id": "ME_IR149s3", "catalog_na": "EMME", "name": " ", "slip_type": "Dextral", "Shape__Length": 0.20224730191946602}}, {"type": "Feature", "id": 1874, "geometry": {"type": "LineString", "coordinates": [[28.2956999997552, 40.7188999998352], [28.3457009997014, 40.6917780000547], [28.3957019996476, 40.6646550002282], [28.4456760001473, 40.6375480002401], [28.4956509997938, 40.6104400002059], [28.5455979999478, 40.5833469999641], [28.5955460001479, 40.5562539997223], [28.6547180003355, 40.5439600002538], [28.7138889995777, 40.5316649998399], [28.7695149999174, 40.5513300001794], [28.8251400002109, 40.5709949996196], [28.8807919999509, 40.5906700004202], [28.9364439996909, 40.6103450003216], [28.9860219999154, 40.6278730001389], [29.0356000001399, 40.6453999999101]]}, "properties": {"OBJECTID": 1874, "catalog_id": "ME_TRCS015", "catalog_na": "EMME", "name": " ", "slip_type": "Dextral-Normal", "Shape__Length": 0.803212022449289}}, {"type": "Feature", "id": 7447, "geometry": {"type": "LineString", "coordinates": [[36.3979770004383, 39.7638859998391], [36.4893960002253, 39.7907120003586], [36.5772730003487, 39.8272980004024], [36.6759729995543, 39.8395889997326]]}, "properties": {"OBJECTID": 7447, "catalog_id": "EUR_TRCS174", "catalog_na": "SHARE", "name": " ", "slip_type": "Sinistral", "Shape__Length": 0.28992476748996665}}, {"type": "Feature", "id": 2206, "geometry": {"type": "LineString", "coordinates": [[41.802260000099, 42.3814939999482], [41.897568000263, 42.330197999638], [42.0042570000605, 42.3278219997855], [42.0243379997989, 42.3141129998152], [42.0297599998242, 42.295918999862], [42.0351740003799, 42.2763949997295]]}, "properties": {"OBJECTID": 2206, "catalog_id": "ME_G14s2s1", "catalog_na": "EMME", "name": " ", "slip_type": "Reverse", "Shape__Length": 0.2785105530249579}}, {"type": "Feature", "id": 7424, "geometry": {"type": "LineString", "coordinates": [[40.4341820000993, 38.6569149998274], [40.5202349997455, 38.6164410003519], [40.6016260002398, 38.5704760003672], [40.6968599996893, 38.5457090003701]]}, "properties": {"OBJECTID": 7424, "catalog_id": "EUR_TRCS151", "catalog_na": "SHARE", "name": " ", "slip_type": "Dextral", "Shape__Length": 0.28697129662095244}}, {"type": "Feature", "id": 1897, "geometry": {"type": "LineString", "coordinates": [[39.5919640000386, 38.557104999796], [39.6335880003859, 38.5659029999235], [39.6752129998801, 38.5747010000512], [39.7168370002274, 38.5834990001788], [39.7548139996664, 38.5994910002095], [39.7927910000047, 38.6154840002864], [39.830768000343, 38.6314760003172], [39.8679950002691, 38.6485449996521], [39.9052230002413, 38.6656129998401], [39.9424500001674, 38.6826820000743], [39.9782469997992, 38.699383999572], [40.0140430002843, 38.7160870000151], [40.0498399999161, 38.7327890004121]]}, "properties": {"OBJECTID": 1897, "catalog_id": "ME_TRCS049", "catalog_na": "EMME", "name": " ", "slip_type": "Sinistral", "Shape__Length": 0.49261850956363207}}, {"type": "Feature", "id": 2229, "geometry": {"type": "LineString", "coordinates": [[43.6344820003441, 41.3734760000174], [43.6617739998703, 41.3471259998651], [43.683671999763, 41.3294599999791], [43.7095640003784, 41.3129260001348], [43.7360349998154, 41.290045999923], [43.763398999964, 41.2710509999038], [43.8096640002934, 41.2324199999831], [43.8660949999843, 41.1926859995593]]}, "properties": {"OBJECTID": 2229, "catalog_id": "ME_G31s2s1", "catalog_na": "EMME", "name": " ", "slip_type": "Dextral", "Shape__Length": 0.29438122049415266}}, {"type": "Feature", "id": 7493, "geometry": {"type": "LineString", "coordinates": [[30.6218020000623, 38.9153200002179], [30.6609840002115, 38.8589149999274]]}, "properties": {"OBJECTID": 7493, "catalog_id": "EUR_TRCS221", "catalog_na": "SHARE", "name": " ", "slip_type": "Normal", "Shape__Length": 0.06867862253615842}}, {"type": "Feature", "id": 2160, "geometry": {"type": "LineString", "coordinates": [[30.0343669997373, 36.7101489999764], [30.0338320002467, 36.7483679997834], [30.0332969998567, 36.7865860004436], [30.0482929998221, 36.8216389999399], [30.0632879997414, 36.8566910002895]]}, "properties": {"OBJECTID": 2160, "catalog_id": "ME_TRCS420", "catalog_na": "EMME", "name": " ", "slip_type": "Normal", "Shape__Length": 0.15269520125463465}}, {"type": "Feature", "id": 1828, "geometry": {"type": "LineString", "coordinates": [[27.3876150001322, 42.3267230003662], [27.3282229996917, 42.3244180001906], [27.2891510001186, 42.3255710003015], [27.248515000367, 42.3278759995778], [27.2000629999076, 42.332485999929], [27.1624369995679, 42.3356969996169], [27.1207089998205, 42.332181000253], [27.0789810000732, 42.3286649999898], [27.0420690002842, 42.3263219998605], [27.0051569995959, 42.323977999685], [26.9525669998672, 42.3218929997622], [26.8999770001385, 42.3198079998394]]}, "properties": {"OBJECTID": 1828, "catalog_id": "ME_BGCS009", "catalog_na": "EMME", "name": " ", "slip_type": "Normal", "Shape__Length": 0.488647623156623}}, {"type": "Feature", "id": 12757, "geometry": {"type": "LineString", "coordinates": [[29.1369999997502, 35.9699999998002], [29.1305869998902, 35.9772499995879], [29.124172999984, 35.9845000002749], [29.1177569999856, 35.9917490000164], [29.1113399999411, 35.9989979997579], [29.1049229998966, 36.0062470003988], [29.0985039997598, 36.0134950000942], [29.0920830004302, 36.0207439998358], [29.0856620002012, 36.0279910003844], [29.07923899988, 36.0352380000337], [29.0728159995588, 36.042484999683], [29.0663910000447, 36.0497320002317], [29.0599649995851, 36.0569779998349], [29.0535379999787, 36.0642240003374], [29.0471090002802, 36.0714699999406], [29.0406799996823, 36.078715000397], [29.0342489998915, 36.0859599999541], [29.0278170000545, 36.0932040003644], [29.0213840001715, 36.1004479998754], [29.0149490001962, 36.1076920002856], [29.008514000221, 36.1149359997966], [29.0020770001535, 36.1221790001608], [28.9956390000399, 36.1294209995795], [28.9891999998802, 36.1366639999437], [28.9827599996743, 36.1439060002618], [28.9763180002756, 36.1511469996344], [28.9698759999775, 36.1583889999524], [28.9634319995872, 36.1656300002244], [28.95698700005, 36.1728699995509], [28.9505409995675, 36.1801099997767], [28.9440939999382, 36.1873500000025], [28.9376450002167, 36.1945900002284], [28.931195000449, 36.2018290004081], [28.9247439997358, 36.2090679996885], [28.9182919998759, 36.2163059998221], [28.9118389999699, 36.2235439999557], [28.9053850000178, 36.2307820000893], [28.8989289999734, 36.2380190001768], [28.892471999883, 36.2452560002642], [28.8860139997464, 36.2524930003518], [28.8795549995637, 36.2597290003931], [28.873094000188, 36.2669650004345], [28.8666329999131, 36.2742009995765], [28.8601700004452, 36.2814359995718], [28.8537060000319, 36.288670999567], [28.8472409995725, 36.2959059995623], [28.8407739999202, 36.3031400004107], [28.8343070002679, 36.3103730003137], [28.827837999624, 36.3176070002629], [28.8213679998334, 36.3248400001659], [28.8148969999966, 36.3320730000689], [28.8084240000676, 36.3393049999258], [28.8019510001386, 36.3465369997828], [28.7954760001174, 36.3537689996397], [28.78900000005, 36.3610000003498]]}, "properties": {"OBJECTID": 12757, "catalog_id": "PB_3406.0", "catalog_na": "Bird 2003", "name": " ", "slip_type": "Spreading_Ridge", "Shape__Length": 0.5234366172517242}}, {"type": "Feature", "id": 1851, "geometry": {"type": "LineString", "coordinates": [[26.6456230004012, 38.0614370000176], [26.604688000351, 38.0708770000736], [26.5418900002234, 38.0799549996236], [26.4790920000958, 38.0890320000268], [26.4211010004109, 38.0972620000413], [26.3631089997806, 38.1054920000558], [26.3051180000957, 38.1137220000703], [26.26697400015, 38.1180799995923], [26.2288300002044, 38.1224369999676], [26.18882599992, 38.1198949996545], [26.1488209995895, 38.1173530002408], [26.0920700004302, 38.1115440003554], [26.0595079997944, 38.1053719999179], [26.0269460000579, 38.0991990003337], [25.9664730001289, 38.0854009998563]]}, "properties": {"OBJECTID": 1851, "catalog_id": "ME_GRCS900", "catalog_na": "EMME", "name": " ", "slip_type": "Normal", "Shape__Length": 0.6869409670878881}}, {"type": "Feature", "id": 7470, "geometry": {"type": "LineString", "coordinates": [[31.21146499971, 39.8756709999168], [31.0936759997476, 39.9059519996851], [30.9730060000269, 39.9369720002576], [30.8520600001689, 39.9065840000516], [30.7378550000083, 39.8635999999401]]}, "properties": {"OBJECTID": 7470, "catalog_id": "EUR_TRCS197", "catalog_na": "SHARE", "name": " ", "slip_type": "Dextral-Normal", "Shape__Length": 0.49294368786741927}}, {"type": "Feature", "id": 2183, "geometry": {"type": "LineString", "coordinates": [[45.2093019996876, 41.4250620002112], [44.7205369998827, 41.7982749997915]]}, "properties": {"OBJECTID": 2183, "catalog_id": "ME_G24s1s1", "catalog_na": "EMME", "name": " ", "slip_type": "Dextral", "Shape__Length": 0.614962737155642}}, {"type": "Feature", "id": 6946, "geometry": {"type": "LineString", "coordinates": [[26.1158069996933, 35.2025349998904], [26.1117080004239, 35.1937159996937], [26.1096710000167, 35.1852389999799], [26.1054870004248, 35.176700000105], [26.1032560000644, 35.170350999599], [26.0962829995609, 35.160280000122], [26.0901469998842, 35.1513039998798], [26.0857739996704, 35.1414040001945], [26.0837319999319, 35.134227000176]]}, "properties": {"OBJECTID": 6946, "catalog_id": "EUR_GRCS755", "catalog_na": "SHARE", "name": " ", "slip_type": "Normal", "Shape__Length": 0.07608879927810193}}, {"type": "Feature", "id": 14108, "geometry": {"type": "LineString", "coordinates": [[28.7790000002499, 35.3120000000001], [28.7893849998179, 35.3143690004291], [28.7997700002853, 35.3167379999588], [28.8101559998995, 35.3191050002956], [28.820542000413, 35.3214709996869], [28.8309300001195, 35.3238369999776], [28.8413169997798, 35.3262020002222], [28.8517060004316, 35.3285660004206], [28.8620950001842, 35.3309289996736], [28.8724839999367, 35.3332909997799], [28.8828739997354, 35.33565199984], [28.8932649995801, 35.338011999854], [28.9036560003242, 35.340371999868], [28.9140480002151, 35.3427299997897], [28.9244410001521, 35.3450879997115], [28.9348340000891, 35.3474440004403], [28.9452280000722, 35.3498000002699], [28.9556220000553, 35.3521550000532], [28.9660170000845, 35.3545089997905], [28.9764130001599, 35.3568620003811], [28.9868090002352, 35.3592140000262], [28.9972060003567, 35.3615659996712], [29.0076029995788, 35.3639160001234], [29.0180009997464, 35.3662659996762], [29.0283999999601, 35.3686140000361], [29.0387990001738, 35.370962000396], [29.0491990004336, 35.3733089998105], [29.059598999794, 35.3756550000783], [29.0700000001, 35.3780000002998]]}, "properties": {"OBJECTID": 14108, "catalog_id": "PB_5454.0", "catalog_na": "Bird 2003", "name": " ", "slip_type": "Subduction_Thrust", "Shape__Length": 0.29839077027042543}}, {"type": "Feature", "id": 6952, "geometry": {"type": "LineString", "coordinates": [[26.9277599998242, 36.1633959997257], [26.9328499998277, 36.1338289996087], [26.9304719998829, 36.103968000323], [26.9309060001119, 36.0730140000961], [26.9287790000508, 36.0427330003278], [26.9318319996471, 36.0099700003153], [26.9369219996506, 35.9820010001461], [26.9420779999998, 35.9555269996713], [26.9409409997274, 35.9303539998373], [26.9398050004005, 35.9051810000032], [26.9352980003025, 35.8813039996799], [26.9307920002507, 35.8574270002559]]}, "properties": {"OBJECTID": 6952, "catalog_id": "EUR_GRCS778", "catalog_na": "SHARE", "name": " ", "slip_type": "Normal", "Shape__Length": 0.30856924009103937}}, {"type": "Feature", "id": 7616, "geometry": {"type": "LineString", "coordinates": [[35.7923949996296, 37.062334000214], [35.7398849999928, 36.9949439996659], [35.6782850002526, 36.9283770001985], [35.6277760002623, 36.856110999623], [35.5656309996709, 36.7899330001079]]}, "properties": {"OBJECTID": 7616, "catalog_id": "EUR_TRCS351", "catalog_na": "SHARE", "name": " ", "slip_type": "Sinistral", "Shape__Length": 0.35507879832552397}}, {"type": "Feature", "id": 7610, "geometry": {"type": "LineString", "coordinates": [[36.3896899995939, 37.6455999998402], [36.2695500000326, 37.5687249998589]]}, "properties": {"OBJECTID": 7610, "catalog_id": "EUR_TRCS341", "catalog_na": "SHARE", "name": " ", "slip_type": "Sinistral", "Shape__Length": 0.14263023913854025}}, {"type": "Feature", "id": 6975, "geometry": {"type": "LineString", "coordinates": [[25.9705849999978, 37.7306910000896], [25.9406109999977, 37.7638440001006], [25.9106369999976, 37.7969960000654], [25.8874770003633, 37.8162460001528], [25.8643169998297, 37.8354950001942], [25.8370689996347, 37.8547450002816], [25.809821000339, 37.8739940003229], [25.7893850004175, 37.8985909996749], [25.7689489995967, 37.9231879999263], [25.7403390004446, 37.9467160003432], [25.7117290003931, 37.9702429998146]]}, "properties": {"OBJECTID": 6975, "catalog_id": "EUR_GRCS905", "catalog_na": "SHARE", "name": " ", "slip_type": "Sinistral-Normal", "Shape__Length": 0.3543818127720975}}, {"type": "Feature", "id": 6969, "geometry": {"type": "LineString", "coordinates": [[25.771674000255, 38.5220690001843], [25.7294399996563, 38.5113749998564], [25.687205999957, 38.5006810004279], [25.6313479997104, 38.4910559999345], [25.5754900003633, 38.4814310003404], [25.5209939999731, 38.469667000132], [25.4664979995831, 38.4579029999235]]}, "properties": {"OBJECTID": 6969, "catalog_id": "EUR_GRCS868", "catalog_na": "SHARE", "name": " ", "slip_type": "Normal", "Shape__Length": 0.3119986857660661}}, {"type": "Feature", "id": 7633, "geometry": {"type": "LineString", "coordinates": [[26.6167200003278, 38.0930599996194], [26.6298529998161, 38.1899089998005], [26.623945999908, 38.2879009996315], [26.6451700001954, 38.384580000067]]}, "properties": {"OBJECTID": 7633, "catalog_id": "EUR_TRCS368", "catalog_na": "SHARE", "name": " ", "slip_type": "Dextral", "Shape__Length": 0.29488650395827576}}, {"type": "Feature", "id": 7516, "geometry": {"type": "LineString", "coordinates": [[32.9755000004247, 40.0047899998586], [33.0176319999169, 40.0925299999596], [33.0597679995935, 40.1802780004294], [33.1019100004462, 40.2680399997462]]}, "properties": {"OBJECTID": 7516, "catalog_id": "EUR_TRCS244", "catalog_na": "SHARE", "name": " ", "slip_type": "Sinistral", "Shape__Length": 0.2920274825199505}}, {"type": "Feature", "id": 7639, "geometry": {"type": "LineString", "coordinates": [[34.4037400004008, 41.098558999898], [34.3094129996103, 41.0556450003166], [34.1982399998761, 41.019367000087], [34.0903779999448, 40.9778759995777], [33.976514000221, 40.9469739999502], [33.8570169997348, 40.932831999797]]}, "properties": {"OBJECTID": 7639, "catalog_id": "EUR_TRCS374", "catalog_na": "SHARE", "name": " ", "slip_type": "Dextral", "Shape__Length": 0.5744531559477157}}, {"type": "Feature", "id": 7662, "geometry": {"type": "LineString", "coordinates": [[27.8362409997224, 37.1542450002066], [27.7282989996991, 37.2028430002043], [27.6203120002986, 37.2514600001789]]}, "properties": {"OBJECTID": 7662, "catalog_id": "EUR_TRCS397", "catalog_na": "SHARE", "name": " ", "slip_type": "Dextral-Normal", "Shape__Length": 0.23680390413396496}}, {"type": "Feature", "id": 2154, "geometry": {"type": "LineString", "coordinates": [[28.3660930002918, 37.1919559999695], [28.3491270003109, 37.1989149998274], [28.3296129997402, 37.2069180001656], [28.2931320000418, 37.2218810004079], [28.2566520003896, 37.2368429997047], [28.2209079996045, 37.2529240002424], [28.185164999765, 37.2690049998809], [28.1494209998793, 37.2850860004186], [28.1316509996939, 37.3142299999146], [28.1138819995547, 37.3433730002638], [28.0961120002686, 37.3725169997598]]}, "properties": {"OBJECTID": 2154, "catalog_id": "ME_TRCS413", "catalog_na": "EMME", "name": " ", "slip_type": "Dextral-Normal", "Shape__Length": 0.3382733183793032}}, {"type": "Feature", "id": 2252, "geometry": {"type": "LineString", "coordinates": [[44.0993580001716, 40.9006670003818], [44.1616729996093, 40.8821049996461], [44.2105679998134, 40.8674160003482], [44.3001729995843, 40.8029289996737], [44.3317030002933, 40.7865709998518], [44.3675060002018, 40.7710469998192], [44.423098999919, 40.7158219999853], [44.4642570003603, 40.6819520001847], [44.4711380002186, 40.6526440003204], [44.5224230000215, 40.5931929998571]]}, "properties": {"OBJECTID": 2252, "catalog_id": "ME_AM2s1", "catalog_na": "EMME", "name": " ", "slip_type": "Dextral-Reverse", "Shape__Length": 0.5412994919921161}}, {"type": "Feature", "id": 6900, "geometry": {"type": "LineString", "coordinates": [[24.5182759998376, 38.6119009996315], [24.4365310001056, 38.6375669997173], [24.3820359997616, 38.6525390003746], [24.3275400002709, 38.6675110001326], [24.2621460000379, 38.6846219996057], [24.188577999675, 38.6974559996947], [24.1231820002492, 38.7060110003075], [24.0632380004334, 38.712428000352], [24.0006920002357, 38.7138969997468], [23.9124379998139, 38.7103740000601], [23.8511079999343, 38.7209419999734], [23.7987530002508, 38.7409029995738], [23.7508859997891, 38.7667350001202], [23.6955389997251, 38.7866969997668], [23.6297219997705, 38.8113550001332], [23.5639039997698, 38.8583219995607], [23.5175329999481, 38.901768000293]]}, "properties": {"OBJECTID": 6900, "catalog_id": "EUR_GRCS480", "catalog_na": "SHARE", "name": " ", "slip_type": "Normal", "Shape__Length": 1.0642908681134136}}, {"type": "Feature", "id": 2177, "geometry": {"type": "LineString", "coordinates": [[27.7916520002397, 36.9749080002041], [27.7474010001561, 36.970805999897], [27.696986000004, 36.9659980003075], [27.6443439996759, 36.961688000301], [27.5852250001337, 36.9556719998629], [27.5332869998952, 36.9411670000571], [27.4659109999927, 36.9353859996642], [27.391797999678, 36.936121000284]]}, "properties": {"OBJECTID": 2177, "catalog_id": "ME_TRCS913", "catalog_na": "EMME", "name": " ", "slip_type": "Normal", "Shape__Length": 0.40299253696240545}}, {"type": "Feature", "id": 7587, "geometry": {"type": "LineString", "coordinates": [[27.5768600001889, 39.1567199997282], [27.4835290003631, 39.121750999609], [27.3902450000068, 39.0867990002737], [27.2969989996042, 39.0518609997854], [27.2037900000086, 39.0169379999888]]}, "properties": {"OBJECTID": 7587, "catalog_id": "EUR_TRCS316", "catalog_na": "SHARE", "name": " ", "slip_type": "Sinistral-Normal", "Shape__Length": 0.3983970789158069}}, {"type": "Feature", "id": 7702, "geometry": {"type": "LineString", "coordinates": [[27.5196270003858, 37.8389870002499], [27.5041570001455, 37.8315659997711], [27.4878269998163, 37.8207710001815], [27.4732159996187, 37.7944589999829], [27.4560260000999, 37.7789420002732], [27.4336800002319, 37.7721960003452], [27.4113330003178, 37.7607260002048], [27.4035979997479, 37.753304999726], [27.398441000252, 37.7384629996678], [27.380391999791, 37.7074280002021], [27.3554669997023, 37.687188000326], [27.3408560004041, 37.6723460002677], [27.3056179995711, 37.6588530003658], [27.2660820001842, 37.6467089997206], [27.2359999997003, 37.6345649999748], [27.2067780002046, 37.6244450000368], [27.1775559998096, 37.6224210002291], [27.146614000136, 37.6203970004213]]}, "properties": {"OBJECTID": 7702, "catalog_id": "EUR_TRCS912", "catalog_na": "SHARE", "name": " ", "slip_type": "Dextral-Normal", "Shape__Length": 0.4564742594248571}}, {"type": "Feature", "id": 7453, "geometry": {"type": "LineString", "coordinates": [[35.4957019998475, 38.3758199998931], [35.4595819997096, 38.3015549997635], [35.4234679998484, 38.2273030002333], [35.3873580001716, 38.153061000265], [35.3512529998262, 38.0788279998124]]}, "properties": {"OBJECTID": 7453, "catalog_id": "EUR_TRCS180", "catalog_na": "SHARE", "name": " ", "slip_type": "Sinistral", "Shape__Length": 0.33025711456612306}}, {"type": "Feature", "id": 7441, "geometry": {"type": "LineString", "coordinates": [[35.9936250001937, 39.1570610001651], [36.0850019998425, 39.2121429996997], [36.1830749998114, 39.2659180001157], [36.276868000258, 39.324165999961], [36.3451010001111, 39.4008370004273], [36.4644229997217, 39.4135650001247], [36.5735610000402, 39.4530150000423], [36.6827489999664, 39.4924839999367], [36.7983689997296, 39.5190049998809], [36.9150119999039, 39.542840000066], [37.031693000032, 39.5666829997207]]}, "properties": {"OBJECTID": 7441, "catalog_id": "EUR_TRCS168", "catalog_na": "SHARE", "name": " ", "slip_type": "Sinistral", "Shape__Length": 1.1405064427346927}}, {"type": "Feature", "id": 1951, "geometry": {"type": "LineString", "coordinates": [[41.3403860002138, 39.9991440002954], [41.4080210003689, 40.0744550000982], [41.4756789997861, 40.1497930002468], [41.5295429998096, 40.2314040000946], [41.5727569997358, 40.3166480002051], [41.6202960003602, 40.4005589999979], [41.7057039999397, 40.4648010001661], [41.7767659998511, 40.5385150000673], [41.8611920000108, 40.6036350002551], [41.9406199999131, 40.6723410003369], [42.0325099998367, 40.7315050001557], [42.1254379999638, 40.7898059997472], [42.1924940003979, 40.8658249998239], [42.2701159997536, 40.9359070004078], [42.3615399997713, 40.9958069999931], [42.455648000355, 41.0533669995874], [42.5459400003308, 41.1143729998141], [42.6623739998603, 41.22577400017]]}, "properties": {"OBJECTID": 1951, "catalog_id": "ME_TRCS114", "catalog_na": "EMME", "name": " ", "slip_type": "Sinistral", "Shape__Length": 1.8278496337702583}}, {"type": "Feature", "id": 2283, "geometry": {"type": "LineString", "coordinates": [[44.1247599997742, 39.4169600002039], [44.1794120001637, 39.36706499975], [44.2079230001464, 39.3480570000306], [44.2435629997327, 39.2791539998573], [44.2673220000103, 39.2173790001408], [44.2887059995822, 39.1437240002625], [44.2934580001866, 39.1080839997768], [44.3694889999175, 39.0320540000921], [44.4170079996196, 38.9892860000489], [44.4397450004315, 38.945417999641], [44.4582910004294, 38.9339260002847], [44.5402609997454, 38.8412639998338], [44.6186680002281, 38.771767000147], [44.6721269995614, 38.7076159996787], [44.7255869998402, 38.657720000078]]}, "properties": {"OBJECTID": 2283, "catalog_id": "ME_IR149s1", "catalog_na": "EMME", "name": " ", "slip_type": "Dextral", "Shape__Length": 0.9924851370756563}}, {"type": "Feature", "id": 7547, "geometry": {"type": "LineString", "coordinates": [[29.9638600002389, 37.1129899997887], [29.8979179999158, 37.1699460003077], [29.7965649997749, 37.2130770000036], [29.6878399996164, 37.1834299997947]]}, "properties": {"OBJECTID": 7547, "catalog_id": "EUR_TRCS275", "catalog_na": "SHARE", "name": " ", "slip_type": "Normal", "Shape__Length": 0.3099771839301942}}, {"type": "Feature", "id": 1891, "geometry": {"type": "LineString", "coordinates": [[29.4319449998619, 40.1923240001526], [29.3806099995519, 40.1971909997649], [29.3292740000951, 40.2020580002766], [29.2779300002694, 40.206925999935], [29.2265850003975, 40.2117939995935]]}, "properties": {"OBJECTID": 1891, "catalog_id": "ME_TRCS041", "catalog_na": "EMME", "name": " ", "slip_type": "Normal", "Shape__Length": 0.20628090134176175}}, {"type": "Feature", "id": 2083, "geometry": {"type": "LineString", "coordinates": [[29.8791569998957, 36.47516100028], [29.8410919999959, 36.4620829997307], [29.8030280001421, 36.4490040000346], [29.7649630002423, 36.4359260003847], [29.7366779998898, 36.4116349998554], [29.7083920003906, 36.3873440002255], [29.680107000038, 36.3630529996962], [29.6485390002747, 36.3415679999633], [29.6169699995659, 36.3200840002764], [29.5854019998025, 36.2985989996442], [29.546894000158, 36.289257999657], [29.5083849995681, 36.279917999716], [29.4698769999237, 36.2705769997288]]}, "properties": {"OBJECTID": 2083, "catalog_id": "ME_TRCS287", "catalog_na": "EMME", "name": " ", "slip_type": "Dextral-Normal", "Shape__Length": 0.4660310717606505}}, {"type": "Feature", "id": 7656, "geometry": {"type": "LineString", "coordinates": [[28.4821100003763, 37.0979880004459], [28.3837360000164, 37.0656549995786], [28.2692860002488, 37.0509460002577], [28.1550270002959, 37.0354289996487], [28.0416980000627, 37.054830999551], [27.9276570002704, 37.0383029999835]]}, "properties": {"OBJECTID": 7656, "catalog_id": "EUR_TRCS391", "catalog_na": "SHARE", "name": " ", "slip_type": "Sinistral-Normal", "Shape__Length": 0.5644607346780963}}, {"type": "Feature", "id": 7407, "geometry": {"type": "LineString", "coordinates": [[41.1280570004303, 38.7388599997892], [41.159831999847, 38.7115159996637], [41.2495619999864, 38.6498359998316], [41.3424730002288, 38.5911680004029], [41.4617729997242, 38.5952269996264], [41.5784369999676, 38.575358999818], [41.6860560003842, 38.5350069996733], [41.7599460003077, 38.4617470000241], [41.8727600001739, 38.4316699997707], [41.9795389996252, 38.3903119999989]]}, "properties": {"OBJECTID": 7407, "catalog_id": "EUR_TRCS134", "catalog_na": "SHARE", "name": " ", "slip_type": "Dextral", "Shape__Length": 0.9486520003526935}}, {"type": "Feature", "id": 1997, "geometry": {"type": "LineString", "coordinates": [[36.6759729995543, 39.8395889997326], [36.6266229999516, 39.8334439996409], [36.5772730003487, 39.8272980004024], [36.5333340002639, 39.8090050003805], [36.4893960002253, 39.7907120003586], [36.4436870003548, 39.7772989996492], [36.3979770004383, 39.7638859998391]]}, "properties": {"OBJECTID": 1997, "catalog_id": "ME_TRCS174", "catalog_na": "EMME", "name": " ", "slip_type": "Sinistral", "Shape__Length": 0.2899247674961032}}, {"type": "Feature", "id": 2246, "geometry": {"type": "LineString", "coordinates": [[42.9799900004382, 41.4794730002788], [43.0366930000819, 41.521391999841], [43.097744999732, 41.5580810001381], [43.2232110002875, 41.6001019999074], [43.2813499996029, 41.6370100004112], [43.3361679995536, 41.6588890003272], [43.4170180002806, 41.68362599984], [43.4606260003897, 41.7128579997969], [43.4652470003488, 41.7148629996278], [43.5174639999637, 41.7361490000764], [43.5484160000984, 41.7417569996858], [43.5867449995821, 41.7416219997555], [43.6566480000052, 41.7323559996297], [43.7240829999305, 41.7331239999727], [43.7556840003164, 41.726734000274], [43.8006069999132, 41.7288960001503], [43.8566840003664, 41.7362049999608], [43.9259280000772, 41.7638199999931], [43.9887450001817, 41.774495000344], [44.0608299996048, 41.7683700002754], [44.1149549999733, 41.7586950001742], [44.2002539999222, 41.7727940001431], [44.3012509998338, 41.7953469996643], [44.4291789997111, 41.7637620000164], [44.6001149999074, 41.7707739996204]]}, "properties": {"OBJECTID": 2246, "catalog_id": "ME_G23s1s1", "catalog_na": "EMME", "name": " ", "slip_type": "Sinistral", "Shape__Length": 1.7003104985624882}}, {"type": "Feature", "id": 7593, "geometry": {"type": "LineString", "coordinates": [[28.7528999999351, 38.2025530001209], [28.6875990003936, 38.2202230001914], [28.5771920000108, 38.2445420002132], [28.5287980004275, 38.326214000176], [28.4364809996984, 38.3798020000623], [28.3336750000013, 38.4200709999767], [28.2307120002587, 38.4601809997534], [28.1167179999358, 38.4722850003525], [28.0055369998327, 38.4954969996868], [27.8904519995602, 38.4957240002624], [27.77650399956, 38.4831349997805], [27.6791650001647, 38.4351429998496], [27.5741399997613, 38.3985100003363], [27.4647939997433, 38.3708219996356]]}, "properties": {"OBJECTID": 7593, "catalog_id": "EUR_TRCS322", "catalog_na": "SHARE", "name": " ", "slip_type": "Normal", "Shape__Length": 1.3937845553151798}}, {"type": "Feature", "id": 7347, "geometry": {"type": "LineString", "coordinates": [[42.863500000125, 39.4536879996015], [42.8103479996605, 39.4738729996393], [42.7044630000674, 39.5140830004302], [42.5994209997794, 39.5556829996708], [42.495337999649, 39.5987829997357], [42.3854689997946, 39.6323999995604], [42.2740300003842, 39.662904999766], [42.1559430001694, 39.6684130001599], [42.0520600002689, 39.7120380001537], [41.9379750002461, 39.7364079998294], [41.8474510003634, 39.7951600004337], [41.747177999665, 39.8437599996244], [41.6446340003589, 39.8895729997942], [41.5420379995541, 39.9354080000792]]}, "properties": {"OBJECTID": 7347, "catalog_id": "EUR_TRCS074", "catalog_na": "SHARE", "name": " ", "slip_type": "Dextral", "Shape__Length": 1.417763013418746}}, {"type": "Feature", "id": 1937, "geometry": {"type": "LineString", "coordinates": [[43.3242179997609, 39.2147640000586], [43.3533959999255, 39.1824890000673], [43.3825659997212, 39.1502239996379], [43.41173500037, 39.1179590001078], [43.4408949997045, 39.0857040001396], [43.4700549999383, 39.0534480001252], [43.4992069998033, 39.0212019996726], [43.5509439997658, 38.9861320002916]]}, "properties": {"OBJECTID": 1937, "catalog_id": "ME_TRCS097", "catalog_na": "EMME", "name": " ", "slip_type": "Dextral", "Shape__Length": 0.3234385967740029}}, {"type": "Feature", "id": 2037, "geometry": {"type": "LineString", "coordinates": [[30.9896699995709, 38.6979079998544], [31.001865999916, 38.7400820003841], [31.0140610002151, 38.7822560000145], [30.9917730003237, 38.8218490002312], [30.9694840003864, 38.861442000448], [30.9465579998518, 38.9008219998355], [30.9236310001706, 38.9402020001223], [30.9145240001825, 38.9785880004359], [30.9054160001484, 39.0169739998503]]}, "properties": {"OBJECTID": 2037, "catalog_id": "ME_TRCS217", "catalog_na": "EMME", "name": " ", "slip_type": "Normal", "Shape__Length": 0.3487132825922472}}, {"type": "Feature", "id": 2043, "geometry": {"type": "LineString", "coordinates": [[27.5431050002956, 39.6168419997585], [27.5971390000648, 39.618182000399], [27.651171999788, 39.6195210000942], [27.7052079996495, 39.6208599997892], [27.7592430003642, 39.6221990003836], [27.8132830004102, 39.6235390001248], [27.8673229995568, 39.6248779998199]]}, "properties": {"OBJECTID": 2043, "catalog_id": "ME_TRCS234", "catalog_na": "EMME", "name": " ", "slip_type": "Dextral", "Shape__Length": 0.32431757329776745}}, {"type": "Feature", "id": 7693, "geometry": {"type": "LineString", "coordinates": [[33.1781950001991, 40.5505670000671], [33.1317759999625, 40.6091039997498]]}, "properties": {"OBJECTID": 7693, "catalog_id": "EUR_TRCS435", "catalog_na": "SHARE", "name": " ", "slip_type": "Sinistral-Normal", "Shape__Length": 0.07470812482474487}}, {"type": "Feature", "id": 7006, "geometry": {"type": "LineString", "coordinates": [[26.4892469998492, 35.7292159999185], [26.439558999948, 35.7428679999583], [26.3960810004378, 35.7555450000018], [26.3526030000285, 35.7682209999992], [26.3116089999554, 35.7740720000228], [26.2706149998824, 35.7799220000003], [26.2333489999564, 35.7828469999891], [26.1960830000305, 35.7857719999779], [26.1501210001841, 35.7838219999854], [26.1041590003376, 35.7818719999929], [26.0519860000539, 35.7838219999854], [25.999811999724, 35.785773000024], [25.9476390003396, 35.7877230000165]]}, "properties": {"OBJECTID": 7006, "catalog_id": "EUR_GRCS996", "catalog_na": "SHARE", "name": " ", "slip_type": "Normal", "Shape__Length": 0.5483219529223745}}, {"type": "Feature", "id": 6963, "geometry": {"type": "LineString", "coordinates": [[25.4446999998052, 39.3262810003679], [25.4256279998324, 39.3091699999956], [25.4065559998596, 39.2920589996232], [25.383394000133, 39.2674620002712], [25.3602320004065, 39.2428650000198], [25.3248100000815, 39.2129209996045], [25.2893879997565, 39.1829770000886], [25.2539660003307, 39.1530329996733], [25.2239940004228, 39.1230890001573], [25.1940219996156, 39.093144999742], [25.1749479995506, 39.0738959997007], [25.1558740003849, 39.0546459996132]]}, "properties": {"OBJECTID": 6963, "catalog_id": "EUR_GRCS845", "catalog_na": "SHARE", "name": " ", "slip_type": "Sinistral", "Shape__Length": 0.3968980089392981}}, {"type": "Feature", "id": 7307, "geometry": {"type": "LineString", "coordinates": [[27.0198999995854, 39.7309999995504], [26.9645250000288, 39.693798999924], [26.8724640003134, 39.6361800003068], [26.7617560004391, 39.6034700000405], [26.6507860001738, 39.5714079999793], [26.5386829998207, 39.5418850000927], [26.4266229996518, 39.5123729998141], [26.3120810001381, 39.4893470000641], [26.2014280001022, 39.4570059997271], [26.0844659996063, 39.4434159998486], [25.9795159999635, 39.4013570001255], [25.8737210000242, 39.3606780001896], [25.7619559999695, 39.3311580004414], [25.6496150003321, 39.3030829998806], [25.5445319999519, 39.2615360003862], [25.4385999999901, 39.2214000003098]]}, "properties": {"OBJECTID": 7307, "catalog_id": "EUR_TRCS033", "catalog_na": "SHARE", "name": " ", "slip_type": "Dextral-Normal", "Shape__Length": 1.6720180975659245}}, {"type": "Feature", "id": 2143, "geometry": {"type": "LineString", "coordinates": [[27.9276570002704, 37.0383029999835], [27.965670999617, 37.0438120004235], [28.0036839998168, 37.0493220000104], [28.0416980000627, 37.054830999551], [28.0794740001251, 37.0483639998988], [28.1172510002335, 37.0418960002003], [28.1550270002959, 37.0354289996487], [28.1931130002648, 37.0406009998363], [28.2312000002798, 37.0457740000701], [28.2692860002488, 37.0509460002577], [28.3074359995718, 37.0558489997316], [28.3455859997941, 37.0607520001048], [28.3837360000164, 37.0656549995786], [28.4329230001964, 37.0818219995857], [28.4821100003763, 37.0979880004459]]}, "properties": {"OBJECTID": 2143, "catalog_id": "ME_TRCS391", "catalog_na": "EMME", "name": " ", "slip_type": "Sinistral-Normal", "Shape__Length": 0.5644607347057381}}, {"type": "Feature", "id": 2137, "geometry": {"type": "LineString", "coordinates": [[31.4651259998651, 36.9941099998766], [31.4600139997464, 37.0272009997264], [31.4549029996737, 37.0602910004294], [31.449790999555, 37.0933820002791], [31.4358610001851, 37.1248190002967], [31.4219309999158, 37.1562550002681], [31.4080009996464, 37.1876920002857], [31.4080429997846, 37.2196750003011], [31.408085999969, 37.2516590003626], [31.4081280001072, 37.2836420003781]]}, "properties": {"OBJECTID": 2137, "catalog_id": "ME_TRCS382", "catalog_na": "EMME", "name": " ", "slip_type": "Normal", "Shape__Length": 0.2995536930426553}}, {"type": "Feature", "id": 7301, "geometry": {"type": "LineString", "coordinates": [[27.1755000003248, 40.0720000001999], [27.0911720001877, 40.0395880001861], [26.9855639998788, 39.9998739997853], [26.8750699999806, 39.969037999604], [26.7693030004332, 39.929744999732], [26.6682250003835, 39.8838520003696], [26.5848520002197, 39.820437999714], [26.4733279995876, 39.7925380000287], [26.3618439999007, 39.7646479999053], [26.2504020003521, 39.7367690002892], [26.1389999999501, 39.7089000002348]]}, "properties": {"OBJECTID": 7301, "catalog_id": "EUR_TRCS027", "catalog_na": "SHARE", "name": " ", "slip_type": "Sinistral", "Shape__Length": 1.106066664592967}}, {"type": "Feature", "id": 7650, "geometry": {"type": "LineString", "coordinates": [[31.5810769996039, 37.0636739999552], [31.5097839998318, 37.0967679999433]]}, "properties": {"OBJECTID": 7650, "catalog_id": "EUR_TRCS385", "catalog_na": "SHARE", "name": " ", "slip_type": "Sinistral-Normal", "Shape__Length": 0.0785996479109205}}, {"type": "Feature", "id": 1991, "geometry": {"type": "LineString", "coordinates": [[37.031693000032, 39.5666829997207], [36.9733530004407, 39.5547620003661], [36.9150119999039, 39.542840000066], [36.8566910002895, 39.5309229999965], [36.7983689997296, 39.5190049998809], [36.7405590002977, 39.5057449999318], [36.6827489999664, 39.4924839999367], [36.6281549995537, 39.4727500000125], [36.5735610000402, 39.4530150000423], [36.5189919998809, 39.4332899996338], [36.4644229997217, 39.4135650001247], [36.4170919996961, 39.3881439996459], [36.3644759996677, 39.3695249998789], [36.3180310000307, 39.3475200004477], [36.276868000258, 39.324165999961], [36.2299719996082, 39.2950419995886], [36.1830749998114, 39.2659180001157], [36.1340390002997, 39.2390310003804], [36.0850019998425, 39.2121429996997], [35.9936250001937, 39.1570610001651]]}, "properties": {"OBJECTID": 1991, "catalog_id": "ME_TRCS168", "catalog_na": "EMME", "name": " ", "slip_type": "Sinistral", "Shape__Length": 1.1261309084592472}}, {"type": "Feature", "id": 7401, "geometry": {"type": "LineString", "coordinates": [[38.6428759999275, 37.3055380001786], [38.5383360003062, 37.3394350003251], [38.4420069998233, 37.3959250000388], [38.3452009998263, 37.4519800003768], [38.2349999999501, 37.4894339999792], [38.121427000156, 37.5200059996772], [38.0078120002237, 37.5505899999286], [37.8941560001993, 37.581184999788], [37.7804569999906, 37.6117910001546]]}, "properties": {"OBJECTID": 7401, "catalog_id": "EUR_TRCS128", "catalog_na": "SHARE", "name": " ", "slip_type": "Dextral", "Shape__Length": 0.9205484990516268}}, {"type": "Feature", "id": 1845, "geometry": {"type": "LineString", "coordinates": [[26.3545059996522, 39.3793220002102], [26.3330959997806, 39.3570399996963], [26.3116869999552, 39.325208000349], [26.2912960003102, 39.2886020002821], [26.2770230004112, 39.2543829996757], [26.265808000339, 39.2209599998042], [26.2393010001411, 39.1835569998557], [26.2153429996798, 39.1600820000843], [26.1913840000716, 39.1366060002667], [26.1628380002736, 39.111538999925], [26.1342910004294, 39.0864710004363], [26.0945299996598, 39.0506600001589], [26.0589290000734, 39.0196019996326], [26.020850999574, 38.9897119999089], [26.0017160002932, 38.9741400003608]]}, "properties": {"OBJECTID": 1845, "catalog_id": "ME_GRCS850", "catalog_na": "EMME", "name": " ", "slip_type": "Dextral", "Shape__Length": 0.5462388573411554}}, {"type": "Feature", "id": 7599, "geometry": {"type": "LineString", "coordinates": [[36.1118959999005, 36.8873220000103], [36.0668459998431, 36.9549489997966], [36.0217870002699, 37.0225890001823]]}, "properties": {"OBJECTID": 7599, "catalog_id": "EUR_TRCS329", "catalog_na": "SHARE", "name": " ", "slip_type": "Dextral-Normal", "Shape__Length": 0.16253243722416855}}, {"type": "Feature", "id": 2189, "geometry": {"type": "LineString", "coordinates": [[43.5785569997058, 41.6290569996809], [43.4617700000855, 41.5711359996267], [43.2792150000723, 41.4738479998853], [43.1691219997805, 41.3875220002402], [43.0806259998901, 41.303467000102]]}, "properties": {"OBJECTID": 2189, "catalog_id": "ME_G32s1s1", "catalog_na": "EMME", "name": " ", "slip_type": "Sinistral", "Shape__Length": 0.5991764143656528}}, {"type": "Feature", "id": 2123, "geometry": {"type": "LineString", "coordinates": [[27.0619180001157, 38.7727650003046], [27.1094359997716, 38.7694169996948], [27.1569540003269, 38.7660689999844], [27.204088000261, 38.7608139995665], [27.2512220001952, 38.7555580000018], [27.2983560001293, 38.7503029995838]]}, "properties": {"OBJECTID": 2123, "catalog_id": "ME_TRCS362", "catalog_na": "EMME", "name": " ", "slip_type": "Dextral", "Shape__Length": 0.2375498214662964}}, {"type": "Feature", "id": 7696, "geometry": {"type": "LineString", "coordinates": [[29.0348739999352, 39.0850329997731], [28.9704310003904, 39.1442290001683], [28.8842650000298, 39.2011809996035]]}, "properties": {"OBJECTID": 7696, "catalog_id": "EUR_TRCS438", "catalog_na": "SHARE", "name": " ", "slip_type": "Normal", "Shape__Length": 0.19079120894644214}}, {"type": "Feature", "id": 6866, "geometry": {"type": "LineString", "coordinates": [[24.8370679997884, 40.3187890000124], [24.7805349998904, 40.2848309997509], [24.724747000174, 40.2508340003889], [24.684715000397, 40.2324499997677], [24.6461659997611, 40.2166810001281], [24.6049900002884, 40.2051899999186], [24.5526870003048, 40.1912180004105], [24.5136749999014, 40.1817829996858], [24.4626579998668, 40.1611319997421], [24.4037170004393, 40.1299760000924], [24.3238190004466, 40.0937939997933], [24.2792849999029, 40.077714000201], [24.2557089999704, 40.0676629998476], [24.220343999576, 40.0495730001938], [24.1758109999777, 40.0234420002482], [24.1365160000134, 40.0013310004254], [24.0906730002588, 39.9701749998764], [24.0317319999319, 39.9329890000424], [23.976720000028, 39.8998230003313]]}, "properties": {"OBJECTID": 6866, "catalog_id": "EUR_GRCS280", "catalog_na": "SHARE", "name": " ", "slip_type": "Dextral-Normal", "Shape__Length": 0.9621965805263238}}, {"type": "Feature", "id": 7364, "geometry": {"type": "LineString", "coordinates": [[43.5449329995583, 39.7860149995926], [43.5182900002833, 39.874630999621], [43.4916450000168, 39.9632529999261]]}, "properties": {"OBJECTID": 7364, "catalog_id": "EUR_TRCS091", "catalog_na": "SHARE", "name": " ", "slip_type": "Dextral", "Shape__Length": 0.1850754431505467}}, {"type": "Feature", "id": 2217, "geometry": {"type": "LineString", "coordinates": [[44.6564119997141, 42.6742630004372], [44.688661000305, 42.666432999983], [44.7246200002129, 42.6269120003886], [44.7675689996097, 42.6177640003084], [44.8051749999264, 42.5980270002459], [44.8516439997708, 42.5980959998306], [44.9195269996713, 42.6245730004437], [44.9856850000627, 42.6219599995544], [45.0750620001112, 42.6047700000355], [45.1250690003342, 42.5835990003936], [45.1821300002993, 42.5425880004359], [45.2195039998098, 42.5068699999506], [45.2853449999718, 42.4644699997907], [45.363595000409, 42.4259539997773], [45.4132660004256, 42.3901319998919], [45.480804999751, 42.3700609997154], [45.5287409997974, 42.3526839996669], [45.5820260000999, 42.3392200002029], [45.6510300004342, 42.2992339998493]]}, "properties": {"OBJECTID": 2217, "catalog_id": "ME_G2s1s5", "catalog_na": "EMME", "name": " ", "slip_type": "Reverse", "Shape__Length": 1.108756396066713}}, {"type": "Feature", "id": 2074, "geometry": {"type": "LineString", "coordinates": [[29.6878399996164, 37.1834299997947], [29.7240819999844, 37.1933120004485], [29.7603230003062, 37.2031950002491], [29.7965649997749, 37.2130770000036], [29.8303490001063, 37.1986999998052], [29.8641339995845, 37.1843229996068], [29.8979179999158, 37.1699460003077], [29.9308889996277, 37.1414680000482], [29.9638600002389, 37.1129899997887]]}, "properties": {"OBJECTID": 2074, "catalog_id": "ME_TRCS275", "catalog_na": "EMME", "name": " ", "slip_type": "Normal", "Shape__Length": 0.30997718394494805}}, {"type": "Feature", "id": 7484, "geometry": {"type": "LineString", "coordinates": [[31.5998700002004, 38.3835199997482], [31.6326589996132, 38.469687000155], [31.6941250003685, 38.5677939998932]]}, "properties": {"OBJECTID": 7484, "catalog_id": "EUR_TRCS211", "catalog_na": "SHARE", "name": " ", "slip_type": "Normal", "Shape__Length": 0.2079662956427909}}, {"type": "Feature", "id": 1911, "geometry": {"type": "LineString", "coordinates": [[43.051907000208, 39.3928879998813], [43.0605110003824, 39.3518440002005], [43.1080330002229, 39.313520000048], [43.1847189995822, 39.2647330003277], [43.2622389996302, 39.2292859997492]]}, "properties": {"OBJECTID": 1911, "catalog_id": "ME_TRCS070", "catalog_na": "EMME", "name": " ", "slip_type": "Dextral-Reverse", "Shape__Length": 0.2791153238947815}}, {"type": "Feature", "id": 7556, "geometry": {"type": "LineString", "coordinates": [[30.5279610001001, 36.8057209997244], [30.5091549998035, 36.7211330001879], [30.504995000419, 36.6312670000721], [30.4854359995718, 36.5427189995822]]}, "properties": {"OBJECTID": 7556, "catalog_id": "EUR_TRCS284", "catalog_na": "SHARE", "name": " ", "slip_type": "Normal", "Shape__Length": 0.26729796826803776}}, {"type": "Feature", "id": 2146, "geometry": {"type": "LineString", "coordinates": [[27.6679419997236, 36.8464520002597], [27.6946300001744, 36.8693339996644], [27.7336479999553, 36.8865810000132], [27.7656200003628, 36.9031270004108], [27.7896769999936, 36.9337649995551], [27.8075690004091, 36.9524359999215], [27.8377910001546, 36.9816609995555], [27.85481300002, 37.006673000059], [27.8815229996868, 37.0295740003399], [27.9082330002528, 37.0524749997215], [27.9441570003453, 37.0881279999073], [27.9800800003918, 37.123780000047]]}, "properties": {"OBJECTID": 2146, "catalog_id": "ME_TRCS396", "catalog_na": "EMME", "name": " ", "slip_type": "Sinistral", "Shape__Length": 0.42251550861657217}}, {"type": "Feature", "id": 2097, "geometry": {"type": "LineString", "coordinates": [[29.1382899998836, 39.2076700002704], [29.1337560003392, 39.248194000253], [29.1292209998493, 39.2887170001895], [29.1468479997354, 39.3270380002036], [29.1644749996216, 39.3653590002177], [29.1924029996987, 39.3998380002236], [29.2203299997298, 39.4343160001833], [29.2470449996271, 39.4672980004024]]}, "properties": {"OBJECTID": 2097, "catalog_id": "ME_TRCS313", "catalog_na": "EMME", "name": " ", "slip_type": "Normal", "Shape__Length": 0.2970986607034608}}, {"type": "Feature", "id": 7507, "geometry": {"type": "LineString", "coordinates": [[32.2837609996704, 37.7323470000141], [32.3404860003287, 37.8057859998241], [32.3982040000146, 37.880510999583], [32.4559380004384, 37.9552570003104], [32.5136879998014, 38.0300240002075], [32.593320000118, 38.091100000065], [32.6438759995777, 38.1690769996039], [32.6944420003981, 38.2470719999729], [32.7450199999731, 38.3250830001804], [32.7956090000554, 38.4031110002725], [32.8462089997456, 38.4811570002954], [32.8968199999431, 38.5592190001568], [32.9474419997485, 38.6372979999028], [32.9980750000612, 38.7153949995796]]}, "properties": {"OBJECTID": 7507, "catalog_id": "EUR_TRCS235", "catalog_na": "SHARE", "name": " ", "slip_type": "Sinistral-Normal", "Shape__Length": 1.220516096322197}}, {"type": "Feature", "id": 7433, "geometry": {"type": "LineString", "coordinates": [[39.6821230001764, 39.5291279999573], [39.5828060003967, 39.5155689997096], [39.4733479997105, 39.4791560004491], [39.3615829996558, 39.4473010000412], [39.2530710003264, 39.4094219997256], [39.1462540000221, 39.3688629999276], [39.042071999823, 39.3244870003748], [38.9374730001788, 39.2807970000815], [38.8359530004307, 39.2330400001959]]}, "properties": {"OBJECTID": 7433, "catalog_id": "EUR_TRCS160", "catalog_na": "SHARE", "name": " ", "slip_type": "Sinistral-Reverse", "Shape__Length": 0.8997894746643496}}, {"type": "Feature", "id": 1888, "geometry": {"type": "LineString", "coordinates": [[29.2154260002098, 40.4034749995716], [29.1646759998976, 40.3945479997904], [29.1139250004385, 40.3856210000092], [29.0631869997803, 40.3766970003663], [29.0124500000675, 40.367771999778], [28.9617250000088, 40.3588500002274], [28.9109999999501, 40.3499269997313]]}, "properties": {"OBJECTID": 1888, "catalog_id": "ME_TRCS038", "catalog_na": "EMME", "name": " ", "slip_type": "Dextral", "Shape__Length": 0.309099624600851}}, {"type": "Feature", "id": 7533, "geometry": {"type": "LineString", "coordinates": [[31.1680640001535, 37.7501530000609], [31.1017060004316, 37.8330770002034], [31.0311040001495, 37.9213050003256], [30.9854150003021, 38.0192469996493]]}, "properties": {"OBJECTID": 7533, "catalog_id": "EUR_TRCS261", "catalog_na": "SHARE", "name": " ", "slip_type": "Normal", "Shape__Length": 0.3272800980253189}}, {"type": "Feature", "id": 2031, "geometry": {"type": "LineString", "coordinates": [[31.6941250003685, 38.5677939998932], [31.6736359998016, 38.5350919999959], [31.6531480001801, 38.5023890000523], [31.6326589996132, 38.469687000155], [31.6162649999299, 38.4266039999746], [31.5998700002004, 38.3835199997482]]}, "properties": {"OBJECTID": 2031, "catalog_id": "ME_TRCS211", "catalog_na": "EMME", "name": " ", "slip_type": "Normal", "Shape__Length": 0.20796629566103877}}, {"type": "Feature", "id": 1954, "geometry": {"type": "LineString", "coordinates": [[42.3555699996558, 41.1924159996987], [42.3939559999695, 41.2221690002992], [42.4323420002831, 41.2519209999542], [42.4707449995821, 41.2816870002549], [42.5091479997804, 41.3114529996562], [42.5475679998634, 41.3412319996571], [42.5859879999463, 41.371010999658], [42.6244249999139, 41.4008040003044], [42.6628619998814, 41.4305960000054], [42.7013199999181, 41.4604040004443], [42.7397769999087, 41.4902119999838]]}, "properties": {"OBJECTID": 1954, "catalog_id": "ME_TRCS117", "catalog_na": "EMME", "name": " ", "slip_type": "Sinistral", "Shape__Length": 0.4861043888292837}}, {"type": "Feature", "id": 1960, "geometry": {"type": "LineString", "coordinates": [[43.2036999998552, 41.2873060003717], [43.1833690002792, 41.2608919999659], [43.1436610001551, 41.2463979997679], [43.1233299996798, 41.2199840002614], [43.1028379998738, 41.1937190004316], [43.0823450000218, 41.1674539997024], [43.0618530002158, 41.1411889998725], [43.0404640004134, 41.1153429995798], [43.0190749997115, 41.0894970001864], [42.9756689999244, 41.0669710001116], [42.9457960000854, 41.0381819998995]]}, "properties": {"OBJECTID": 1960, "catalog_id": "ME_TRCS123", "catalog_na": "EMME", "name": " ", "slip_type": "Sinistral", "Shape__Length": 0.3663631795290135}}, {"type": "Feature", "id": 2197, "geometry": {"type": "LineString", "coordinates": [[43.7883329995684, 41.6025830001054], [43.862981000273, 41.5087010000512], [43.9254499996179, 41.3374420002482], [43.9233570002255, 41.2470090000654], [43.9573090002102, 41.1805080000442]]}, "properties": {"OBJECTID": 2197, "catalog_id": "ME_G30s1s1", "catalog_na": "EMME", "name": " ", "slip_type": "Dextral", "Shape__Length": 0.46736276564755663}}, {"type": "Feature", "id": 2080, "geometry": {"type": "LineString", "coordinates": [[30.4854359995718, 36.5427189995822], [30.4952160000184, 36.5869929998271], [30.504995000419, 36.6312670000721], [30.5070750001112, 36.6762000001299], [30.5091549998035, 36.7211330001879], [30.5185579999518, 36.7634269999562], [30.5279610001001, 36.8057209997244]]}, "properties": {"OBJECTID": 2080, "catalog_id": "ME_TRCS284", "catalog_na": "EMME", "name": " ", "slip_type": "Normal", "Shape__Length": 0.26729796827329544}}, {"type": "Feature", "id": 1905, "geometry": {"type": "LineString", "coordinates": [[36.7555000004247, 36.2156999997553], [36.7178550001082, 36.2216659996862], [36.6802099997917, 36.2276319996171], [36.6425650003745, 36.2335980004474], [36.6049099995968, 36.2395650004245], [36.5672549997185, 36.2455330004477], [36.5295999998402, 36.2515000004248]]}, "properties": {"OBJECTID": 1905, "catalog_id": "ME_TRCS060", "catalog_na": "EMME", "name": " ", "slip_type": "Dextral", "Shape__Length": 0.2287191516172007}}, {"type": "Feature", "id": 2003, "geometry": {"type": "LineString", "coordinates": [[35.5933599995644, 38.734552999921], [35.6323649996451, 38.7637479999703], [35.6713699997258, 38.7929430000195], [35.7103919996911, 38.8221509997689], [35.7494139996564, 38.8513580003715], [35.7884530004057, 38.880578999821], [35.8274910002095, 38.9097990001238], [35.8665490000364, 38.939034000219], [35.9056069998632, 38.9682690003141]]}, "properties": {"OBJECTID": 2003, "catalog_id": "ME_TRCS181", "catalog_na": "EMME", "name": " ", "slip_type": "Sinistral", "Shape__Length": 0.39002738114246194}}, {"type": "Feature", "id": 7413, "geometry": {"type": "LineString", "coordinates": [[40.450021000269, 38.9645879996365], [40.3552210001491, 38.9794359999715], [40.2534879995716, 39.0121579998918], [40.1457710000317, 39.0300199998232], [40.0467820000893, 39.0676060001169]]}, "properties": {"OBJECTID": 7413, "catalog_id": "EUR_TRCS140", "catalog_na": "SHARE", "name": " ", "slip_type": "Dextral", "Shape__Length": 0.4178941275528649}}, {"type": "Feature", "id": 7315, "geometry": {"type": "LineString", "coordinates": [[29.1578079997395, 40.2682949998144], [29.2530399999961, 40.2447100003663], [29.3482409997224, 40.2211320003416]]}, "properties": {"OBJECTID": 7315, "catalog_id": "EUR_TRCS042", "catalog_na": "SHARE", "name": " ", "slip_type": "Normal", "Shape__Length": 0.1961863298046229}}, {"type": "Feature", "id": 6651, "geometry": {"type": "LineString", "coordinates": [[26.1659509999387, 42.6510680000882], [26.3307349997205, 42.668802000412], [26.430715000397, 42.6702879996915], [26.5359909997849, 42.667750999609], [26.6286530002358, 42.6642609996455], [26.7103230001064, 42.6572809997184], [26.8236029998786, 42.6505769999287], [26.882478999906, 42.6500239996079], [26.9472829999106, 42.6446209995595]]}, "properties": {"OBJECTID": 6651, "catalog_id": "EUR_BGCS010", "catalog_na": "SHARE", "name": " ", "slip_type": "Normal", "Shape__Length": 0.7831142005891739}}, {"type": "Feature", "id": 2103, "geometry": {"type": "LineString", "coordinates": [[27.947204999711, 38.711021000219], [27.9962800001219, 38.6860400002458], [28.0453539995875, 38.6610590002727], [28.0975130001249, 38.6402799998222], [28.1496709997169, 38.6195000002249], [28.2044240002675, 38.6033589996182], [28.2591759998725, 38.5872179999108], [28.3105730003438, 38.5653919997411], [28.3619699999156, 38.5435659995713], [28.4060959996307, 38.5135759997327], [28.4502220002452, 38.483585999894], [28.4953720004175, 38.4545819996596], [28.5405219996906, 38.4255770002784], [28.5950869996653, 38.4093500002024], [28.649650999594, 38.3931220000803], [28.6999610003, 38.378158999838], [28.7502710001066, 38.3631969996419]]}, "properties": {"OBJECTID": 2103, "catalog_id": "ME_TRCS321", "catalog_na": "EMME", "name": " ", "slip_type": "Normal", "Shape__Length": 0.8811281182311389}}, {"type": "Feature", "id": 7464, "geometry": {"type": "LineString", "coordinates": [[32.9414319995872, 38.6588970003963], [32.8343040002295, 38.6844919999059], [32.7303990002138, 38.7218689995547], [32.6353910003944, 38.7716870000551], [32.5403380002985, 38.8215299999096], [32.44523899988, 38.8713959999255], [32.3534700001404, 38.9249829997657], [32.2561139999612, 38.9723099996069], [32.1688039999047, 39.0303459995683], [32.0763700000755, 39.0834499996178], [31.9821709997918, 39.1347320001817], [31.8879260000849, 39.1860380000537]]}, "properties": {"OBJECTID": 7464, "catalog_id": "EUR_TRCS191", "catalog_na": "SHARE", "name": " ", "slip_type": "Dextral-Normal", "Shape__Length": 1.1830707764132575}}, {"type": "Feature", "id": 1980, "geometry": {"type": "LineString", "coordinates": [[40.7978700002004, 39.3410899998037], [40.8224620002212, 39.3124619998215], [40.8470550002881, 39.2838329997932], [40.8716470003089, 39.2552049998109], [40.8681930002069, 39.2223819997296], [40.864740000151, 39.1895589996482], [40.8612860000489, 39.1567359995668]]}, "properties": {"OBJECTID": 1980, "catalog_id": "ME_TRCS149", "catalog_na": "EMME", "name": " ", "slip_type": "Normal", "Shape__Length": 0.2122348516041585}}, {"type": "Feature", "id": 2054, "geometry": {"type": "LineString", "coordinates": [[33.5589860003037, 39.9637609999702], [33.6350840004263, 40.0870869998652], [33.6812380001336, 40.1200249998539], [33.7274160000484, 40.1529799997273], [33.7735929999171, 40.1859339995545], [33.8197950000393, 40.2189060002118], [33.8659960001154, 40.2518769999236], [33.9122210003989, 40.2848659995663], [33.9584459997831, 40.3178550001082], [33.9892809999183, 40.3398600004387], [34.0201150000073, 40.3618649998699], [34.0509500001424, 40.3838700002004]]}, "properties": {"OBJECTID": 2054, "catalog_id": "ME_TRCS246", "catalog_na": "EMME", "name": " ", "slip_type": "Sinistral-Normal", "Shape__Length": 0.6558202284582167}}, {"type": "Feature", "id": 7390, "geometry": {"type": "LineString", "coordinates": [[42.7397769999087, 41.4902119999838], [42.6628619998814, 41.4305960000054], [42.5859879999463, 41.371010999658], [42.5091479997804, 41.3114529996562], [42.4323420002831, 41.2519209999542], [42.3555699996558, 41.1924159996987]]}, "properties": {"OBJECTID": 7390, "catalog_id": "EUR_TRCS117", "catalog_na": "SHARE", "name": " ", "slip_type": "Sinistral", "Shape__Length": 0.48610438882092055}}, {"type": "Feature", "id": 7341, "geometry": {"type": "LineString", "coordinates": [[42.9865829996058, 39.4454589996332], [42.9593520001947, 39.4754830001404], [42.8819249999389, 39.5495209996944], [42.7848100000815, 39.6082320002067], [42.6832640000336, 39.6623969997218], [42.5692070004028, 39.699057999627], [42.4485759997826, 39.7199740001001], [42.3313840003714, 39.7504289997985], [42.2150520001497, 39.7828939995585]]}, "properties": {"OBJECTID": 7341, "catalog_id": "EUR_TRCS068", "catalog_na": "SHARE", "name": " ", "slip_type": "Dextral", "Shape__Length": 0.8603303844151298}}, {"type": "Feature", "id": 1931, "geometry": {"type": "LineString", "coordinates": [[43.3991310000956, 39.9827650004045], [43.4940490002612, 39.8397639997089], [43.5440599997692, 39.7817449996321], [43.6070739999652, 39.746978999881]]}, "properties": {"OBJECTID": 1931, "catalog_id": "ME_TRCS091", "catalog_na": "EMME", "name": " ", "slip_type": "Dextral", "Shape__Length": 0.32020205803990265}}, {"type": "Feature", "id": 6943, "geometry": {"type": "LineString", "coordinates": [[26.1712380000337, 35.4425349995906], [26.1405969998517, 35.413931999862], [26.1099549996236, 35.3853290001333], [26.0793140003409, 35.3567260004046], [26.0499669995774, 35.3321480001301], [26.0206189996671, 35.3075689998095], [25.9827859996742, 35.2766149995826], [25.9449529996812, 35.2456600002089], [25.9201770001685, 35.2252349998954], [25.8954009997564, 35.2048090004351]]}, "properties": {"OBJECTID": 6943, "catalog_id": "EUR_GRCS748", "catalog_na": "SHARE", "name": " ", "slip_type": "Normal", "Shape__Length": 0.3642964383571447}}, {"type": "Feature", "id": 14105, "geometry": {"type": "LineString", "coordinates": [[27.6840000001, 34.7059999997003], [27.6933670003868, 34.7102190000069], [27.7027339997743, 34.7144370002674], [27.7121020001073, 34.7186549996286], [27.7214719996331, 34.7228709997968], [27.7308420000583, 34.7270869999651], [27.7402129996303, 34.7313030001334], [27.7495860001938, 34.7355170002094], [27.758958999858, 34.7397310002855], [27.7683329995683, 34.7439440003154], [27.7777080002241, 34.7481570003453], [27.7870840000267, 34.752368000283], [27.7964609998753, 34.7565790002207], [27.8058389997701, 34.7607890001123], [27.815217999711, 34.7649990000039], [27.824597999698, 34.7692079998494], [27.8339789997311, 34.7734159996487], [27.8433599997642, 34.7776230003013], [27.8527429998896, 34.7818300000545], [27.862127000061, 34.7860349997155], [27.8715110002325, 34.7902410003219], [27.8808969995969, 34.7944449999368], [27.8902829998606, 34.7986489995517], [27.8996710002165, 34.8028520000198], [27.9090589996732, 34.8070540004418], [27.9184490001213, 34.8112549999184], [27.9278389996701, 34.8154560002942], [27.9372300001644, 34.8196559997247], [27.9466219998055, 34.8238560000544], [27.9560160004381, 34.828054000292], [27.9654100001714, 34.8322519996301], [27.9748049999508, 34.8364489998215], [27.9842009997764, 34.840646000013], [27.993597999648, 34.8448410001121], [28.0029959995658, 34.8490360002113], [28.012395000429, 34.8532300002644], [28.0217950004389, 34.8574240003174], [28.0311959995958, 34.8616170003244], [28.0405969996519, 34.8658090002852], [28.0499999998002, 34.8700000001999]]}, "properties": {"OBJECTID": 14105, "catalog_id": "PB_5451.0", "catalog_na": "Bird 2003", "name": " ", "slip_type": "Subduction_Thrust", "Shape__Length": 0.4010638525081042}}, {"type": "Feature", "id": 2366, "geometry": {"type": "LineString", "coordinates": [[35.2612190000569, 33.7588879998813], [35.4114339997793, 33.9617520002546], [35.4868859997891, 33.9928940001581], [35.5544959996907, 34.1187139999512], [35.5572049996111, 34.2206599995594], [35.6657040001396, 34.3380879999613]]}, "properties": {"OBJECTID": 2366, "catalog_id": "ME_LB2", "catalog_na": "EMME", "name": " ", "slip_type": "Reverse", "Shape__Length": 0.7387471196439238}}, {"type": "Feature", "id": 7619, "geometry": {"type": "LineString", "coordinates": [[27.2893700003253, 38.4322300004142], [27.162710999613, 38.4250369996578], [27.0411700001954, 38.3908689996047], [26.912259999999, 38.3854699997407]]}, "properties": {"OBJECTID": 7619, "catalog_id": "EUR_TRCS354", "catalog_na": "SHARE", "name": " ", "slip_type": "Normal", "Shape__Length": 0.38213848662543326}}, {"type": "Feature", "id": 2117, "geometry": {"type": "LineString", "coordinates": [[35.7974600002788, 37.0832200002029], [35.8268189997971, 37.1225710000517], [35.8561770001685, 37.1619219999004], [35.8855440000556, 37.2012840002565], [35.9149099998966, 37.240644999667], [35.9438249996241, 37.2802329996533], [35.9727400002508, 37.3198199995933], [35.9891479996805, 37.3637100001164], [36.0055549999634, 37.4075999997402], [36.032698999859, 37.4480010003459], [36.0598419997086, 37.4884010000062], [36.0765719995982, 37.5322240001375], [36.093302000387, 37.5760470002689], [36.1090520000498, 37.6173009997414], [36.1248009996664, 37.6585540000671]]}, "properties": {"OBJECTID": 2117, "catalog_id": "ME_TRCS350", "catalog_na": "EMME", "name": " ", "slip_type": "Sinistral", "Shape__Length": 0.667644787610173}}, {"type": "Feature", "id": 7370, "geometry": {"type": "LineString", "coordinates": [[43.5283589996682, 38.9889550000732], [43.4700549999383, 39.0534480001252], [43.41173500037, 39.1179590001078], [43.3533959999255, 39.1824890000673], [43.2950399995964, 39.2470390000499]]}, "properties": {"OBJECTID": 7370, "catalog_id": "EUR_TRCS097", "catalog_na": "SHARE", "name": " ", "slip_type": "Dextral", "Shape__Length": 0.3479153731048724}}, {"type": "Feature", "id": 1868, "geometry": {"type": "LineString", "coordinates": [[31.1505110000826, 40.5944559996447], [31.1754489998715, 40.5947289996437], [31.2176430004242, 40.6033329998181], [31.2687019996976, 40.6154809997484], [31.3197599998242, 40.6276279996325], [31.3683029999835, 40.644750999659], [31.4168460001429, 40.6618739996854], [31.4631990000339, 40.6782240000376], [31.5095519999249, 40.6945740003899]]}, "properties": {"OBJECTID": 1868, "catalog_id": "ME_TRCS008", "catalog_na": "EMME", "name": " ", "slip_type": "Dextral", "Shape__Length": 0.3742220781957905}}, {"type": "Feature", "id": 2223, "geometry": {"type": "LineString", "coordinates": [[42.6170149999423, 41.5963939997833], [42.6329180003655, 41.6035390001248], [42.7078739999852, 41.6372170000645], [42.8127099997668, 41.666688000251], [42.9504220002751, 41.6801820001992], [43.0074329997332, 41.6802329998531], [43.0464219999754, 41.6839349997005], [43.0819859996542, 41.6895879995866], [43.1183049999758, 41.6927159999435], [43.2190109999577, 41.7177590000778], [43.3484300002444, 41.7348260002198], [43.3888439996509, 41.7294879995716]]}, "properties": {"OBJECTID": 2223, "catalog_id": "ME_G22s2s1", "catalog_na": "EMME", "name": " ", "slip_type": "Sinistral", "Shape__Length": 0.7905966499086505}}, {"type": "Feature", "id": 6992, "geometry": {"type": "LineString", "coordinates": [[26.4195099998867, 36.7097319996321], [26.3415860000939, 36.6828179995511], [26.2979480004, 36.6681379997689], [26.2543099998067, 36.6534569999407], [26.2011869997802, 36.6335560004092], [26.1480629997077, 36.6136549999783], [26.0763090002602, 36.5800830004302], [26.0141229995768, 36.5558370001775], [25.9519359997466, 36.5315909999247], [25.9098650003695, 36.5093339996644], [25.8677940000931, 36.4870760002573], [25.8257140003009, 36.4650560001343], [25.7836339996094, 36.4430349999653], [25.7244099997218, 36.3965460000979], [25.6779239999926, 36.3745439999057], [25.6314370002174, 36.3525409996674]]}, "properties": {"OBJECTID": 6992, "catalog_id": "EUR_GRCS962", "catalog_na": "SHARE", "name": " ", "slip_type": "Normal", "Shape__Length": 0.8690230066495386}}, {"type": "Feature", "id": 7570, "geometry": {"type": "LineString", "coordinates": [[30.6751190000419, 38.6183660000909], [30.6424040004443, 38.5543490004061], [30.609694000178, 38.4903440003754]]}, "properties": {"OBJECTID": 7570, "catalog_id": "EUR_TRCS299", "catalog_na": "SHARE", "name": " ", "slip_type": "Normal", "Shape__Length": 0.14377086985671503}}, {"type": "Feature", "id": 7321, "geometry": {"type": "LineString", "coordinates": [[40.0532000001799, 38.7769999995504], [40.1395000004247, 38.8401000001149]]}, "properties": {"OBJECTID": 7321, "catalog_id": "EUR_TRCS048", "catalog_na": "SHARE", "name": " ", "slip_type": "Sinistral-Reverse", "Shape__Length": 0.1069079048223267}}, {"type": "Feature", "id": 2415, "geometry": {"type": "LineString", "coordinates": [[44.6570409999422, 39.8220480002151], [44.6029349995507, 39.8851010004109], [44.5193240001026, 39.9566650000897], [44.4484099998217, 40.0281699997457], [44.3979870002, 40.0535249998789], [44.2891650000648, 40.1377669996473], [44.2469640000886, 40.1463380000987], [44.1292499999876, 40.2013140001411]]}, "properties": {"OBJECTID": 2415, "catalog_id": "ME_AM1000", "catalog_na": "EMME", "name": " ", "slip_type": "Dextral", "Shape__Length": 0.6608862750919634}}, {"type": "Feature", "id": 6929, "geometry": {"type": "LineString", "coordinates": [[34.3600360003612, 34.4967469996744], [34.2979750000463, 34.4987720004276], [34.2359139997313, 34.5007970002814], [34.180440000106, 34.5198779997699], [34.1249650004345, 34.5389580001117], [34.07966499964, 34.5569909998349], [34.034364999745, 34.5750230004112], [33.9639750002461, 34.589011999804], [33.9036720000628, 34.6117420002931], [33.8539529996313, 34.6170300004342], [33.8042340000991, 34.622317999676], [33.7537290002932, 34.6410360004111], [33.703223999588, 34.6597540002469], [33.6422920000758, 34.6932289998185], [33.5813599996643, 34.7267030002433], [33.5336490001013, 34.7521409997074], [33.485937999639, 34.7775790000708], [33.4463440002754, 34.8110569997808], [33.4067500000126, 34.8445340003439]]}, "properties": {"OBJECTID": 6929, "catalog_id": "EUR_GRCS698", "catalog_na": "SHARE", "name": " ", "slip_type": "Reverse", "Shape__Length": 1.0338456272393306}}, {"type": "Feature", "id": 2060, "geometry": {"type": "LineString", "coordinates": [[31.079415000402, 38.4682379998839], [31.1210979998729, 38.4353019999874], [31.1586270002359, 38.3495350000402], [31.2199190001618, 38.2772840001566], [31.3072409998723, 38.2122870002449], [31.3632899999336, 38.1610489999115], [31.4281050004454, 38.1146620002511], [31.4614870002249, 38.0316769999936], [31.486224999784, 37.959863999624], [31.5540929998921, 37.8915450003016], [31.6219369997928, 37.8232510003335], [31.6897570003853, 37.7549799996273], [31.7302040004143, 37.7142649998299]]}, "properties": {"OBJECTID": 2060, "catalog_id": "ME_TRCS255", "catalog_na": "EMME", "name": " ", "slip_type": "Normal", "Shape__Length": 1.0175778710842327}}, {"type": "Feature", "id": 2023, "geometry": {"type": "LineString", "coordinates": [[31.3754220000253, 38.3903469998143], [31.443731999832, 38.3227709996819], [31.5120170002844, 38.2552189997571], [31.58027799963, 38.1876910000396], [31.660247000199, 38.1286810001281], [31.7453999997103, 38.0744009998064], [31.8305150001672, 38.0201439996459], [31.915591999771, 37.965911999739], [32.0006300002743, 37.9117040000396], [32.0856299999246, 37.8575199996483], [32.1705919996211, 37.8033610004099], [32.2552040002644, 37.749424999764]]}, "properties": {"OBJECTID": 2023, "catalog_id": "ME_TRCS203", "catalog_na": "EMME", "name": " ", "slip_type": "Normal", "Shape__Length": 1.093098677828363}}, {"type": "Feature", "id": 1974, "geometry": {"type": "LineString", "coordinates": [[34.98265199979, 37.8193660001409], [34.87156100024, 37.7983300004292], [34.7573889998026, 37.8010479998654], [34.6551560004491, 37.8413510004484], [34.5758699999006, 37.9063840002215], [34.4764180001906, 37.9510190000269], [34.3776739998552, 37.9967029996438], [34.3157850002776, 38.0726619996516], [34.2466199997133, 38.1446659998361], [34.1774299997947, 38.2166960003202], [34.1082139995765, 38.2887520002047], [34.0365479996905, 38.3593559996797], [33.9611040000496, 38.4275470002939], [33.8856289998785, 38.4957650003545], [33.8178759996777, 38.5688219996356], [33.7533879998564, 38.6437000001549], [33.688880000012, 38.7186019999824], [33.6243510000986, 38.7935290000634], [33.6056799997323, 38.882604999721], [33.5378369998777, 38.9558159998086], [33.4464849995831, 39.0115269995714], [33.4170449999269, 39.098837999674], [33.3346469997593, 39.1625630002823]]}, "properties": {"OBJECTID": 1974, "catalog_id": "ME_TRCS138", "catalog_na": "EMME", "name": " ", "slip_type": "Dextral", "Shape__Length": 2.2494846232696877}}, {"type": "Feature", "id": 2011, "geometry": {"type": "LineString", "coordinates": [[34.895517999756, 39.2664320004365], [34.9474800002019, 39.2494590001328], [34.9994409997024, 39.232484999783], [35.0513820000793, 39.215518999802], [35.1033220004101, 39.198551999775], [35.1552409997724, 39.1815920000708], [35.207160000034, 39.1646320003666], [35.2590580002266, 39.1476790000858], [35.3109560004191, 39.1307269998512], [35.3628369998277, 39.1137799998472], [35.4147180001356, 39.096831999797]]}, "properties": {"OBJECTID": 2011, "catalog_id": "ME_TRCS190", "catalog_na": "EMME", "name": " ", "slip_type": "Dextral", "Shape__Length": 0.5461984993036838}}, {"type": "Feature", "id": 7384, "geometry": {"type": "LineString", "coordinates": [[43.2834989997791, 38.6490440001805], [43.3458200003927, 38.5965690003591], [43.4081169998997, 38.5441139996614]]}, "properties": {"OBJECTID": 7384, "catalog_id": "EUR_TRCS111", "catalog_na": "SHARE", "name": " ", "slip_type": "Dextral", "Shape__Length": 0.1629108681550462}}, {"type": "Feature", "id": 1925, "geometry": {"type": "LineString", "coordinates": [[41.9280860001688, 40.4866850003125], [41.981257999757, 40.5133669995874], [42.0344300002444, 40.5400479997155], [42.073881000208, 40.5781040000996], [42.1133320001717, 40.6161590004376], [42.1480700004302, 40.6568000004198], [42.1828069997433, 40.6974410004019], [42.2279430001694, 40.7317390001548], [42.27307799965, 40.7660359998616], [42.3182370002374, 40.8003510003984], [42.3633949998794, 40.834666000036], [42.3991090001803, 40.861804999701], [42.4348229995818, 40.8889430002193]]}, "properties": {"OBJECTID": 1925, "catalog_id": "ME_TRCS085", "catalog_na": "EMME", "name": " ", "slip_type": "Sinistral", "Shape__Length": 0.6520582523321764}}, {"type": "Feature", "id": 7527, "geometry": {"type": "LineString", "coordinates": [[31.7655790003706, 37.6786539997823], [31.7575529998711, 37.6867340000741], [31.6897570003853, 37.7549799996273], [31.6219369997928, 37.8232510003335], [31.5540929998921, 37.8915450003016], [31.486224999784, 37.959863999624], [31.4183330003677, 38.0282080000992], [31.4281050004454, 38.1146620002511], [31.3289429997197, 38.152738999805], [31.2297389997551, 38.1908320000968], [31.2199190001618, 38.2772840001566], [31.1586270002359, 38.3495350000402], [31.1096269996863, 38.4273680001331], [31.0414980001327, 38.4958349999853]]}, "properties": {"OBJECTID": 7527, "catalog_id": "EUR_TRCS255", "catalog_na": "SHARE", "name": " ", "slip_type": "Normal", "Shape__Length": 1.162522198315962}}, {"type": "Feature", "id": 7284, "geometry": {"type": "LineString", "coordinates": [[36.6507779996051, 40.7258160004081], [36.5891799999571, 40.7417569998857], [36.47820000013, 40.7704789997061], [36.3671770001185, 40.7992109999877], [36.2583250003985, 40.8324650001597], [36.1526469995594, 40.8712289999185], [36.0425269998212, 40.902230999661], [35.9270329995733, 40.9187790001508], [35.8248560001044, 40.9627659997511], [35.716640000036, 40.9976660002857], [35.6058869998852, 41.0278019996626], [35.4997270002009, 41.066297999653], [35.3875110000327, 41.0934479998254], [35.2696569997708, 41.0953009998413], [35.1517990002237, 41.0971539998573], [35.0341430000994, 41.1027309998358], [34.9167430000894, 41.110915000427], [34.7993280002871, 41.1190990001188], [34.6827050001357, 41.1060000003998], [34.566300000145, 41.1201689999994], [34.448465999906, 41.123730999686], [34.3372510000337, 41.0942320000069], [34.2204679996985, 41.0821989999839], [34.1037060003317, 41.0701690000993], [33.9869650001347, 41.058141000307], [33.8702450000068, 41.0461159997536], [33.754640000036, 41.0291200001879], [33.6394759997177, 41.0106039997748], [33.5243439999757, 40.9920929995923], [33.4092419998185, 40.9735869996404], [33.2941710001916, 40.955085999919], [33.1791310001956, 40.9365900004282]]}, "properties": {"OBJECTID": 7284, "catalog_id": "EUR_TRCS006", "catalog_na": "SHARE", "name": " ", "slip_type": "Dextral", "Shape__Length": 3.5442141220738055}}, {"type": "Feature", "id": 2209, "geometry": {"type": "LineString", "coordinates": [[43.9977699999856, 42.3332370003873], [43.8956589999629, 42.3362839997069], [43.8472250003335, 42.3411209997344], [43.7537609997703, 42.3587420002432], [43.6962640003833, 42.3674020003021], [43.6657879997165, 42.3683790003906], [43.6174609996255, 42.3664779999598], [43.5941540004068, 42.3652029996188], [43.5798689999544, 42.361152999911]]}, "properties": {"OBJECTID": 2209, "catalog_id": "ME_G15s2s2", "catalog_na": "EMME", "name": " ", "slip_type": "Reverse", "Shape__Length": 0.4211333564464993}}, {"type": "Feature", "id": 7670, "geometry": {"type": "LineString", "coordinates": [[28.1075899998787, 37.2593750000563], [28.0679209997544, 37.3580550001382]]}, "properties": {"OBJECTID": 7670, "catalog_id": "EUR_TRCS412", "catalog_na": "SHARE", "name": " ", "slip_type": "Dextral-Normal", "Shape__Length": 0.10635493400419356}}, {"type": "Feature", "id": 7676, "geometry": {"type": "LineString", "coordinates": [[28.660660000059, 41.0909899997887], [28.6289530001808, 41.1784119996141], [28.5972539997723, 41.2658090000853], [28.5655520001247, 41.3532150000722], [28.533848000385, 41.4406290004281], [28.5021399995614, 41.5280510002535], [28.4704290003981, 41.6154810004479], [28.4387160002433, 41.7029200001579], [28.406998999904, 41.7903670002369], [28.3752790003256, 41.8778219997855], [28.3435569997558, 41.9652859997491], [28.3118309999008, 42.0527580000817], [28.2801019999074, 42.1402379998838], [28.2483709998218, 42.227727000101], [28.2166359995518, 42.3152239997878], [28.1848980000427, 42.4027299998896], [28.1531570003953, 42.4902440003604], [28.1214129997102, 42.5777650002546], [28.0896669998322, 42.6652949996646], [28.0579169997698, 42.7528320002966], [28.0261649996151, 42.8403770003983], [27.9944100002214, 42.9279299999696]]}, "properties": {"OBJECTID": 7676, "catalog_id": "EUR_TRCS418", "catalog_na": "SHARE", "name": " ", "slip_type": "Dextral", "Shape__Length": 1.9540311222318005}}, {"type": "Feature", "id": 6643, "geometry": {"type": "LineString", "coordinates": [[25.0578720000928, 42.2291639998188], [25.1128460000429, 42.2301450000917], [25.1519350004, 42.2295480004399], [25.1910009996964, 42.2276920002856], [25.2611630003722, 42.2265299997597], [25.3088970000965, 42.2267110000127], [25.3646809996285, 42.2236700000705], [25.4766219997056, 42.2173750002561], [25.6049589995582, 42.2115050002556], [25.7625949997595, 42.2031659997112], [25.8930740003649, 42.1884500000675], [25.9493720002177, 42.1840349997155], [26.0685919996212, 42.1771679996036], [26.1695620000863, 42.1717590001778]]}, "properties": {"OBJECTID": 6643, "catalog_id": "EUR_BGCS002", "catalog_na": "SHARE", "name": " ", "slip_type": "Normal", "Shape__Length": 1.1137140914309471}}, {"type": "Feature", "id": 7576, "geometry": {"type": "LineString", "coordinates": [[30.0921010001611, 37.813441000302], [30.1352709998568, 37.8697630003622]]}, "properties": {"OBJECTID": 7576, "catalog_id": "EUR_TRCS305", "catalog_na": "SHARE", "name": " ", "slip_type": "Normal", "Shape__Length": 0.07096348754476416}}, {"type": "Feature", "id": 7327, "geometry": {"type": "LineString", "coordinates": [[38.5108079997894, 38.0458279996625], [38.403057999627, 38.0479850002076], [38.2836739998552, 38.0360369996079], [38.1811630002723, 37.9864449996371], [38.0714729996793, 37.9476520003396], [37.9618300003543, 37.9088770000736], [37.8522359996917, 37.870117999646]]}, "properties": {"OBJECTID": 7327, "catalog_id": "EUR_TRCS054", "catalog_na": "SHARE", "name": " ", "slip_type": "Sinistral", "Shape__Length": 0.6905195594226909}}, {"type": "Feature", "id": 2166, "geometry": {"type": "LineString", "coordinates": [[35.784182000399, 40.844250999584], [35.925052999996, 40.7850849996731], [36.0704149998524, 40.7570780004494], [36.1259040001695, 40.7418990001388], [36.1813710003714, 40.7267260001049], [36.236837999674, 40.7115530000709], [36.2922829997607, 40.6963860003137], [36.3477269998012, 40.6812189996572], [36.4031489997266, 40.6660580001766], [36.458570999652, 40.6508969997968], [36.5139710003614, 40.6357419996936], [36.5693710001716, 40.6205869995904], [36.6247479998204, 40.60543899981], [36.6801260004146, 40.5902899999836]]}, "properties": {"OBJECTID": 2166, "catalog_id": "ME_TRCS427", "catalog_na": "EMME", "name": " ", "slip_type": "Dextral", "Shape__Length": 0.9329391440111866}}, {"type": "Feature", "id": 1917, "geometry": {"type": "LineString", "coordinates": [[43.1445200001979, 40.1974689999944], [43.0897840004313, 40.1753040003794], [43.0350479997654, 40.1531399999111], [42.9803400003908, 40.1309869999502], [42.9256320001168, 40.108832999943], [42.8714950000942, 40.0859250002386], [42.8173570000256, 40.0630159995887], [42.7611899999186, 40.0432330001029], [42.7050229998117, 40.0234499997177], [42.6486180004204, 40.0041219996306], [42.5922130001299, 39.9847940004428], [42.5358350001852, 39.9654749998714], [42.4794560001943, 39.9461560001993], [42.4300980002226, 39.9177440002854], [42.3807390002048, 39.8893320003716], [42.3227669995974, 39.8731820002492], [42.2647939998433, 39.8570310000807], [42.2102580003065, 39.8418380000238], [42.1557209998243, 39.8266439999207]]}, "properties": {"OBJECTID": 1917, "catalog_id": "ME_TRCS077", "catalog_na": "EMME", "name": " ", "slip_type": "Sinistral", "Shape__Length": 1.0587542891379362}}, {"type": "Feature", "id": 6986, "geometry": {"type": "LineString", "coordinates": [[24.2557249998089, 36.6165609999902], [24.2196999995554, 36.6185120000288], [24.1836750002012, 36.6204620000213], [24.1439239998927, 36.6204620000213], [24.1041729995843, 36.6204620000213], [24.0594530003557, 36.6185120000288], [24.0147320001817, 36.6165609999902]]}, "properties": {"OBJECTID": 6986, "catalog_id": "EUR_GRCS950", "catalog_na": "SHARE", "name": " ", "slip_type": "Normal", "Shape__Length": 0.24118355950739145}}, {"type": "Feature", "id": 7476, "geometry": {"type": "LineString", "coordinates": [[32.2552040002644, 37.749424999764], [32.1705919996211, 37.8033610004099], [32.0856299999246, 37.8575199996483], [32.0006300002743, 37.9117040000396], [31.915591999771, 37.965911999739], [31.8305150001672, 38.0201439996459], [31.7453999997103, 38.0744009998064], [31.660247000199, 38.1286810001281], [31.58027799963, 38.1876910000396], [31.5120170002844, 38.2552189997571], [31.443731999832, 38.3227709996819], [31.3754220000253, 38.3903469998143]]}, "properties": {"OBJECTID": 7476, "catalog_id": "EUR_TRCS203", "catalog_na": "SHARE", "name": " ", "slip_type": "Normal", "Shape__Length": 1.093098677828363}}, {"type": "Feature", "id": 1968, "geometry": {"type": "LineString", "coordinates": [[40.258100000015, 38.4646000002898], [40.2982800003218, 38.472665999936], [40.3384589996832, 38.4807329996283], [40.3786389999899, 38.4887990001738], [40.4189069998582, 38.4966380001437], [40.4591749997265, 38.5044780001596], [40.4994429995948, 38.5123170001295], [40.5408600002888, 38.5143959997756], [40.5822770000835, 38.516474000275], [40.6236939998782, 38.518552999921], [40.6648290001583, 38.5193020002872], [40.7059649995851, 38.5200509997539], [40.7470999998652, 38.5208000001199]]}, "properties": {"OBJECTID": 1968, "catalog_id": "ME_TRCS132", "catalog_na": "EMME", "name": " ", "slip_type": "Sinistral-Reverse", "Shape__Length": 0.4938498473607409}}, {"type": "Feature", "id": 7427, "geometry": {"type": "LineString", "coordinates": [[40.6895590002477, 39.1372680002181], [40.6813130003947, 39.0675540004169], [40.6228280004119, 39.0093279997874]]}, "properties": {"OBJECTID": 7427, "catalog_id": "EUR_TRCS154", "catalog_na": "SHARE", "name": " ", "slip_type": "Sinistral", "Shape__Length": 0.15272733094221236}}, {"type": "Feature", "id": 2017, "geometry": {"type": "LineString", "coordinates": [[30.9249230003962, 39.6224169996449], [30.98233500036, 39.6043900001984], [31.0397470003239, 39.5863629998526], [31.0971340000341, 39.5683439998758], [31.1545199996983, 39.5503239998528], [31.2118810000082, 39.5323130002448], [31.2692420003181, 39.5143019997375], [31.3266340002589, 39.4964039999447], [31.3840250001537, 39.4785050001057], [31.4412450002566, 39.4603419997835], [31.4984650003595, 39.4421790003606], [31.5503210004139, 39.4161640003684], [31.6021769995689, 39.39014800033], [31.6540060001768, 39.364147000084], [31.7058339998393, 39.338144999792], [31.7514580002866, 39.3152560000644], [31.7970809997884, 39.2923670003369]]}, "properties": {"OBJECTID": 2017, "catalog_id": "ME_TRCS196", "catalog_na": "EMME", "name": " ", "slip_type": "Dextral-Normal", "Shape__Length": 0.9352849402838017}}, {"type": "Feature", "id": 7378, "geometry": {"type": "LineString", "coordinates": [[43.6864130002598, 37.7465759996827], [43.7919059997622, 37.7290390003496], [43.8973689996797, 37.7115060003017], [44.0028090003352, 37.6939770004383]]}, "properties": {"OBJECTID": 7378, "catalog_id": "EUR_TRCS105", "catalog_na": "SHARE", "name": " ", "slip_type": "Dextral", "Shape__Length": 0.3207383413108418}}, {"type": "Feature", "id": 6935, "geometry": {"type": "LineString", "coordinates": [[23.5481319999919, 35.2239279998773], [23.6288500000275, 35.2166230002513], [23.69436100026, 35.2138839998468], [23.7447189995822, 35.2140999999151], [23.8089940003729, 35.2191610003799], [23.8780240001076, 35.2157100004163], [23.9481730001839, 35.203928000277], [24.0289330003577, 35.1928819999044], [24.0967829996358, 35.1919690000694], [24.1601000003148, 35.2088840003964], [24.2097290001932, 35.2069949996196], [24.2363589997681, 35.2069949996196], [24.2799360002463, 35.2069949996196], [24.3138290002082, 35.2107740003199], [24.3344070003828, 35.2164430000445], [24.3598259998701, 35.2164430000445], [24.3888769995739, 35.2107740003199], [24.4118759998776, 35.2069949996196], [24.4324540000521, 35.2022700002603], [24.4578739995854, 35.1956570001705], [24.4699790002308, 35.1852630001874], [24.4941879996765, 35.1710910004493], [24.5220290002382, 35.1569179997659], [24.5571320002417, 35.1418009996165]]}, "properties": {"OBJECTID": 6935, "catalog_id": "EUR_GRCS715", "catalog_na": "SHARE", "name": " ", "slip_type": "Normal", "Shape__Length": 1.0310941654753556}}, {"type": "Feature", "id": 7542, "geometry": {"type": "LineString", "coordinates": [[29.2578010001161, 37.629644999717], [29.1460299997847, 37.6126520002896]]}, "properties": {"OBJECTID": 7542, "catalog_id": "EUR_TRCS270", "catalog_na": "SHARE", "name": " ", "slip_type": "Normal", "Shape__Length": 0.11305537822065136}}, {"type": "Feature", "id": 1969, "geometry": {"type": "LineString", "coordinates": [[38.2230229998116, 37.9957190001318], [38.273897999593, 37.9831390000649], [38.3921999998302, 37.9834689999944], [38.5083060004216, 37.9908309995511], [38.6139079995546, 38.0296360003013], [38.7196950000243, 38.0682179997609], [38.8260669995924, 38.1058850001926], [38.9308129997202, 38.1463680000832], [39.0308250000737, 38.1937630003623], [39.1436040001246, 38.2177379998089], [39.2604469996294, 38.2168500002274], [39.3771059996422, 38.2116610001551], [39.486074000215, 38.2448419996586], [39.5903730004137, 38.2863439997758], [39.6928690002043, 38.3306139998363], [39.790484999783, 38.3812949996645], [39.8516999997552, 38.4595759997326], [39.9465620000364, 38.5135670002169], [40.0515790000708, 38.5545509998288], [40.133700000055, 38.5866000001899]]}, "properties": {"OBJECTID": 1969, "catalog_id": "ME_TRCS133", "catalog_na": "EMME", "name": " ", "slip_type": "Reverse", "Shape__Length": 2.0540985184694605}}, {"type": "Feature", "id": 7471, "geometry": {"type": "LineString", "coordinates": [[30.727257999657, 39.8173100002564], [30.6022539997223, 39.8518290003082], [30.4710479997654, 39.8766120001437], [30.3402149999224, 39.8507009995515]]}, "properties": {"OBJECTID": 7471, "catalog_id": "EUR_TRCS198", "catalog_na": "SHARE", "name": " ", "slip_type": "Dextral-Normal", "Shape__Length": 0.39658272339529665}}, {"type": "Feature", "id": 7565, "geometry": {"type": "LineString", "coordinates": [[29.3448760001273, 36.6310439996809], [29.224301000291, 36.6170530001959], [29.0886209999592, 36.6187439999357]]}, "properties": {"OBJECTID": 7565, "catalog_id": "EUR_TRCS293", "catalog_na": "SHARE", "name": " ", "slip_type": "Normal", "Shape__Length": 0.2570745506767876}}, {"type": "Feature", "id": 1946, "geometry": {"type": "LineString", "coordinates": [[42.4268129998201, 38.5258809997084], [42.5348499997278, 38.506924999689], [42.6428600001889, 38.4879739999002], [42.7535019997176, 38.4858679999083], [42.8590600004188, 38.511947000154], [42.9364269997063, 38.4500049999309], [42.9210369995579, 38.3642139997763], [43.0112430000644, 38.2666889998975], [43.1207999999201, 38.2770449999268]]}, "properties": {"OBJECTID": 1946, "catalog_id": "ME_TRCS107", "catalog_na": "EMME", "name": " ", "slip_type": "Reverse", "Shape__Length": 0.8679020610430607}}, {"type": "Feature", "id": 7448, "geometry": {"type": "LineString", "coordinates": [[36.2364990002287, 39.8786889996977], [36.1294849998329, 39.8402709997069], [36.0239160004231, 39.7993920004405], [35.9283930002368, 39.7459520001847]]}, "properties": {"OBJECTID": 7448, "catalog_id": "EUR_TRCS175", "catalog_na": "SHARE", "name": " ", "slip_type": "Sinistral", "Shape__Length": 0.3363638205863483}}, {"type": "Feature", "id": 6901, "geometry": {"type": "LineString", "coordinates": [[24.6872100003413, 38.1691569996958], [24.6504260001598, 38.1712960003102], [24.6136419999784, 38.1734350000253], [24.5618720002926, 38.1745049999059], [24.5101019997076, 38.1755739997403], [24.4678680000083, 38.1777130003547], [24.4256340003089, 38.1798520000698], [24.3888480000352, 38.1873379999488], [24.3520619997615, 38.1948239998278], [24.3220899998537, 38.2087269997513], [24.2921179999458, 38.2226289996287]]}, "properties": {"OBJECTID": 6901, "catalog_id": "EUR_GRCS488", "catalog_na": "SHARE", "name": " ", "slip_type": "Normal", "Shape__Length": 0.40298934102223777}}, {"type": "Feature", "id": 1852, "geometry": {"type": "LineString", "coordinates": [[25.7117290003931, 37.9702429998146], [25.7403390004446, 37.9467160003432], [25.7689489995967, 37.9231879999263], [25.7893850004175, 37.8985909996749], [25.809821000339, 37.8739940003229], [25.8370689996347, 37.8547450002816], [25.8643169998297, 37.8354950001942], [25.8874770003633, 37.8162460001528], [25.9106369999976, 37.7969960000654], [25.9406109999977, 37.7638440001006], [25.9705849999978, 37.7306910000896]]}, "properties": {"OBJECTID": 1852, "catalog_id": "ME_GRCS905", "catalog_na": "EMME", "name": " ", "slip_type": "Sinistral-Normal", "Shape__Length": 0.3543818127720975}}, {"type": "Feature", "id": 1923, "geometry": {"type": "LineString", "coordinates": [[41.7448619998814, 39.9745080000442], [41.8121049999459, 39.9909969996119], [41.8800019995927, 40.0448780004194], [41.9191560002492, 40.0757240001626], [41.9619410001771, 40.1036330002628], [42.0047260001049, 40.1315420003631], [42.0439379998389, 40.1602969999067], [42.0831499995729, 40.1890520003496]]}, "properties": {"OBJECTID": 1923, "catalog_id": "ME_TRCS083", "catalog_na": "EMME", "name": " ", "slip_type": "Sinistral", "Shape__Length": 0.405175297255661}}, {"type": "Feature", "id": 2184, "geometry": {"type": "LineString", "coordinates": [[44.6678759995777, 41.8390959999805], [44.7588420000583, 41.8311339997343], [44.878924999689, 41.8372830000105], [45.0064780002596, 41.8206039997748], [45.1356760002473, 41.7881450002916]]}, "properties": {"OBJECTID": 2184, "catalog_id": "ME_G17s4s1", "catalog_na": "EMME", "name": " ", "slip_type": "Reverse", "Shape__Length": 0.4734059987345807}}, {"type": "Feature", "id": 14109, "geometry": {"type": "LineString", "coordinates": [[29.0700000001, 35.3780000002998], [29.0805710001516, 35.3798189996472], [29.0911420002032, 35.3816379998938], [29.1017140003009, 35.3834550000483], [29.1122870004448, 35.3852720002027], [29.1228599996893, 35.3870870002649], [29.1334329998331, 35.3889020003271], [29.1440070000231, 35.3907150002971], [29.1545810002131, 35.3925280002671], [29.1651560004491, 35.3943400001909], [29.1757309997859, 35.3961510000686], [29.186307000068, 35.3979609999002], [29.1968830003502, 35.3997699996858], [29.2074599997792, 35.4015780003245], [29.2180370001075, 35.4033860000639], [29.2286149995826, 35.4051919997111], [29.239192999957, 35.4069970002114], [29.2497720003776, 35.4088019998125], [29.2603509998988, 35.4106050002206], [29.2709300003193, 35.4124079997295], [29.2815099998866, 35.4142090000454], [29.2920910003994, 35.4160100003613], [29.3026720000128, 35.4178099997317], [29.3132529996263, 35.4196089999554], [29.3238350001852, 35.421407000133], [29.3344169998447, 35.4232040002644], [29.3450000004497, 35.4250000003498]]}, "properties": {"OBJECTID": 14109, "catalog_id": "PB_5455.0", "catalog_na": "Bird 2003", "name": " ", "slip_type": "Subduction_Thrust", "Shape__Length": 0.278987522658613}}, {"type": "Feature", "id": 2109, "geometry": {"type": "LineString", "coordinates": [[27.2348380000737, 37.8342209998993], [27.2793470003638, 37.8318429999545], [27.3238549997085, 37.8294650000098], [27.3683639999987, 37.827087000065], [27.4120540002919, 37.8339989995542], [27.455744999732, 37.8409099998966], [27.4994350000253, 37.8478220002851]]}, "properties": {"OBJECTID": 2109, "catalog_id": "ME_TRCS332", "catalog_na": "EMME", "name": " ", "slip_type": "Sinistral-Normal", "Shape__Length": 0.2664174104783795}}, {"type": "Feature", "id": 7519, "geometry": {"type": "LineString", "coordinates": [[33.4816159999785, 39.7747889999125], [33.5579360004461, 39.7095729997941], [33.6361269999611, 39.6427569996359], [33.718011999854, 39.578678999836], [33.8170860001189, 39.5312370000875], [33.9124290000983, 39.4795230002863], [34.007724999709, 39.4278349998854], [34.0959210001541, 39.3691770000186], [34.1750620003111, 39.3033040001795], [34.2541679997535, 39.2374589998331], [34.3332410003719, 39.1716429999246], [34.4174100003713, 39.1098060000469], [34.5193899997487, 39.0671420003031], [34.6265929998671, 39.0331599998342], [34.7337509997089, 38.9991920000109], [34.8408650002197, 38.9652369998877], [34.9479349996006, 38.9312969995569]]}, "properties": {"OBJECTID": 7519, "catalog_id": "EUR_TRCS247", "catalog_na": "SHARE", "name": " ", "slip_type": "Dextral", "Shape__Length": 1.7131802962058411}}, {"type": "Feature", "id": 1900, "geometry": {"type": "LineString", "coordinates": [[37.8663270001909, 37.883325999895], [37.9096750000013, 37.8804620000213], [37.9679949995696, 37.8935880000862], [38.0166510004433, 37.9293069997183], [38.0951760000724, 37.9526549999284], [38.1569329998581, 37.9478529997162], [38.1924770004133, 37.9619149997775]]}, "properties": {"OBJECTID": 1900, "catalog_id": "ME_TRCS054", "catalog_na": "EMME", "name": " ", "slip_type": "Sinistral", "Shape__Length": 0.345671264317315}}, {"type": "Feature", "id": 2232, "geometry": {"type": "LineString", "coordinates": [[44.7599679998234, 42.4513069998183], [44.88880000002, 42.4363139999912], [44.9699900002384, 42.4259060002618], [45.0652469998492, 42.3945149996675], [45.1708150001122, 42.3002780003295], [45.269169000449, 42.2373349998105], [45.3813079997644, 42.1611900002184], [45.5630809996885, 42.0506200004127], [45.6644359999215, 42.013470999587], [45.7553459996182, 41.9919900000385], [45.8358190000469, 41.9809730001039], [45.9509869996504, 41.9486980001126], [46.2980100001614, 41.7884089998755]]}, "properties": {"OBJECTID": 2232, "catalog_id": "ME_G5s2s4", "catalog_na": "EMME", "name": " ", "slip_type": "Reverse", "Shape__Length": 1.7028851232936248}}, {"type": "Feature", "id": 6970, "geometry": {"type": "LineString", "coordinates": [[24.9215420003631, 38.6097619999164], [24.8833950002791, 38.5830269999961], [24.8452480001951, 38.5562910000297], [24.8180010000461, 38.5316939997783], [24.7907539998972, 38.5070970004263], [24.7689550000732, 38.4792919997261], [24.7471560002493, 38.4514869999252], [24.7185460001978, 38.4161960002453], [24.6899360001464, 38.3809039996199], [24.6645050001057, 38.3552380004334], [24.639073000019, 38.3295710003015], [24.6136419999784, 38.3039050002157]]}, "properties": {"OBJECTID": 6970, "catalog_id": "EUR_GRCS870", "catalog_na": "SHARE", "name": " ", "slip_type": "Sinistral", "Shape__Length": 0.4365019791882324}}, {"type": "Feature", "id": 7634, "geometry": {"type": "LineString", "coordinates": [[27.5028649999198, 38.4121370001225], [27.4057310000856, 38.4284770000136], [27.3209600002039, 38.4699220002002], [27.2361549996535, 38.5113850003175]]}, "properties": {"OBJECTID": 7634, "catalog_id": "EUR_TRCS369", "catalog_na": "SHARE", "name": " ", "slip_type": "Dextral-Normal", "Shape__Length": 0.2872572398575124}}, {"type": "Feature", "id": 2132, "geometry": {"type": "LineString", "coordinates": [[34.0233089998105, 41.0368050002506], [33.9771160001034, 41.0143669997373], [33.9309220003501, 40.9919290001233], [33.8833469998642, 40.9712390001798], [33.8357710002315, 40.9505500002824], [33.7882179998609, 40.9298699999006], [33.7406650003895, 40.9091900004182], [33.7019480001002, 40.8798400004158], [33.6632309998108, 40.8504890003671], [33.619857999747, 40.8346409997824], [33.5579890001923, 40.8221249999688]]}, "properties": {"OBJECTID": 2132, "catalog_id": "ME_TRCS376", "catalog_na": "EMME", "name": " ", "slip_type": "Dextral", "Shape__Length": 0.5166475976578551}}, {"type": "Feature", "id": 7657, "geometry": {"type": "LineString", "coordinates": [[27.7671709999418, 37.0023310003754], [27.8312479996955, 37.0552210004489], [27.8953450003715, 37.108128000407]]}, "properties": {"OBJECTID": 7657, "catalog_id": "EUR_TRCS392", "catalog_na": "SHARE", "name": " ", "slip_type": "Sinistral-Normal", "Shape__Length": 0.16619741153819045}}, {"type": "Feature", "id": 2155, "geometry": {"type": "LineString", "coordinates": [[27.9226189999669, 37.3022759999375], [27.8691900002184, 37.3136179995711], [27.8157609995705, 37.3249590000578], [27.7623170000296, 37.3363039998298], [27.7088729995893, 37.3476479995556], [27.6601769995689, 37.3685389997751], [27.6114810004478, 37.3894299999945], [27.5654469999791, 37.4130680000882], [27.5194130004097, 37.436707000228]]}, "properties": {"OBJECTID": 2155, "catalog_id": "ME_TRCS415", "catalog_na": "EMME", "name": " ", "slip_type": "Dextral-Normal", "Shape__Length": 0.42798164175154774}}, {"type": "Feature", "id": 7688, "geometry": {"type": "LineString", "coordinates": [[44.0201329997382, 40.0721010003609], [44.1172590001028, 40.0339170003693], [44.224572999944, 39.9917270000011], [44.3318350000852, 39.949557999702], [44.4390449996271, 39.9074090003252], [44.5276449998169, 39.8448620000813], [44.6223469999142, 39.787901000231], [44.7181179998458, 39.7320850001227], [44.8138390001698, 39.6762979995531], [44.9095120000788, 39.6205390002747]]}, "properties": {"OBJECTID": 7688, "catalog_id": "EUR_TRCS430", "catalog_na": "SHARE", "name": " ", "slip_type": "Dextral", "Shape__Length": 1.00146466995493}}, {"type": "Feature", "id": 1829, "geometry": {"type": "LineString", "coordinates": [[27.7207060002817, 42.628590999575], [27.6744219999754, 42.6245850000977], [27.6202710002066, 42.6235639997788], [27.5709579996121, 42.6165730002438], [27.5328379998738, 42.6145699996059], [27.4973389995952, 42.6077639996089], [27.4415909999248, 42.603023999558], [27.394218999807, 42.5990549999883], [27.3476709999168, 42.5983550000832], [27.2950729998191, 42.5951240003724], [27.2643399998911, 42.5919640003384], [27.2336069999631, 42.5888030002583], [27.1928679999583, 42.5814300001944]]}, "properties": {"OBJECTID": 1829, "catalog_id": "ME_BGCS044", "catalog_na": "EMME", "name": " ", "slip_type": "Normal", "Shape__Length": 0.5306703927154119}}, {"type": "Feature", "id": 7588, "geometry": {"type": "LineString", "coordinates": [[26.9793759996027, 38.7496229997017], [27.0454460004326, 38.8356190003167], [27.1115330002478, 38.9216380001936], [27.1776410001321, 39.0076840004164], [27.2437700000855, 39.0937570000855]]}, "properties": {"OBJECTID": 7588, "catalog_id": "EUR_TRCS317", "catalog_na": "SHARE", "name": " ", "slip_type": "Sinistral-Normal", "Shape__Length": 0.4339728075721899}}, {"type": "Feature", "id": 2178, "geometry": {"type": "LineString", "coordinates": [[25.0053970002714, 39.9848389998201], [25.0815009997714, 40.0066789997361], [25.2516179999708, 40.0535140002709], [25.3895339999942, 40.0922509996839], [25.5240780000997, 40.1235210000941], [25.6285120002287, 40.1615809997634], [25.7738180002006, 40.2120309997309], [25.9266589996132, 40.2473069996184], [26.0855890001323, 40.2723539999372], [26.2004990004286, 40.3157940003929], [26.3210279999423, 40.3712839998568], [26.4882719998529, 40.4510429997347], [26.5850529995963, 40.4915990002937], [26.6818330001929, 40.5321549999533], [26.8488800000121, 40.5954139997563], [26.9000669997923, 40.6169269998812], [26.9877109999627, 40.655204999711], [27.067007000073, 40.6828949996046], [27.1369139997813, 40.6999979996081], [27.2068200003428, 40.7154720000328], [27.336197999638, 40.7521200002379], [27.4243269996913, 40.7773839997718], [27.5013850000178, 40.7960800003918], [27.5756409997324, 40.8037790002007], [27.7101429996997, 40.8081779998149], [27.8810719995732, 40.8114769999636], [28.0260220002152, 40.8022400002758]]}, "properties": {"OBJECTID": 2178, "catalog_id": "ME_TRCS996", "catalog_na": "EMME", "name": " ", "slip_type": "Dextral-Normal", "Shape__Length": 3.15863569179482}}, {"type": "Feature", "id": 6947, "geometry": {"type": "LineString", "coordinates": [[26.245773000024, 34.9783849999678], [26.2606770002434, 35.0310410000422], [26.2805530004207, 35.0817460000779], [26.3016710003164, 35.1305020001672], [26.3227890002123, 35.1792570002104], [26.3426650003895, 35.2221620002762], [26.3625409996674, 35.2650660002957], [26.4072609997954, 35.3196720003626], [26.4383170002294, 35.3528250003735], [26.4693729997642, 35.3859790004306], [26.5016709999168, 35.4210829995808], [26.5339690000694, 35.4561869996304], [26.5687529997512, 35.5205439997059], [26.5836569999706, 35.5809999997502], [26.5894879999713, 35.6307230003662]]}, "properties": {"OBJECTID": 6947, "catalog_id": "EUR_GRCS760", "catalog_na": "SHARE", "name": " ", "slip_type": "Normal", "Shape__Length": 0.752345083535366}}, {"type": "Feature", "id": 7611, "geometry": {"type": "LineString", "coordinates": [[36.3165540002669, 37.3423760001523], [36.2103159996837, 37.2414990003786]]}, "properties": {"OBJECTID": 7611, "catalog_id": "EUR_TRCS342", "catalog_na": "SHARE", "name": " ", "slip_type": "Sinistral", "Shape__Length": 0.1465014738877134}}, {"type": "Feature", "id": 2201, "geometry": {"type": "LineString", "coordinates": [[42.530040000046, 42.7646840000666], [42.4169469999042, 42.7820119996541], [42.3735529997712, 42.7973510001486], [42.3364680000982, 42.8128200003428], [42.3342840001065, 42.8141359998766], [42.3042639997838, 42.8248930004117], [42.2099519996851, 42.8436229999016], [42.0913980004174, 42.8709890001423], [42.024165999961, 42.8844199998832], [41.9962810000682, 42.9035150000173], [41.9531650001647, 42.9093710002715], [41.8977190000319, 42.9087660002508], [41.8642000002299, 42.9097450004315]]}, "properties": {"OBJECTID": 2201, "catalog_id": "ME_G12s2s2", "catalog_na": "EMME", "name": " ", "slip_type": "Reverse", "Shape__Length": 0.6877354727700974}}, {"type": "Feature", "id": 7548, "geometry": {"type": "LineString", "coordinates": [[29.5155059997022, 37.2202639995839], [29.4571300002494, 37.2755620000863], [29.3987349999204, 37.3308760004271]]}, "properties": {"OBJECTID": 7548, "catalog_id": "EUR_TRCS276", "catalog_na": "SHARE", "name": " ", "slip_type": "Normal", "Shape__Length": 0.16084303255869092}}, {"type": "Feature", "id": 2046, "geometry": {"type": "LineString", "coordinates": [[32.71620000013, 39.1842999999451], [32.7184410000522, 39.2296250000937], [32.7206809999283, 39.2749500002424], [32.7229219998505, 39.320275000391], [32.7251629997727, 39.3656009996864], [32.7274039996949, 39.4109269998812], [32.729643999571, 39.4562520000298], [32.7318850003925, 39.5015770001785], [32.7341250002686, 39.5469030003732], [32.7363660001908, 39.5922289996686], [32.738607000113, 39.6375539998173], [32.7408480000352, 39.6828800000121], [32.7430879999113, 39.7282050001607], [32.7453289998335, 39.7735379997789], [32.7475699997557, 39.8188700002503]]}, "properties": {"OBJECTID": 2046, "catalog_id": "ME_TRCS237", "catalog_na": "EMME", "name": " ", "slip_type": "Sinistral", "Shape__Length": 0.6353449159317954}}, {"type": "Feature", "id": 1892, "geometry": {"type": "LineString", "coordinates": [[29.3482409997224, 40.2211320003416], [29.3006409998823, 40.2329209999043], [29.2530399999961, 40.2447100003663], [29.2054240003174, 40.2565030001134], [29.1578079997395, 40.2682949998144]]}, "properties": {"OBJECTID": 1892, "catalog_id": "ME_TRCS042", "catalog_na": "EMME", "name": " ", "slip_type": "Normal", "Shape__Length": 0.19618632980971984}}, {"type": "Feature", "id": 7442, "geometry": {"type": "LineString", "coordinates": [[35.8977410004468, 39.0152850002027], [35.9853360001563, 39.0662640002834], [36.0810759995578, 39.1214370004173], [36.1976799997323, 39.1410439998808], [36.3135809998633, 39.1631250001187], [36.4265339998443, 39.1931099997267], [36.5406230000515, 39.220501000221], [36.6523310001756, 39.2533570000256], [36.7532320001567, 39.3030049998809], [36.8559999999001, 39.3503970000216], [36.9588190001967, 39.3978130003698], [37.0610179997809, 39.4461099999766], [37.1561059996922, 39.5024829996908]]}, "properties": {"OBJECTID": 7442, "catalog_id": "EUR_TRCS169", "catalog_na": "SHARE", "name": " ", "slip_type": "Sinistral", "Shape__Length": 1.3611397269766854}}, {"type": "Feature", "id": 1952, "geometry": {"type": "LineString", "coordinates": [[40.3232050004105, 39.7847129998052], [40.4395080001941, 39.7861929997072], [40.5067940004428, 39.8049420000733], [40.5523749998064, 39.8342790003756], [40.5979560000694, 39.8636159997786], [40.647565999971, 39.8888489996817], [40.6971749998264, 39.9140819995847], [40.7459410003769, 39.940308000314], [40.7947059999819, 39.9665340001441], [40.8434959998406, 39.9927739997204], [40.8922859996992, 40.019014000196], [40.9408459997431, 40.0455410004169], [40.9922289995687, 40.0635990003936], [41.0453470002639, 40.0863819997296], [41.1055229999865, 40.1133990000639]]}, "properties": {"OBJECTID": 1952, "catalog_id": "ME_TRCS115", "catalog_na": "EMME", "name": " ", "slip_type": "Sinistral", "Shape__Length": 0.8609848195525021}}, {"type": "Feature", "id": 2284, "geometry": {"type": "LineString", "coordinates": [[44.7523160003832, 38.6630660001958], [44.8111219998805, 38.6078249996241], [44.9394239999177, 38.5490200001729], [45.0680959999305, 38.5042650002296]]}, "properties": {"OBJECTID": 2284, "catalog_id": "ME_IR149s2", "catalog_na": "EMME", "name": " ", "slip_type": "Dextral", "Shape__Length": 0.3580522442856148}}, {"type": "Feature", "id": 2247, "geometry": {"type": "LineString", "coordinates": [[43.6500580000767, 42.0992290000184], [43.538445999883, 42.0520550000383], [43.4209200003578, 41.9952229998416], [43.3189070003579, 41.9684819996446], [43.005364999695, 42.1072739995955], [42.938458999883, 42.122785999974], [42.883515000417, 42.1228690002043], [42.7939550000233, 42.1016429998247], [42.7558560003542, 42.1009039999197], [42.7292380004334, 42.0989600002039], [42.6937669996474, 42.0783779998449], [42.6445220003901, 42.0702789995762], [42.5760929995923, 42.0660139998463], [42.510601000236, 42.0577320001318], [42.4878040002545, 42.0586490001513], [42.4607760003122, 42.0467459998281], [42.4389579996121, 42.046967000127], [42.4027289998435, 42.0518070002929], [42.3654660000559, 42.0574669996024], [42.3364710002365, 42.0584780003595], [42.296891999766, 42.0531229998267], [42.2788749998814, 42.0313189997721], [42.2229880000962, 42.0490920000958], [42.1546909999897, 42.0470660001958]]}, "properties": {"OBJECTID": 2247, "catalog_id": "ME_G17s2s1", "catalog_na": "EMME", "name": " ", "slip_type": "Reverse", "Shape__Length": 1.5786352301207391}}, {"type": "Feature", "id": 7001, "geometry": {"type": "LineString", "coordinates": [[26.8971510002185, 36.1296520003396], [26.8597339996244, 36.1307380000587], [26.8223159998835, 36.1318239997778], [26.7848990001888, 36.1329100003962], [26.7459750002461, 36.1348600003888], [26.7070510003035, 36.1368110004274], [26.6681270003608, 36.1387610004199], [26.6147130004047, 36.1475370004323], [26.5784409995525, 36.1539359996467], [26.5421689995997, 36.1603339997143]]}, "properties": {"OBJECTID": 7001, "catalog_id": "EUR_GRCS981", "catalog_na": "SHARE", "name": " ", "slip_type": "Normal", "Shape__Length": 0.3570119879493006}}, {"type": "Feature", "id": 7594, "geometry": {"type": "LineString", "coordinates": [[27.4768000003198, 38.183460000079], [27.5847879997664, 38.1919529996313], [27.6927780002046, 38.2004460000829], [27.8007800002968, 38.2089399996813]]}, "properties": {"OBJECTID": 7594, "catalog_id": "EUR_TRCS323", "catalog_na": "SHARE", "name": " ", "slip_type": "Normal", "Shape__Length": 0.32498041597126975}}, {"type": "Feature", "id": 7605, "geometry": {"type": "LineString", "coordinates": [[28.8402069998532, 37.884995000419], [28.7827929997972, 37.921725999955], [28.6725220002901, 37.9252830003103], [28.5772980004024, 37.8813099995569], [28.46889099962, 37.8653009996415], [28.3611519999649, 37.8467809999432], [28.2533609997104, 37.8285429997597], [28.1465909997748, 37.8069769998887], [28.0364980003824, 37.8033909999947], [27.9265149997674, 37.7981959996457], [27.8261520003146, 37.7623230001064], [27.7161489996766, 37.7583149996375], [27.6073529998411, 37.7718169999546]]}, "properties": {"OBJECTID": 7605, "catalog_id": "EUR_TRCS336", "catalog_na": "SHARE", "name": " ", "slip_type": "Normal", "Shape__Length": 1.2670694784624397}}, {"type": "Feature", "id": 7408, "geometry": {"type": "LineString", "coordinates": [[43.5024789996062, 38.3745289997136], [43.412028000392, 38.3336670003318], [43.3017410001471, 38.3333350003101], [43.1934829999406, 38.3499149995776]]}, "properties": {"OBJECTID": 7408, "catalog_id": "EUR_TRCS135", "catalog_na": "SHARE", "name": " ", "slip_type": "Dextral-Reverse", "Shape__Length": 0.3190604150642434}}, {"type": "Feature", "id": 7310, "geometry": {"type": "LineString", "coordinates": [[27.5792400002259, 39.8895899996788], [27.7041599998842, 39.9502700001605]]}, "properties": {"OBJECTID": 7310, "catalog_id": "EUR_TRCS036", "catalog_na": "SHARE", "name": " ", "slip_type": "Dextral", "Shape__Length": 0.13887789159216016}}, {"type": "Feature", "id": 7396, "geometry": {"type": "LineString", "coordinates": [[42.9379390001848, 40.9914539998023], [42.997685999909, 41.0636509998938], [43.0618530002158, 41.1411889998725], [43.1233299996798, 41.2199840002614], [43.2133879996565, 41.2813459998181]]}, "properties": {"OBJECTID": 7396, "catalog_id": "EUR_TRCS123", "catalog_na": "SHARE", "name": " ", "slip_type": "Sinistral", "Shape__Length": 0.4032747707684543}}, {"type": "Feature", "id": 1986, "geometry": {"type": "LineString", "coordinates": [[39.02897400015, 39.2532769999336], [39.0706510002435, 39.2794160002483], [39.112328000337, 39.3055539996174], [39.1579909998848, 39.3273769996489], [39.2036530002858, 39.3491999996803], [39.2502869996454, 39.3459700000155], [39.2969209999043, 39.3427400003508]]}, "properties": {"OBJECTID": 1986, "catalog_id": "ME_TRCS161", "catalog_na": "EMME", "name": " ", "slip_type": "Sinistral", "Shape__Length": 0.29310109356338604}}, {"type": "Feature", "id": 6964, "geometry": {"type": "LineString", "coordinates": [[26.0017160002932, 38.9741400003608], [26.020850999574, 38.9897119999089], [26.0589290000734, 39.0196019996326], [26.0945299996598, 39.0506600001589], [26.1342910004294, 39.0864710004363], [26.1628380002736, 39.111538999925], [26.1913840000716, 39.1366060002667], [26.2153429996798, 39.1600820000843], [26.2393010001411, 39.1835569998557], [26.265808000339, 39.2209599998042], [26.2770230004112, 39.2543829996757], [26.2912960003102, 39.2886020002821], [26.3116869999552, 39.325208000349], [26.3330959997806, 39.3570399996963], [26.3545059996522, 39.3793220002102]]}, "properties": {"OBJECTID": 6964, "catalog_id": "EUR_GRCS850", "catalog_na": "SHARE", "name": " ", "slip_type": "Sinistral", "Shape__Length": 0.5462388573411554}}, {"type": "Feature", "id": 2138, "geometry": {"type": "LineString", "coordinates": [[31.4909039997199, 36.9245900000286], [31.5313020001872, 36.9001550000532], [31.5716999997553, 36.875720000078], [31.6120820003841, 36.8512949996646], [31.6524630000674, 36.8268690001043], [31.6928300000046, 36.8024520000598], [31.7331969999416, 36.7780350000153]]}, "properties": {"OBJECTID": 2138, "catalog_id": "ME_TRCS386", "catalog_na": "EMME", "name": " ", "slip_type": "Sinistral-Normal", "Shape__Length": 0.28316826445340376}}, {"type": "Feature", "id": 7456, "geometry": {"type": "LineString", "coordinates": [[35.1078960000004, 38.8911679998034], [35.2230790002957, 38.8865069997983], [35.3367799996973, 38.9064409999522]]}, "properties": {"OBJECTID": 7456, "catalog_id": "EUR_TRCS183", "catalog_na": "SHARE", "name": " ", "slip_type": "Sinistral", "Shape__Length": 0.2307124514906772}}, {"type": "Feature", "id": 7302, "geometry": {"type": "LineString", "coordinates": [[29.9689540004268, 40.3743069998682], [29.8804639999137, 40.3296350001552], [29.77509099965, 40.2829680001731], [29.6698490000314, 40.2362260003297], [29.5593509999487, 40.1972980002026], [29.4474570002404, 40.1608769996739]]}, "properties": {"OBJECTID": 7302, "catalog_id": "EUR_TRCS028", "catalog_na": "SHARE", "name": " ", "slip_type": "Dextral", "Shape__Length": 0.5643528624491327}}, {"type": "Feature", "id": 2038, "geometry": {"type": "LineString", "coordinates": [[30.6356720002627, 38.6586539999822], [30.5966450000668, 38.6827220001202], [30.5576179998708, 38.7067890002123], [30.5216410000322, 38.7336169999247], [30.4856640001935, 38.7604449996371], [30.4525599997443, 38.7892679996185], [30.4194560001943, 38.8180909996]]}, "properties": {"OBJECTID": 2038, "catalog_id": "ME_TRCS223", "catalog_na": "EMME", "name": " ", "slip_type": "Dextral-Normal", "Shape__Length": 0.26924696842471396}}, {"type": "Feature", "id": 7651, "geometry": {"type": "LineString", "coordinates": [[31.7331969999416, 36.7780350000153], [31.6524630000674, 36.8268690001043], [31.5716999997553, 36.875720000078], [31.4909039997199, 36.9245900000286]]}, "properties": {"OBJECTID": 7651, "catalog_id": "EUR_TRCS386", "catalog_na": "SHARE", "name": " ", "slip_type": "Sinistral-Normal", "Shape__Length": 0.28316826444341814}}, {"type": "Feature", "id": 7694, "geometry": {"type": "LineString", "coordinates": [[33.0498479998853, 40.5208809998583], [33.1260330004227, 40.544519999998]]}, "properties": {"OBJECTID": 7694, "catalog_id": "EUR_TRCS436", "catalog_na": "SHARE", "name": " ", "slip_type": "Dextral", "Shape__Length": 0.07976814298002644}}, {"type": "Feature", "id": 7356, "geometry": {"type": "LineString", "coordinates": [[42.0831499995729, 40.1890520003496], [42.0047260001049, 40.1315420003631], [41.9191560002492, 40.0757240001626], [41.8408479998354, 40.014031999777]]}, "properties": {"OBJECTID": 7356, "catalog_id": "EUR_TRCS083", "catalog_na": "SHARE", "name": " ", "slip_type": "Sinistral", "Shape__Length": 0.2991064913633448}}, {"type": "Feature", "id": 2192, "geometry": {"type": "LineString", "coordinates": [[43.4594340002789, 42.4978969998467], [43.5213969996718, 42.4690939998882], [43.5532499999875, 42.4523969997218], [43.5771810001031, 42.4409479996505], [43.6022369999376, 42.4331489997266], [43.629964999785, 42.4244479995756], [43.6578460003927, 42.4190099997118], [43.690041000292, 42.4106069998132], [43.7144869998752, 42.3974920002557], [43.7363099999066, 42.3888690001043], [43.7540870004148, 42.3897949996395], [43.7721970000915, 42.3883830001754], [43.7914799999022, 42.3848069998432], [43.8155520002247, 42.3862560001144], [43.8443180002756, 42.3949669998273]]}, "properties": {"OBJECTID": 2192, "catalog_id": "ME_G13s5s1", "catalog_na": "EMME", "name": " ", "slip_type": "Reverse", "Shape__Length": 0.4087617932651974}}, {"type": "Feature", "id": 1846, "geometry": {"type": "LineString", "coordinates": [[25.4319000003848, 38.6003639999986], [25.4625219996906, 38.6195940000631], [25.4931439998957, 38.6388230000815], [25.5237660001009, 38.6580530001459], [25.5564300000445, 38.6796869995554], [25.5890939999882, 38.7013209998643], [25.619511999779, 38.7213980003175], [25.6499299995698, 38.7414749998714], [25.671981000223, 38.7575760004322], [25.6940309999308, 38.7736770000935], [25.7212099996418, 38.7913890003022], [25.7483890002522, 38.8091009996115], [25.7776190001168, 38.8268129998202], [25.8068489999814, 38.8445239999826], [25.8327069999282, 38.8598289998085], [25.858565999921, 38.8751339996344]]}, "properties": {"OBJECTID": 1846, "catalog_id": "ME_GRCS853", "catalog_na": "EMME", "name": " ", "slip_type": "Dextral", "Shape__Length": 0.5076674176899055}}, {"type": "Feature", "id": 7502, "geometry": {"type": "LineString", "coordinates": [[28.7396690004241, 39.1632539997723], [28.8169700002654, 39.2011299999496]]}, "properties": {"OBJECTID": 7502, "catalog_id": "EUR_TRCS230", "catalog_na": "SHARE", "name": " ", "slip_type": "Sinistral-Normal", "Shape__Length": 0.08608156577275537}}, {"type": "Feature", "id": 2092, "geometry": {"type": "LineString", "coordinates": [[29.6449039999197, 37.6807160004431], [29.6841939996534, 37.7090630000575], [29.7234840002864, 37.7374099996718], [29.7744509998138, 37.7494829997407], [29.8254170001945, 37.7615549997635], [29.8696919995862, 37.7849090002502], [29.9139669998772, 37.8082619997915], [29.9644379999138, 37.8216900002934], [30.0149089999504, 37.8351169998497], [30.0528949998044, 37.8646209997594], [30.0908799996124, 37.8941239996229], [30.0967749998664, 37.9359349996006], [30.1026700001204, 37.9777459995782], [30.112460000129, 38.0014669999022]]}, "properties": {"OBJECTID": 2092, "catalog_id": "ME_TRCS304", "catalog_na": "EMME", "name": " ", "slip_type": "Normal", "Shape__Length": 0.6125225796104005}}, {"type": "Feature", "id": 7007, "geometry": {"type": "LineString", "coordinates": [[24.9402600001989, 39.6707209995745], [25.0611160004032, 39.7633999999101], [25.14930399958, 39.8310269996963], [25.2018609995855, 39.8720049999309], [25.2248409999123, 39.8926210000591], [25.247821000239, 39.9132360001414], [25.2911550003031, 39.9431290000034], [25.3128220003351, 39.9601370001225], [25.3344890003671, 39.9771440001955], [25.3660040003844, 39.9967290004431], [25.3935809995635, 40.0106450000667], [25.4211569995959, 40.0245599996443], [25.4513590002177, 40.0420830001304]]}, "properties": {"OBJECTID": 7007, "catalog_id": "EUR_GRCS999", "catalog_na": "SHARE", "name": " ", "slip_type": "Sinistral", "Shape__Length": 0.633355059323482}}, {"type": "Feature", "id": 7697, "geometry": {"type": "LineString", "coordinates": [[33.4981309998458, 36.5827799997972], [33.5874780003095, 36.6345310004054], [33.6768500001274, 36.6862969999067], [33.7662619999913, 36.7380859995693], [33.8557139999012, 36.7898980002925], [33.9452059998571, 36.8417330002778], [34.0347379998589, 36.8935910004244], [34.1243099999066, 36.9454729998791], [34.2139220000004, 36.9973780003945], [34.3035750001862, 37.0493060001718], [34.3932680004179, 37.1012580001566], [34.4830019998425, 37.1532330003027]]}, "properties": {"OBJECTID": 7697, "catalog_id": "EUR_TRCS439", "catalog_na": "SHARE", "name": " ", "slip_type": "Sinistral", "Shape__Length": 1.13815091812527}}, {"type": "Feature", "id": 7648, "geometry": {"type": "LineString", "coordinates": [[31.5071679997035, 37.1215919998709], [31.4316389997401, 37.2304719999829]]}, "properties": {"OBJECTID": 7648, "catalog_id": "EUR_TRCS383", "catalog_na": "SHARE", "name": " ", "slip_type": "Normal", "Shape__Length": 0.13251220419208698}}, {"type": "Feature", "id": 1992, "geometry": {"type": "LineString", "coordinates": [[37.0433659996412, 39.3937300000395], [36.8559999999001, 39.3503970000216], [36.7532320001567, 39.3030049998809], [36.6523310001756, 39.2533570000256], [36.5406230000515, 39.220501000221], [36.4265339998443, 39.1931099997267], [36.3135809998633, 39.1631250001187], [36.1976799997323, 39.1410439998808], [36.0810759995578, 39.1214370004173], [35.9853360001563, 39.0662640002834], [35.8977410004468, 39.0152850002027]]}, "properties": {"OBJECTID": 1992, "catalog_id": "ME_TRCS169", "catalog_na": "EMME", "name": " ", "slip_type": "Sinistral", "Shape__Length": 1.2166468936966712}}, {"type": "Feature", "id": 7402, "geometry": {"type": "LineString", "coordinates": [[44.4728000004197, 37.1013000002948], [44.4338949995546, 37.1381210003839], [44.3629759999425, 37.2052410001721], [44.2920320000768, 37.2723860002138], [44.2210599998192, 37.3395549995636], [44.1500620001613, 37.4067500001125], [44.0790380002036, 37.4739700000155], [44.0079879999463, 37.541214000126], [43.9369120002887, 37.6084829995908], [43.8262919999759, 37.6042060002068], [43.7366969997668, 37.5526610001051], [43.6465969996519, 37.5017460002778], [43.5363749997065, 37.4945910003744], [43.4297569995859, 37.517925999985], [43.3231069997883, 37.5412669998722], [43.2164270004058, 37.5646150000823], [43.1097159995937, 37.5879699997158], [43.0029740000501, 37.6113319996721], [42.8961999999301, 37.6346999999051]]}, "properties": {"OBJECTID": 7402, "catalog_id": "EUR_TRCS129", "catalog_na": "SHARE", "name": " ", "slip_type": "Reverse", "Shape__Length": 1.8211812568431185}}, {"type": "Feature", "id": 2238, "geometry": {"type": "LineString", "coordinates": [[44.3370650002496, 42.1594390004096], [44.3216380001936, 42.1604949996446], [44.2838389999699, 42.1699060001619], [44.2025250003285, 42.2045339998443], [44.1317280000472, 42.2661310003455], [44.1110689997346, 42.308914000181], [44.0449629999425, 42.3425530001209], [43.9698680002081, 42.4242850001527]]}, "properties": {"OBJECTID": 2238, "catalog_id": "ME_G9s2s1", "catalog_na": "EMME", "name": " ", "slip_type": "Reverse", "Shape__Length": 0.469313871088845}}, {"type": "Feature", "id": 7293, "geometry": {"type": "LineString", "coordinates": [[29.0356000001399, 40.6453999999101], [28.9364439996909, 40.6103450003216], [28.8251400002109, 40.5709949996196], [28.7138889995777, 40.5316649998399], [28.5955460001479, 40.5562539997223], [28.4956509997938, 40.6104400002059], [28.3957019996476, 40.6646550002282], [28.2956999997552, 40.7188999998352]]}, "properties": {"OBJECTID": 7293, "catalog_id": "EUR_TRCS015", "catalog_na": "SHARE", "name": " ", "slip_type": "Dextral-Normal", "Shape__Length": 0.8032120224336896}}, {"type": "Feature", "id": 6961, "geometry": {"type": "LineString", "coordinates": [[24.7242060004066, 39.2981319999919], [24.7661799998072, 39.2942190003067], [24.8081530000609, 39.290304999676], [24.8535380002785, 39.2890409998423], [24.8989219995507, 39.2877780000547], [24.9438029999085, 39.288621000259], [24.9886830002204, 39.289463999564], [25.0271980001876, 39.2933620003561], [25.0657120001088, 39.2972600002489], [25.1064190004366, 39.3041010000612], [25.1471259998651, 39.3109409998273]]}, "properties": {"OBJECTID": 6961, "catalog_id": "EUR_GRCS838", "catalog_na": "SHARE", "name": " ", "slip_type": "Normal", "Shape__Length": 0.4248700937528626}}, {"type": "Feature", "id": 7459, "geometry": {"type": "LineString", "coordinates": [[36.9076939996784, 39.7054759997177], [37.0368209999892, 39.7052849999029], [37.1313809998333, 39.7762960001604], [37.2231579999418, 39.8495090003402]]}, "properties": {"OBJECTID": 7459, "catalog_id": "EUR_TRCS186", "catalog_na": "SHARE", "name": " ", "slip_type": "Sinistral-Normal", "Shape__Length": 0.36478347244755466}}, {"type": "Feature", "id": 2218, "geometry": {"type": "LineString", "coordinates": [[43.2737600003238, 41.9491209998343], [43.1299930002768, 42.001515000417], [43.1011530004107, 42.0185099999366], [43.0958450002466, 42.0216380002935], [43.0606099995519, 42.0424010000062], [43.0287309998358, 42.0541149997075], [42.9872180001107, 42.0666719996132], [42.9743680001831, 42.0827890000124], [42.9590980001726, 42.0886470003588], [42.9373350002102, 42.0831499995729], [42.9264059998371, 42.0819320000618], [42.9098279997625, 42.0857170001395], [42.8921819998994, 42.0802869997453], [42.8634070003329, 42.0797540003469], [42.8448810003579, 42.0600010004459], [42.8216290000784, 42.0585409996675], [42.7912840000566, 42.0640890001073], [42.7666629995978, 42.0625910002745], [42.7273780000947, 42.0495620001862], [42.6840759997077, 42.0343969996219], [42.6282869999451, 42.0240639997538], [42.5708380000737, 42.0218409997624], [42.5474919999559, 42.0233870000101], [42.5158929996622, 42.0257710002315], [42.4871099997268, 42.0261659995613], [42.4679080000542, 42.0267650002046], [42.4362230002913, 42.0311680000033], [42.4074800004017, 42.0305219998904], [42.3750090003651, 42.0205909996749], [42.3473900001484, 42.013530999656], [42.287997999708, 42.0108100000815], [42.2965609997904, 41.9918629995778], [42.2193569999257, 41.9744250003135]]}, "properties": {"OBJECTID": 2218, "catalog_id": "ME_G20s1s2", "catalog_na": "EMME", "name": " ", "slip_type": "Reverse", "Shape__Length": 1.1386159611649442}}, {"type": "Feature", "id": 7602, "geometry": {"type": "LineString", "coordinates": [[27.4994350000253, 37.8478220002851], [27.3683639999987, 37.827087000065], [27.2348380000737, 37.8342209998993]]}, "properties": {"OBJECTID": 7602, "catalog_id": "EUR_TRCS332", "catalog_na": "SHARE", "name": " ", "slip_type": "Sinistral-Normal", "Shape__Length": 0.26641741046850564}}, {"type": "Feature", "id": 2075, "geometry": {"type": "LineString", "coordinates": [[29.7563559999295, 38.3711559997496], [29.7433160002333, 38.4014910002095], [29.7302749995916, 38.431824999724], [29.7172349998954, 38.4621600001839], [29.7232779997799, 38.493817999601], [29.7293199996183, 38.5254749998714], [29.7353630004022, 38.5571330001878], [29.7438610001851, 38.5884469999291], [29.752358999968, 38.6197599996244], [29.7608569997508, 38.6510740002649], [29.7904270000061, 38.6718939999082], [29.8199980003075, 38.6927139995515], [29.8495679996635, 38.7135340000941]]}, "properties": {"OBJECTID": 2075, "catalog_id": "ME_TRCS277", "catalog_na": "EMME", "name": " ", "slip_type": "Normal", "Shape__Length": 0.4015766847019949}}, {"type": "Feature", "id": 7436, "geometry": {"type": "LineString", "coordinates": [[38.3493980000177, 38.9681110002225], [38.4539520002846, 39.0316620000013], [38.5585629995828, 39.0952470004488], [38.663231999757, 39.1588669998122]]}, "properties": {"OBJECTID": 7436, "catalog_id": "EUR_TRCS163", "catalog_na": "SHARE", "name": " ", "slip_type": "Sinistral", "Shape__Length": 0.3672596231180153}}, {"type": "Feature", "id": 14100, "geometry": {"type": "LineString", "coordinates": [[23.8739999998002, 34.628], [23.8837489997166, 34.6241359998766], [23.8934969995869, 34.620271999753], [23.9032450003565, 34.6164069995834], [23.9129910001346, 34.612541000267], [23.9227369999127, 34.6086750000513], [23.9324809995985, 34.6048069997433], [23.9422250001837, 34.6009390003347], [23.9519679998234, 34.5970699999806], [23.9617100003163, 34.5931999995803], [23.9714509998638, 34.5893300000795], [23.9811910002645, 34.585457999587], [23.9909299997198, 34.5815859999939], [24.0006690000744, 34.5777130003547], [24.0104060003367, 34.5738399998162], [24.0201429996997, 34.5699650000847], [24.0298779998698, 34.5660900003533], [24.03961300004, 34.5622139996764], [24.049347000164, 34.5583369998527], [24.0590800002419, 34.5544600000291], [24.0688120002736, 34.5505810001131], [24.0785430002593, 34.5467020001972], [24.0882730001989, 34.5428220002352], [24.0980020000923, 34.5389420002732], [24.1077309999857, 34.5350600002189], [24.1174579997869, 34.5311780001646], [24.1271849995881, 34.5272950000643], [24.1369110002425, 34.5234109999178], [24.1466349999054, 34.5195259997251], [24.1563589995682, 34.5156410004319], [24.1660820000843, 34.5117550001931], [24.1758039996549, 34.5078679999083], [24.1855250000788, 34.5039799995774], [24.1952459996032, 34.5000920001457], [24.2049649999349, 34.4962029997687], [24.2146840002665, 34.4923130002448], [24.2244009996065, 34.4884219997755], [24.2341179998459, 34.4845300001595], [24.2438340000391, 34.480637999644], [24.2535480001401, 34.4767449999818], [24.2632620002412, 34.4728510002735], [24.2729750002961, 34.4689569996659], [24.282688000351, 34.4650609998653], [24.2923990003137, 34.4611650000647], [24.3021090002302, 34.4572680002181], [24.3118190001468, 34.4533700003253], [24.3215269999711, 34.4494720004325], [24.3312349997955, 34.4455720004475], [24.3409410004269, 34.4416719995632], [24.350647000159, 34.4377719995782], [24.360351999845, 34.4338700004002], [24.3700560003842, 34.429968000323], [24.3797589999779, 34.4260640001535], [24.3894619995717, 34.422159999984], [24.3991629999725, 34.4182559998146], [24.4088630003272, 34.4143499995529], [24.4185629997826, 34.4104440001905], [24.4282610000452, 34.4065369998827], [24.4379590003077, 34.4026290004281], [24.4476559996247, 34.3987210000741], [24.457351999795, 34.394810999628], [24.4670469999191, 34.3909010000812], [24.4767409999972, 34.3869899995889], [24.4864340000291, 34.3830789999959], [24.4961270000611, 34.3791660003107], [24.5058180000008, 34.3752529997262], [24.5155079998943, 34.3713389999949], [24.5251979997879, 34.3674250002636], [24.5348869996354, 34.36350900044], [24.5445750003361, 34.3595929997172], [24.5542610000452, 34.3556759998476], [24.5639469997543, 34.3517579999318], [24.5736330003627, 34.34783899997], [24.5833169999796, 34.343920000008], [24.5929999995504, 34.34]]}, "properties": {"OBJECTID": 14100, "catalog_id": "PB_5446.0", "catalog_na": "Bird 2003", "name": " ", "slip_type": "Subduction_Thrust", "Shape__Length": 0.7745371396143222}}, {"type": "Feature", "id": 6938, "geometry": {"type": "LineString", "coordinates": [[24.1394820000943, 35.0723500002524], [24.1728219997356, 35.0746330003128], [24.2061620002762, 35.0769150003271], [24.2395019999174, 35.0764589999829], [24.2728419995587, 35.0760019995927], [24.3044280001521, 35.0718929998621], [24.3360129998002, 35.0677840001316], [24.3769580003115, 35.0495209996944], [24.407372999964, 35.0285199997982], [24.4494870004248, 35.0093440004254], [24.4939409999772, 34.9856030000785], [24.5255259996252, 34.9664259997601], [24.5641310001456, 34.9472510004334], [24.5939619998464, 34.9372070004028], [24.6237920004006, 34.9271630003722], [24.6717549998934, 34.908898999889]]}, "properties": {"OBJECTID": 6938, "catalog_id": "EUR_GRCS725", "catalog_na": "SHARE", "name": " ", "slip_type": "Normal", "Shape__Length": 0.5700211471117647}}, {"type": "Feature", "id": 2241, "geometry": {"type": "LineString", "coordinates": [[43.3741469999841, 42.8623969996219], [43.4287879998664, 42.8599480000003], [43.4779780001846, 42.8516030000785], [43.5430419995886, 42.8370049995811], [43.6100840002765, 42.8108110003275], [43.6560240000076, 42.7881929996073], [43.7020649998999, 42.7591219998804], [43.7390230000115, 42.7453770000486], [43.779556999556, 42.7265099996368], [43.8076799996323, 42.7165099998367], [43.8864020002522, 42.7054489996717], [43.9974390000099, 42.7028759997277], [44.162042000438, 42.7068969998967], [44.310753000051, 42.7159849999078], [44.4254139996564, 42.7175170004093], [44.521952999931, 42.7067919995512], [44.6562660001758, 42.700670999667], [44.7439969998617, 42.698259999999], [44.8764360000214, 42.714324999799], [44.9570329998731, 42.6866539998823], [45.028617999621, 42.6694929999021], [45.0769069997583, 42.6509849998579], [45.132311999799, 42.6284860001289], [45.1770040004344, 42.6244649999599], [45.2020539999921, 42.6297049996861], [45.2823719995682, 42.5965240001825], [45.6584479998754, 42.4985860001439], [45.7027739998203, 42.473234000149], [45.7329110001426, 42.45719999998], [45.7808910004194, 42.44367799964]]}, "properties": {"OBJECTID": 2241, "catalog_id": "ME_G1s2s8", "catalog_na": "EMME", "name": " ", "slip_type": "Reverse", "Shape__Length": 2.4859039509521526}}, {"type": "Feature", "id": 1840, "geometry": {"type": "LineString", "coordinates": [[27.0525539999672, 35.6187949997895], [27.0774050002406, 35.660765999951], [27.0945850001976, 35.7014360003712], [27.1099809997234, 35.7414740004248], [27.1150709997269, 35.7878220000853], [27.1263500000525, 35.8420339999692], [27.137467000102, 35.8909049999658], [27.1443239997528, 35.9365070002979], [27.146360000114, 35.9828549999583], [27.1616300001244, 36.0331970003413], [27.1758819999544, 36.0739510001386], [27.1840129999001, 36.1039080002541], [27.1883349995607, 36.1357560003392], [27.1924389999599, 36.1578019998624], [27.1975289999634, 36.1785780001746]]}, "properties": {"OBJECTID": 1840, "catalog_id": "ME_GRCS780", "catalog_na": "EMME", "name": " ", "slip_type": "Normal", "Shape__Length": 0.5832257116317964}}, {"type": "Feature", "id": 7508, "geometry": {"type": "LineString", "coordinates": [[33.0891100001265, 38.937140000111], [33.0972149997725, 39.0228540003119], [33.1059220002002, 39.1149370001425], [33.1326869997053, 39.2049079997045], [33.165391999741, 39.293697999663], [33.2074919995562, 39.3800949998844], [33.2493119999489, 39.4665880000362], [33.2911389997651, 39.5530949999343], [33.3334130004097, 39.6394879999713], [33.3783040003294, 39.7251139997114], [33.4232029997187, 39.8107550001432], [33.4681100003763, 39.8964100003213]]}, "properties": {"OBJECTID": 7508, "catalog_id": "EUR_TRCS236", "catalog_na": "SHARE", "name": " ", "slip_type": "Sinistral-Normal", "Shape__Length": 1.0416203029930284}}, {"type": "Feature", "id": 2098, "geometry": {"type": "LineString", "coordinates": [[31.8446499999976, 38.4465250004285], [31.8478809997084, 38.4145659997212], [31.8511110002725, 38.3826069999132], [31.8543419999834, 38.3506480001052], [31.8674690000943, 38.3202890003371], [31.8805970002514, 38.2899289996237], [31.8937240003624, 38.2595699998557], [31.9222560004142, 38.2386940003279], [31.9507889996127, 38.2178189999469], [31.9793209996645, 38.1969430004192]]}, "properties": {"OBJECTID": 2098, "catalog_id": "ME_TRCS314", "catalog_na": "EMME", "name": " ", "slip_type": "Normal", "Shape__Length": 0.30165460882729134}}, {"type": "Feature", "id": 1912, "geometry": {"type": "LineString", "coordinates": [[36.820100000015, 37.5968000004198], [36.8734260004097, 37.6004699996908], [36.926752999951, 37.6041399998612], [36.980084999723, 37.6078110000776], [37.0334160003482, 37.611481000248], [37.0866530002358, 37.6159759997926], [37.1398890000773, 37.6204710002365], [37.1834940000481, 37.6408359995818], [37.227100000065, 37.6611999997802]]}, "properties": {"OBJECTID": 1912, "catalog_id": "ME_TRCS071", "catalog_na": "EMME", "name": " ", "slip_type": "Sinistral-Reverse", "Shape__Length": 0.4169252998457604}}, {"type": "Feature", "id": 1863, "geometry": {"type": "LineString", "coordinates": [[36.3831680001032, 40.5491999999801], [36.5016539998323, 40.5395360003861], [36.6197040001396, 40.5519190003616], [36.7339230000464, 40.5261269998612], [36.8527730003737, 40.5199239997928], [36.9704430002443, 40.5058789996162], [37.0636859996092, 40.4495819998095], [37.1772930000719, 40.4226909998898], [37.2908580003964, 40.3958100004313], [37.4043819997295, 40.3689389996352], [37.5178639998238, 40.3420770001535], [37.6313049998259, 40.3152260002797], [37.744704999736, 40.2883839999217], [37.8580309998308, 40.2614709998868], [37.9694910002095, 40.2304449999369], [38.0809070003579, 40.1994319996871], [38.1922780002296, 40.1684309999907], [38.3006209998593, 40.1317920002007], [38.4069649999349, 40.0919720003076], [38.5132590004026, 40.0521700003453], [38.6270040000346, 40.0273329998182], [38.7404979997829, 40.0019470000541], [38.8539530004307, 39.9765699998057], [38.9671210004338, 39.950560000044], [39.0786300003743, 39.9207349997205], [39.1900970001765, 39.8909209999043], [39.3053469999641, 39.8617439997858], [39.4017880002161, 39.8241809996534], [39.498067000192, 39.7795409996175], [39.603050999604, 39.7384660003057], [39.7086799999821, 39.6984820000443]]}, "properties": {"OBJECTID": 1863, "catalog_id": "ME_TRCS003", "catalog_na": "EMME", "name": " ", "slip_type": "Dextral", "Shape__Length": 3.45590499889061}}, {"type": "Feature", "id": 2055, "geometry": {"type": "LineString", "coordinates": [[34.9479349996006, 38.9312969995569], [34.8408650002197, 38.9652369998877], [34.7337509997089, 38.9991920000109], [34.6265929998671, 39.0331599998342], [34.5193899997487, 39.0671420003031], [34.4174100003713, 39.1098060000469], [34.3332410003719, 39.1716429999246], [34.2541679997535, 39.2374589998331], [34.1750620003111, 39.3033040001795], [34.0959210001541, 39.3691770000186], [34.007724999709, 39.4278349998854], [33.9124290000983, 39.4795230002863], [33.8170860001189, 39.5312370000875], [33.718011999854, 39.578678999836], [33.6361269999611, 39.6427569996359], [33.5579360004461, 39.7095729997941], [33.4816159999785, 39.7747889999125]]}, "properties": {"OBJECTID": 2055, "catalog_id": "ME_TRCS247", "catalog_na": "EMME", "name": " ", "slip_type": "Dextral", "Shape__Length": 1.7131802962058411}}, {"type": "Feature", "id": 7385, "geometry": {"type": "LineString", "coordinates": [[42.0019099997468, 38.6856300002244], [41.9158079996395, 38.7405169997598], [41.8250570000806, 38.798367000137], [41.7342620002912, 38.8562460000529], [41.6434230002713, 38.9141530003607], [41.5455610001401, 38.9647390003047], [41.431463999564, 38.9428160001584], [41.3173999996104, 38.9209000003348]]}, "properties": {"OBJECTID": 7385, "catalog_id": "EUR_TRCS112", "catalog_na": "SHARE", "name": " ", "slip_type": "Reverse", "Shape__Length": 0.7676277879984271}}, {"type": "Feature", "id": 1883, "geometry": {"type": "LineString", "coordinates": [[29.2126800003817, 40.1702280001222], [29.1682490000914, 40.1703120003986], [29.1238169997548, 40.1703969998217], [29.0793860003637, 40.1704810000981], [29.0349550000732, 40.1705650003745], [28.9905229997367, 40.1706499997977], [28.9460920003456, 40.1707340000741], [28.9016579999168, 40.1708180003505], [28.8572230003413, 40.1709029997737], [28.8127889999125, 40.17098700005]]}, "properties": {"OBJECTID": 1883, "catalog_id": "ME_TRCS029", "catalog_na": "EMME", "name": " ", "slip_type": "Normal", "Shape__Length": 0.3998917207883951}}, {"type": "Feature", "id": 2049, "geometry": {"type": "LineString", "coordinates": [[31.6087099995669, 40.0624149997525], [31.7158620000313, 40.0918360003312], [31.8230559997347, 40.1212679996186], [31.9302910004293, 40.1507120003586], [32.0375670003169, 40.1801669998072], [32.1448850003425, 40.2096329997632], [32.2489840003114, 40.2452920002257], [32.3489860002038, 40.2873109999028], [32.4490369996578, 40.3293489995567], [32.54913500038, 40.3714080001791], [32.6337330003777, 40.4300399997463], [32.7119389996851, 40.4936640001935], [32.7892089998955, 40.5565259996752]]}, "properties": {"OBJECTID": 2049, "catalog_id": "ME_TRCS240", "catalog_na": "EMME", "name": " ", "slip_type": "Sinistral", "Shape__Length": 1.2949838834118217}}, {"type": "Feature", "id": 2026, "geometry": {"type": "LineString", "coordinates": [[29.820997999658, 38.8008260002198], [29.8705169998597, 38.7835710004014], [29.9200350000153, 38.7663159996837], [29.9695330001479, 38.7490680001881], [30.0190320003266, 38.7318199997932], [30.0731110003724, 38.7290099997118], [30.1271900004182, 38.7261989995842], [30.1811149996576, 38.7219990001538], [30.2350399997962, 38.7177999998701], [30.284671999813, 38.7139339996544], [30.3343039998298, 38.7100690003841]]}, "properties": {"OBJECTID": 2026, "catalog_id": "ME_TRCS206", "catalog_na": "EMME", "name": " ", "slip_type": "Dextral-Normal", "Shape__Length": 0.5257575212755469}}, {"type": "Feature", "id": 2032, "geometry": {"type": "LineString", "coordinates": [[31.4008600003888, 38.5941949996995], [31.4629979997579, 38.6106369997977], [31.5104879999213, 38.6320859996692], [31.5501739999302, 38.6533279998873], [31.5932649995801, 38.6750329998731], [31.6237360000164, 38.7031559999495]]}, "properties": {"OBJECTID": 2032, "catalog_id": "ME_TRCS212", "catalog_na": "EMME", "name": " ", "slip_type": "Normal", "Shape__Length": 0.2511131838345484}}, {"type": "Feature", "id": 7485, "geometry": {"type": "LineString", "coordinates": [[31.5898609999852, 38.6745700001055], [31.5104879999213, 38.6320859996692], [31.4136769996938, 38.5963419997835], [31.3284529996063, 38.6470010003959]]}, "properties": {"OBJECTID": 7485, "catalog_id": "EUR_TRCS212", "catalog_na": "SHARE", "name": " ", "slip_type": "Normal", "Shape__Length": 0.29237007960223294}}, {"type": "Feature", "id": 1983, "geometry": {"type": "LineString", "coordinates": [[40.5047390001048, 39.1706429996747], [40.5318209998393, 39.1896229999016], [40.5698160001083, 39.2195660002707], [40.6053829999256, 39.251274000195], [40.6409489996966, 39.2829820001193], [40.6729390000349, 39.3104830002903], [40.7049290003731, 39.337983999562]]}, "properties": {"OBJECTID": 1983, "catalog_id": "ME_TRCS155", "catalog_na": "EMME", "name": " ", "slip_type": "Sinistral", "Shape__Length": 0.26111542757167744}}, {"type": "Feature", "id": 2149, "geometry": {"type": "LineString", "coordinates": [[28.5068999996353, 41.5318799996623], [28.6263729999141, 41.5275499996328], [28.7458379998239, 41.5232199996033], [28.8652950002641, 41.5188899995739], [28.9847440003354, 41.5145609995905], [29.1041850000378, 41.5102319996071], [29.2236180002706, 41.5059039996699], [29.3430430001344, 41.5015749996865], [29.4624399996064, 41.4969050001657], [29.5818279995626, 41.4922329996533], [29.7012080000492, 41.4875610000402], [29.8205790001208, 41.4828890004271], [29.9399409997774, 41.4782179999608], [30.0592949999643, 41.4735470003938], [30.1786399997363, 41.4688769999736], [30.2934000003098, 41.4939040002694], [30.408858999843, 41.5171840000416], [30.5243560002293, 41.5404720001827], [30.6398769999237, 41.5638069997933], [30.7552710000567, 41.587597999748], [30.8707040001895, 41.6113980001177], [30.9861770003683, 41.635205999957], [31.1013080000642, 41.660042000438], [31.1980879997614, 41.7129050001657], [31.2949190000119, 41.7657960002853], [31.3918019999624, 41.8187149998974], [31.4887369996129, 41.8716629999475], [31.5857239998628, 41.9246400004357], [31.6900650001996, 41.969314000241], [31.8060030002383, 41.9936120001937], [31.9219820003691, 42.017917999616], [32.0380019996926, 42.0422320003066], [32.1540630000075, 42.0665559996597], [32.2701650004145, 42.090888000281], [32.3863090000604, 42.115228000372], [32.4906510004434, 42.1602999996453], [32.5797199997782, 42.2208209999892], [32.670041000192, 42.2803870003598], [32.762927000181, 42.3378310000007], [32.863928000277, 42.3873120002486], [32.9849310000657, 42.3928749995816], [33.1059450003615, 42.3984379998139], [33.2269700002653, 42.4040020000923], [33.348004999731, 42.4095660003707], [33.4690509997039, 42.4151309997958], [33.5901080001841, 42.4206960001204], [33.7110499998577, 42.4276000001399], [33.8319320003616, 42.4351979997879], [33.9528289997586, 42.4427970003813], [34.0737399998012, 42.4503970001215], [34.1946649995901, 42.4579979999078], [34.3156050000708, 42.4655999997402], [34.4365600003438, 42.4732019995727], [34.5529379999888, 42.4477779998548], [34.6697220003701, 42.4235060002018], [34.7864639997139, 42.3992430000645], [34.9031639998188, 42.3749890003422], [35.0198219997855, 42.3507440001355], [35.136437999614, 42.3265070002979], [35.2530130002498, 42.3022789999759], [35.3695469998942, 42.2780590000229], [35.4860390002997, 42.2538479995856], [35.6024889996676, 42.2296459995633], [35.7188979998429, 42.2054519999099], [35.8352649998799, 42.1812669997723], [35.951591999871, 42.1570910000497], [36.0411530003108, 42.0970409998423], [36.1066889998975, 42.0218690001543], [36.1722020002222, 41.9467219998205], [36.2376920003856, 41.8716019998325], [36.3031600004337, 41.7965080001442], [36.3686040002744, 41.7214399998562], [36.434026, 41.646398999914], [36.4833599997642, 41.5898100001315]]}, "properties": {"OBJECTID": 2149, "catalog_id": "ME_TRCS407", "catalog_na": "EMME", "name": " ", "slip_type": "Reverse", "Shape__Length": 8.446721439109506}}, {"type": "Feature", "id": 2175, "geometry": {"type": "LineString", "coordinates": [[26.3590190000269, 38.5280899999536], [26.3851689999494, 38.5100519999999], [26.4057710003315, 38.4969900001884], [26.4311279996575, 38.4808179999508], [26.4612389996801, 38.4634019999024], [26.4929349999504, 38.4472299996648], [26.5159150002771, 38.4323010000911]]}, "properties": {"OBJECTID": 2175, "catalog_id": "ME_TRCS907", "catalog_na": "EMME", "name": " ", "slip_type": "Normal", "Shape__Length": 0.18400843771583966}}, {"type": "Feature", "id": 2006, "geometry": {"type": "LineString", "coordinates": [[36.2764459996832, 39.4538340000391], [36.1898110001775, 39.3915880001861], [36.1032179999108, 39.3293709998718], [36.0216680001781, 39.2632640000336], [35.9483529997912, 39.1916570001705], [35.8517100001164, 39.1393209995645], [35.7567649996051, 39.0852279997724], [35.6594969998867, 39.0337639998088], [35.5606540003819, 38.9842249995841], [35.4684219999754, 38.9275769997788], [35.3782439998607, 38.8690299996348], [35.2914439999407, 38.8126749998514]]}, "properties": {"OBJECTID": 2006, "catalog_id": "ME_TRCS184", "catalog_na": "EMME", "name": " ", "slip_type": "Sinistral", "Shape__Length": 1.1797950462982643}}, {"type": "Feature", "id": 7342, "geometry": {"type": "LineString", "coordinates": [[43.2348710001966, 39.3463109995531], [43.2553090002102, 39.2771370003723], [43.2757450001317, 39.2079689996697]]}, "properties": {"OBJECTID": 7342, "catalog_id": "EUR_TRCS069", "catalog_na": "SHARE", "name": " ", "slip_type": "Dextral-Reverse", "Shape__Length": 0.14425391780633445}}, {"type": "Feature", "id": 7416, "geometry": {"type": "LineString", "coordinates": [[40.0725060001519, 39.0225719998979], [40.1360810001381, 38.9757720000778], [40.2023070000681, 38.9277800001469]]}, "properties": {"OBJECTID": 7416, "catalog_id": "EUR_TRCS143", "catalog_na": "SHARE", "name": " ", "slip_type": "Dextral", "Shape__Length": 0.1607301586679692}}, {"type": "Feature", "id": 1932, "geometry": {"type": "LineString", "coordinates": [[43.7771180003954, 39.7064689996447], [43.7304939996984, 39.7135329998481], [43.6838689998545, 39.7205960000055], [43.6372340004488, 39.7276620003011], [43.5905980000977, 39.7347269996513]]}, "properties": {"OBJECTID": 1932, "catalog_id": "ME_TRCS092", "catalog_na": "EMME", "name": " ", "slip_type": "Dextral", "Shape__Length": 0.18864841658779236}}, {"type": "Feature", "id": 1906, "geometry": {"type": "LineString", "coordinates": [[37.6441220000303, 37.8061060001918], [37.688647000159, 37.8270819998345], [37.7331710002415, 37.8480570003304], [37.770968000373, 37.8761049996461], [37.808763999559, 37.9041539999072], [37.8561880002761, 37.9208059997971], [37.9036120000938, 37.937457999687], [37.9423179998759, 37.9485820000593], [37.9810239996579, 37.9597060004317]]}, "properties": {"OBJECTID": 1906, "catalog_id": "ME_TRCS062", "catalog_na": "EMME", "name": " ", "slip_type": "Sinistral", "Shape__Length": 0.3736403388001043}}, {"type": "Feature", "id": 7316, "geometry": {"type": "LineString", "coordinates": [[27.4007800001969, 39.8455700003553], [27.4810710003264, 39.8860130001999], [27.5613899999486, 39.9264699997907]]}, "properties": {"OBJECTID": 7316, "catalog_id": "EUR_TRCS043", "catalog_na": "SHARE", "name": " ", "slip_type": "Dextral", "Shape__Length": 0.17983431799545574}}, {"type": "Feature", "id": 1955, "geometry": {"type": "LineString", "coordinates": [[42.5807009998513, 41.4406020000823], [42.6206050000208, 41.4647159996437], [42.6605080001441, 41.4888300001045], [42.7019439999157, 41.5114760003172], [42.7433809997334, 41.5341219996307], [42.7764139996065, 41.5616069999631], [42.8094460003327, 41.5890920002956]]}, "properties": {"OBJECTID": 1955, "catalog_id": "ME_TRCS118", "catalog_na": "EMME", "name": " ", "slip_type": "Sinistral", "Shape__Length": 0.2736330479191907}}, {"type": "Feature", "id": 7365, "geometry": {"type": "LineString", "coordinates": [[43.5905980000977, 39.7347269996513], [43.6838689998545, 39.7205960000055], [43.7771180003954, 39.7064689996447]]}, "properties": {"OBJECTID": 7365, "catalog_id": "EUR_TRCS092", "catalog_na": "SHARE", "name": " ", "slip_type": "Dextral", "Shape__Length": 0.18864841657403836}}, {"type": "Feature", "id": 6652, "geometry": {"type": "LineString", "coordinates": [[26.4998220000853, 42.7155210000942], [26.5562590000529, 42.7290030003882], [26.6126960000204, 42.7424839997369], [26.654768000343, 42.753718999832], [26.6968399997662, 42.7649529998811], [26.7471199999881, 42.7731920003106], [26.7974000002099, 42.7814309998408], [26.8446019996826, 42.7849260000349], [26.8918040000546, 42.7884210002291], [26.9390060004266, 42.7919160004232], [27.0019429997697, 42.7884210002291], [27.0648810000582, 42.7849260000349], [27.1278180003005, 42.7814309998408]]}, "properties": {"OBJECTID": 6652, "catalog_id": "EUR_BGCS011", "catalog_na": "SHARE", "name": " ", "slip_type": "Normal", "Shape__Length": 0.6361397057198864}}, {"type": "Feature", "id": 7465, "geometry": {"type": "LineString", "coordinates": [[32.4078869995854, 38.8684600003288], [32.3095229996867, 38.8932769999337], [32.2132730001489, 38.9324820002442], [32.169394000133, 39.0098270003159]]}, "properties": {"OBJECTID": 7465, "catalog_id": "EUR_TRCS192", "catalog_na": "SHARE", "name": " ", "slip_type": "Dextral-Normal", "Shape__Length": 0.29429942966448064}}, {"type": "Feature", "id": 1975, "geometry": {"type": "LineString", "coordinates": [[40.4048780004194, 38.9481780001146], [40.4439310000157, 38.9156760004471], [40.4829839996119, 38.8831739998802], [40.5175130001249, 38.8477979998779], [40.5520419997385, 38.8124219998754]]}, "properties": {"OBJECTID": 1975, "catalog_id": "ME_TRCS139", "catalog_na": "EMME", "name": " ", "slip_type": "Dextral", "Shape__Length": 0.20048511383884512}}, {"type": "Feature", "id": 1963, "geometry": {"type": "LineString", "coordinates": [[41.454821000189, 39.1128229997817], [41.4163670003368, 39.139527000071], [41.3779129995853, 39.1662310003604], [41.3394429998946, 39.1929460002577], [41.3009730002038, 39.2196610001551], [41.2624849996831, 39.2463889997526], [41.2239960000155, 39.2731170002494]]}, "properties": {"OBJECTID": 1963, "catalog_id": "ME_TRCS126", "catalog_na": "EMME", "name": " ", "slip_type": "Dextral", "Shape__Length": 0.28102374862664686}}, {"type": "Feature", "id": 2224, "geometry": {"type": "LineString", "coordinates": [[43.9804800003518, 41.5164579998369], [44.0716490003012, 41.5152150000723], [44.144914000181, 41.5101029999535], [44.1903960003752, 41.5071769999187], [44.251901000231, 41.4992620000413], [44.377506000002, 41.493283999557], [44.7909729997043, 41.5111529998111]]}, "properties": {"OBJECTID": 2224, "catalog_id": "ME_G26s1s2", "catalog_na": "EMME", "name": " ", "slip_type": "Reverse", "Shape__Length": 0.8118089385333878}}, {"type": "Feature", "id": 2212, "geometry": {"type": "LineString", "coordinates": [[45.0880540002919, 41.8440409995925], [45.0267970001815, 41.8449280000272], [44.951287000195, 41.8613320001717], [44.862968000373, 41.8949520001348], [44.7814490002712, 41.9213879997565], [44.7227959997356, 41.9556769999936], [44.6470729998192, 41.9774159997486], [44.5440799995924, 42.0232089998955], [44.4214120003636, 42.0820480000152], [44.2823709997219, 42.1226619996516], [44.1530929996423, 42.1943980000677]]}, "properties": {"OBJECTID": 2212, "catalog_id": "ME_G18s1s1", "catalog_na": "EMME", "name": " ", "slip_type": "Reverse", "Shape__Length": 1.0069195371873128}}, {"type": "Feature", "id": 14106, "geometry": {"type": "LineString", "coordinates": [[28.0499999998002, 34.8700000001999], [28.0587080002741, 34.8752599999491], [28.0674169998947, 34.8805189996522], [28.0761269995614, 34.8857780002546], [28.0848390002197, 34.8910359999115], [28.0935509999787, 34.8962939995685], [28.1022649998299, 34.9015510000787], [28.1109789996812, 34.9068069996434], [28.1196949996246, 34.9120630001074], [28.1284119996141, 34.9173179996261], [28.1371299996498, 34.9225719999978], [28.1458489997316, 34.9278260003697], [28.1545689998595, 34.9330789997961], [28.1632900000335, 34.9383320001218], [28.1720130002998, 34.9435830003553], [28.1807359996667, 34.9488349997355], [28.1894610000252, 34.9540849999229], [28.1981870004298, 34.9593350001102], [28.2069139999812, 34.9645850002976], [28.2156419995787, 34.9698330003927], [28.2243710001216, 34.9750809995885], [28.2331009998114, 34.9803289996836], [28.2418320004465, 34.9855759997326], [28.2505650002746, 34.9908219997355], [28.2592980001027, 34.9960669996923], [28.268033000023, 35.0013119996491], [28.2767689999894, 35.0065569996059], [28.2855060000019, 35.0118000003698], [28.2942440000606, 35.0170430002343], [28.3029830001654, 35.0222860000989], [28.3117230003162, 35.0275269998712], [28.3204639996139, 35.0327689996896], [28.3292069999032, 35.0380090003152], [28.3379500001924, 35.0432490000414], [28.3466949996745, 35.0484879997215], [28.3554410001021, 35.0537270003009], [28.3641879996765, 35.0589649999349], [28.3729360001963, 35.064202000422], [28.3816849998629, 35.0694390000099], [28.3904349995756, 35.0746749995516], [28.3991870002799, 35.0799099999466], [28.4079390000848, 35.0851450003415], [28.416692999982, 35.0903789997911], [28.4254479999253, 35.0956120000938], [28.4342039999147, 35.1008450003965], [28.4429609999502, 35.1060779997999], [28.4517190000319, 35.1113090000104], [28.4604780001596, 35.1165400002209], [28.4692390003796, 35.1217700003853], [28.4779999997003, 35.1269999996503]]}, "properties": {"OBJECTID": 14106, "catalog_id": "PB_5452.0", "catalog_na": "Bird 2003", "name": " ", "slip_type": "Subduction_Thrust", "Shape__Length": 0.49923301025860345}}, {"type": "Feature", "id": 6944, "geometry": {"type": "LineString", "coordinates": [[26.4533730002638, 35.5641180000457], [26.4083020001373, 35.5591530004107], [26.3713510003485, 35.5541429995998], [26.3306209998593, 35.551428000302], [26.2900179998309, 35.546637999744], [26.2532169997648, 35.54262599999], [26.2082380002835, 35.5418229998317], [26.1673479996106, 35.54262599999], [26.1172580000567, 35.54262599999], [26.0722799997222, 35.546637999744], [26.0422170001145, 35.5479299999696], [26.0121539996074, 35.5492220001952]]}, "properties": {"OBJECTID": 6944, "catalog_id": "EUR_GRCS750", "catalog_na": "SHARE", "name": " ", "slip_type": "Normal", "Shape__Length": 0.44266887080157985}}, {"type": "Feature", "id": 7571, "geometry": {"type": "LineString", "coordinates": [[30.6348720002427, 38.4334000004097], [30.576601000236, 38.3987289996437]]}, "properties": {"OBJECTID": 7571, "catalog_id": "EUR_TRCS300", "catalog_na": "SHARE", "name": " ", "slip_type": "Normal", "Shape__Length": 0.06780551405234135}}, {"type": "Feature", "id": 2069, "geometry": {"type": "LineString", "coordinates": [[29.3627430002893, 37.4071699996958], [29.3446230001514, 37.368274000145], [29.3265030000135, 37.3293769996488], [29.3021860000839, 37.2926880002511], [29.2778700002004, 37.2559979999078], [29.2438719998929, 37.2245739995905], [29.2098739995855, 37.1931500001724], [29.176390999645, 37.1622020002222], [29.1429079997044, 37.1312530002259]]}, "properties": {"OBJECTID": 2069, "catalog_id": "ME_TRCS268", "catalog_na": "EMME", "name": " ", "slip_type": "Normal", "Shape__Length": 0.3576348028357198}}, {"type": "Feature", "id": 2118, "geometry": {"type": "LineString", "coordinates": [[35.5656309996709, 36.7899330001079], [35.5967039999896, 36.8230219998654], [35.6277760002623, 36.856110999623], [35.6530310002805, 36.8922440003604], [35.6782850002526, 36.9283770001985], [35.7090849996731, 36.9616599999091], [35.7398849999928, 36.9949439996659], [35.7661400002609, 37.0286390003896], [35.7923949996296, 37.062334000214]]}, "properties": {"OBJECTID": 2118, "catalog_id": "ME_TRCS351", "catalog_na": "EMME", "name": " ", "slip_type": "Sinistral", "Shape__Length": 0.35507879833479483}}, {"type": "Feature", "id": 7677, "geometry": {"type": "LineString", "coordinates": [[29.9167020000973, 36.7126330003128], [29.9243799998372, 36.6544020003521], [29.9739070004078, 36.582230999661], [30.0392279999723, 36.5187090003201], [30.1262690002142, 36.475201000326]]}, "properties": {"OBJECTID": 7677, "catalog_id": "EUR_TRCS419", "catalog_na": "SHARE", "name": " ", "slip_type": "Normal", "Shape__Length": 0.3346892881309449}}, {"type": "Feature", "id": 2012, "geometry": {"type": "LineString", "coordinates": [[31.8879260000849, 39.1860380000537], [31.9821709997918, 39.1347320001817], [32.0763700000755, 39.0834499996178], [32.1688039999047, 39.0303459995683], [32.2561139999612, 38.9723099996069], [32.3534700001404, 38.9249829997657], [32.44523899988, 38.8713959999255], [32.5403380002985, 38.8215299999096], [32.6353910003944, 38.7716870000551], [32.7303990002138, 38.7218689995547], [32.8343040002295, 38.6844919999059], [32.9414319995872, 38.6588970003963]]}, "properties": {"OBJECTID": 2012, "catalog_id": "ME_TRCS191", "catalog_na": "EMME", "name": " ", "slip_type": "Dextral-Normal", "Shape__Length": 1.1830707764132578}}, {"type": "Feature", "id": 7336, "geometry": {"type": "LineString", "coordinates": [[37.5905720000978, 37.7563509998988], [37.6659490002462, 37.7966140004358], [37.7413529998411, 37.8368919998659]]}, "properties": {"OBJECTID": 7336, "catalog_id": "EUR_TRCS063", "catalog_na": "SHARE", "name": " ", "slip_type": "Sinistral", "Shape__Length": 0.1709437409195669}}, {"type": "Feature", "id": 7665, "geometry": {"type": "LineString", "coordinates": [[36.4833599997642, 41.5898100001315], [36.434026, 41.646398999914], [36.3686040002744, 41.7214399998562], [36.3031600004337, 41.7965080001442], [36.2376920003856, 41.8716019998325], [36.1722020002222, 41.9467219998205], [36.1066889998975, 42.0218690001543], [36.0411530003108, 42.0970409998423], [35.951591999871, 42.1570910000497], [35.8352649998799, 42.1812669997723], [35.7188979998429, 42.2054519999099], [35.6024889996676, 42.2296459995633], [35.4860390002997, 42.2538479995856], [35.3695469998942, 42.2780590000229], [35.2530130002498, 42.3022789999759], [35.136437999614, 42.3265070002979], [35.0198219997855, 42.3507440001355], [34.9031639998188, 42.3749890003422], [34.7864639997139, 42.3992430000645], [34.6697220003701, 42.4235060002018], [34.5529379999888, 42.4477779998548], [34.4365600003438, 42.4732019995727], [34.3156050000708, 42.4655999997402], [34.1946649995901, 42.4579979999078], [34.0737399998012, 42.4503970001215], [33.9528289997586, 42.4427970003813], [33.8319320003616, 42.4351979997879], [33.7110499998577, 42.4276000001399], [33.5901080001841, 42.4206960001204], [33.4690509997039, 42.4151309997958], [33.348004999731, 42.4095660003707], [33.2269700002653, 42.4040020000923], [33.1059450003615, 42.3984379998139], [32.9849310000657, 42.3928749995816], [32.863928000277, 42.3873120002486], [32.762927000181, 42.3378310000007], [32.670041000192, 42.2803870003598], [32.5797199997782, 42.2208209999892], [32.4906510004434, 42.1602999996453], [32.3863090000604, 42.115228000372], [32.2701650004145, 42.090888000281], [32.1540630000075, 42.0665559996597], [32.0380019996926, 42.0422320003066], [31.9219820003691, 42.017917999616], [31.8060030002383, 41.9936120001937], [31.6900650001996, 41.969314000241], [31.5857239998628, 41.9246400004357], [31.4887369996129, 41.8716629999475], [31.3918019999624, 41.8187149998974], [31.2949190000119, 41.7657960002853], [31.1980879997614, 41.7129050001657], [31.1013080000642, 41.660042000438], [30.9861770003683, 41.635205999957], [30.8707040001895, 41.6113980001177], [30.7552710000567, 41.587597999748], [30.6398769999237, 41.5638069997933], [30.5243560002293, 41.5404720001827], [30.408858999843, 41.5171840000416], [30.2934000003098, 41.4939040002694], [30.1786399997363, 41.4688769999736], [30.0592949999643, 41.4735470003938], [29.9399409997774, 41.4782179999608], [29.8205790001208, 41.4828890004271], [29.7012080000492, 41.4875610000402], [29.5818279995626, 41.4922329996533], [29.4624399996064, 41.4969050001657], [29.3430430001344, 41.5015749996865], [29.2236180002706, 41.5059039996699], [29.1041850000378, 41.5102319996071], [28.9847440003354, 41.5145609995905], [28.8652950002641, 41.5188899995739], [28.7458379998239, 41.5232199996033], [28.6263729999141, 41.5275499996328], [28.5068999996353, 41.5318799996623]]}, "properties": {"OBJECTID": 7665, "catalog_id": "EUR_TRCS407", "catalog_na": "SHARE", "name": " ", "slip_type": "Reverse", "Shape__Length": 8.446721439109504}}, {"type": "Feature", "id": 1926, "geometry": {"type": "LineString", "coordinates": [[41.7850709997269, 40.195347000164], [41.8213320000718, 40.2264720001827], [41.8575930004167, 40.2575970002014], [41.8856520002396, 40.2933359998565], [41.9137110000627, 40.329075000411], [41.9309209996045, 40.3686139999362], [41.9481299999995, 40.4081520003146], [41.9681529997612, 40.4453089997106], [41.9943390004445, 40.4797849995781], [42.0268470003888, 40.5115969998017]]}, "properties": {"OBJECTID": 1926, "catalog_id": "ME_TRCS086", "catalog_na": "EMME", "name": " ", "slip_type": "Sinistral", "Shape__Length": 0.4036784207019714}}, {"type": "Feature", "id": 7322, "geometry": {"type": "LineString", "coordinates": [[40.0498399999161, 38.7327890004121], [39.9424500001674, 38.6826820000743], [39.830768000343, 38.6314760003172], [39.7168370002274, 38.5834990001788], [39.5919640000386, 38.557104999796]]}, "properties": {"OBJECTID": 7322, "catalog_id": "EUR_TRCS049", "catalog_na": "SHARE", "name": " ", "slip_type": "Sinistral", "Shape__Length": 0.4926185095272225}}, {"type": "Feature", "id": 6646, "geometry": {"type": "LineString", "coordinates": [[23.7271169999497, 42.2915590002477], [23.8656050002706, 42.2441660000609], [23.937093000042, 42.2240470003688], [24.0464990001288, 42.1883210004139], [24.1345930003667, 42.1533300001794], [24.2144890002672, 42.1237100003163], [24.3370010003959, 42.0861900003683], [24.3997249998089, 42.065007000173], [24.4872489998415, 42.0431110003724]]}, "properties": {"OBJECTID": 6646, "catalog_id": "EUR_BGCS005", "catalog_na": "SHARE", "name": " ", "slip_type": "Normal", "Shape__Length": 0.8002823297013935}}, {"type": "Feature", "id": 2367, "geometry": {"type": "LineString", "coordinates": [[35.560140000061, 33.1340299995849], [35.6214150001022, 33.0166610001051], [35.6292249996341, 32.9368489995817], [35.6098680000082, 32.7394819999944], [35.5452359998416, 31.904165999861], [35.4865889995827, 31.7286620003511]]}, "properties": {"OBJECTID": 2367, "catalog_id": "ME_JO1", "catalog_na": "EMME", "name": " ", "slip_type": "Sinistral", "Shape__Length": 1.4337647563940887}}, {"type": "Feature", "id": 14120, "geometry": {"type": "LineString", "coordinates": [[34.0539999996004, 34.5049999998502], [34.0625489999364, 34.5103999997602], [34.0710980002726, 34.5157999996703], [34.0796489998016, 34.5211980003875], [34.088201000276, 34.5265970002514], [34.0967549999434, 34.5319940000231], [34.1053089996107, 34.5373909997949], [34.1138640002235, 34.5427879995666], [34.122419999983, 34.5481840001915], [34.1309779998349, 34.553578999871], [34.1395369997328, 34.5589739995505], [34.1480959996308, 34.5643680000832], [34.1566569996209, 34.5697609996705], [34.1652189996572, 34.5751540001571], [34.1737819997396, 34.5805459996982], [34.1823459998681, 34.5859380001386], [34.1909120000888, 34.5913289996337], [34.1994780003095, 34.5967189999819], [34.208044999677, 34.6021090003301], [34.2166140000361, 34.607497999733], [34.2251840004413, 34.6128870000351], [34.2337549999933, 34.6182750002911], [34.2423260004446, 34.6236619996017], [34.2508990000889, 34.6290489998115], [34.2594739998253, 34.6344349999753], [34.2680489995618, 34.6398210001391], [34.2766250002436, 34.6452050002106], [34.2852030001184, 34.6505900003283], [34.2937809999932, 34.6559740003999], [34.3023609999602, 34.6613570004253], [34.3109419999734, 34.6667390004046], [34.3195240000326, 34.6721210003839], [34.328107000138, 34.6775020003171], [34.3366910002895, 34.6828830002503], [34.3452759995878, 34.6882630001374], [34.3538619998315, 34.6936430000245], [34.3624500001674, 34.6990209998193], [34.371037999604, 34.7043999996603], [34.3796280000323, 34.7097770003083], [34.3882189996072, 34.7151540000571], [34.3968110001276, 34.7205309998059], [34.4054039997948, 34.7259070004078], [34.4139980004074, 34.7312820000643], [34.4225930001669, 34.7366559996747], [34.4311889999724, 34.7420300001844], [34.4397869998702, 34.7474039997948], [34.448384999768, 34.7527760002123], [34.456984999758, 34.7581489997766], [34.4655859997941, 34.7635200001479], [34.4741879998763, 34.76889099962], [34.4827910000047, 34.7742609999452], [34.4913950001792, 34.7796310002705], [34.5000000003997, 34.7849999996503]]}, "properties": {"OBJECTID": 14120, "catalog_id": "PB_5466.0", "catalog_na": "Bird 2003", "name": " ", "slip_type": "Subduction_Thrust", "Shape__Length": 0.5266087201892661}}, {"type": "Feature", "id": 7628, "geometry": {"type": "LineString", "coordinates": [[26.9114100003713, 38.6550500001574], [26.9178359999315, 38.7401730000839], [26.9003650000448, 38.8282230000914], [26.8245500003823, 38.8949529998811]]}, "properties": {"OBJECTID": 7628, "catalog_id": "EUR_TRCS363", "catalog_na": "SHARE", "name": " ", "slip_type": "Sinistral", "Shape__Length": 0.2761308288533947}}, {"type": "Feature", "id": 7622, "geometry": {"type": "LineString", "coordinates": [[29.8129140000811, 36.9944929995523], [29.7842490001913, 37.0610710004264]]}, "properties": {"OBJECTID": 7622, "catalog_id": "EUR_TRCS357", "catalog_na": "SHARE", "name": " ", "slip_type": "Normal", "Shape__Length": 0.072486636141184}}, {"type": "Feature", "id": 7373, "geometry": {"type": "LineString", "coordinates": [[42.9932870002949, 38.9476510000936], [42.9038680001082, 38.9039999998002], [42.8122500001375, 38.8576900000935], [42.7336600002089, 38.7986739999052]]}, "properties": {"OBJECTID": 7373, "catalog_id": "EUR_TRCS100", "catalog_na": "SHARE", "name": " ", "slip_type": "Sinistral", "Shape__Length": 0.30044329755061566}}, {"type": "Feature", "id": 7379, "geometry": {"type": "LineString", "coordinates": [[44.4918599998392, 38.4651549998035], [44.4237480001701, 38.4006619997515], [44.3447890003122, 38.3373819998794], [44.2679639999387, 38.2725529996213], [44.1921579997919, 38.207041000242], [44.1123949997295, 38.1445479997904], [44.03654800039, 38.0791609998803], [43.9901439999457, 37.9985320003516], [43.9427260004047, 37.9182859995993], [43.8953160003332, 37.8380559995848], [43.8479159998236, 37.757841000262]]}, "properties": {"OBJECTID": 7379, "catalog_id": "EUR_TRCS106", "catalog_na": "SHARE", "name": " ", "slip_type": "Sinistral", "Shape__Length": 0.9697743096755137}}, {"type": "Feature", "id": 6987, "geometry": {"type": "LineString", "coordinates": [[25.2141580000917, 36.7825030001134], [25.1835040002095, 36.7659080001541], [25.1528500003273, 36.749314000241], [25.1280099996618, 36.7339640001385], [25.1031689998495, 36.71861299999], [25.0825569999056, 36.7016039998248], [25.0619439999157, 36.6845939996135], [25.0397459996782, 36.6713179998259], [25.0059210001541, 36.6555530003707], [24.9720949996845, 36.6538930002618], [24.9382700001605, 36.6588719996431], [24.8938739996854, 36.6729769998887], [24.8515919995712, 36.6879129997852], [24.8145960004051, 36.6970399997962], [24.7828850003426, 36.7036780001396], [24.7511730002338, 36.7103159995838]]}, "properties": {"OBJECTID": 6987, "catalog_id": "EUR_GRCS952", "catalog_na": "SHARE", "name": " ", "slip_type": "Normal", "Shape__Length": 0.507133462212799}}, {"type": "Feature", "id": 7479, "geometry": {"type": "LineString", "coordinates": [[30.3343039998298, 38.7100690003841], [30.2350399997962, 38.7177999998701], [30.1271900004182, 38.7261989995842], [30.0190320003266, 38.7318199997932], [29.9200350000153, 38.7663159996837], [29.820997999658, 38.8008260002198]]}, "properties": {"OBJECTID": 7479, "catalog_id": "EUR_TRCS206", "catalog_na": "SHARE", "name": " ", "slip_type": "Dextral-Normal", "Shape__Length": 0.5257575212603214}}, {"type": "Feature", "id": 2161, "geometry": {"type": "LineString", "coordinates": [[30.9303200001679, 37.5479499995928], [30.9088749995816, 37.5762359999915], [30.8874309999408, 37.6045210003439], [30.8659860002538, 37.6328069998432], [30.8661859995843, 37.6658029998086], [30.8663869998602, 37.6987989997741], [30.86658700009, 37.7317949997395], [30.8691030001035, 37.7635130001249], [30.8716200001629, 37.7952299995649], [30.8741360001763, 37.8269479999503]]}, "properties": {"OBJECTID": 2161, "catalog_id": "ME_TRCS421", "catalog_na": "EMME", "name": " ", "slip_type": "Normal", "Shape__Length": 0.3009292423339603}}, {"type": "Feature", "id": 7528, "geometry": {"type": "LineString", "coordinates": [[31.4217810001931, 37.6899609996005], [31.417750999609, 37.7822390003296], [31.3568509997739, 37.8637409996475], [31.2864060004366, 37.9403419995837], [31.2159359999465, 38.0169709999118], [31.1454410001021, 38.0936269996864]]}, "properties": {"OBJECTID": 7528, "catalog_id": "EUR_TRCS256", "catalog_na": "SHARE", "name": " ", "slip_type": "Normal", "Shape__Length": 0.5064244832340731}}, {"type": "Feature", "id": 7522, "geometry": {"type": "LineString", "coordinates": [[33.4722939999682, 39.8716650004395], [33.4422280002221, 39.791101000311], [33.4121639996689, 39.7105439996059], [33.3821030001534, 39.6299940001231], [33.3520449998769, 39.5494520001098], [33.3219889996926, 39.4689170004193], [33.2919369996928, 39.3883890001523]]}, "properties": {"OBJECTID": 7522, "catalog_id": "EUR_TRCS250", "catalog_na": "SHARE", "name": " ", "slip_type": "Sinistral-Normal", "Shape__Length": 0.5158336359797745}}, {"type": "Feature", "id": 6981, "geometry": {"type": "LineString", "coordinates": [[24.2913590000179, 37.0115120001787], [24.3272989999489, 37.0189800001269], [24.3727519997051, 37.02727799968], [24.4182050003605, 37.0355750000862], [24.4631290000034, 37.0517549997934], [24.5080529996463, 37.0679350004], [24.5429360002962, 37.0895089997406], [24.5778180000008, 37.1110819999344], [24.611115000357, 37.1305809998133], [24.644411999814, 37.1500789996462]]}, "properties": {"OBJECTID": 6981, "catalog_id": "EUR_GRCS938", "catalog_na": "SHARE", "name": " ", "slip_type": "Normal", "Shape__Length": 0.3838152493381117}}, {"type": "Feature", "id": 7671, "geometry": {"type": "LineString", "coordinates": [[28.0961120002686, 37.3725169997598], [28.1494209998793, 37.2850860004186], [28.2566520003896, 37.2368429997047], [28.3660930002918, 37.1919559999695]]}, "properties": {"OBJECTID": 7671, "catalog_id": "EUR_TRCS413", "catalog_na": "SHARE", "name": " ", "slip_type": "Dextral-Normal", "Shape__Length": 0.3382733183624018}}, {"type": "Feature", "id": 1920, "geometry": {"type": "LineString", "coordinates": [[42.6113440001255, 39.1920199998232], [42.6090850002726, 39.1574849999329], [42.6068250003735, 39.1229500000425], [42.6045659996212, 39.0884150001522], [42.5854450000867, 39.0581300001994], [42.5663229996068, 39.0278450002466], [42.5472020000723, 38.9975600002938]]}, "properties": {"OBJECTID": 1920, "catalog_id": "ME_TRCS080", "catalog_na": "EMME", "name": " ", "slip_type": "Sinistral", "Shape__Length": 0.21127534561057784}}, {"type": "Feature", "id": 7428, "geometry": {"type": "LineString", "coordinates": [[40.7049290003731, 39.337983999562], [40.6409489996966, 39.2829820001193], [40.5698160001083, 39.2195660002707], [40.4938250004235, 39.1596790003856], [40.4286450001667, 39.0926029999285]]}, "properties": {"OBJECTID": 7428, "catalog_id": "EUR_TRCS155", "catalog_na": "SHARE", "name": " ", "slip_type": "Sinistral", "Shape__Length": 0.36995044377156044}}, {"type": "Feature", "id": 2018, "geometry": {"type": "LineString", "coordinates": [[30.7378550000083, 39.8635999999401], [30.7759230000465, 39.8779279996775], [30.8139920001307, 39.8922560003142], [30.8520600001689, 39.9065840000516], [30.892375000406, 39.9167130004047], [30.9326909997899, 39.9268429999046], [30.9730060000269, 39.9369720002576], [31.0132289996187, 39.9266320000668], [31.0534530001559, 39.916291999876], [31.0936759997476, 39.9059519996851], [31.1329390000349, 39.8958580000467], [31.1722020003221, 39.8857649995551], [31.21146499971, 39.8756709999168]]}, "properties": {"OBJECTID": 2018, "catalog_id": "ME_TRCS197", "catalog_na": "EMME", "name": " ", "slip_type": "Dextral-Normal", "Shape__Length": 0.49294368788085263}}, {"type": "Feature", "id": 2361, "geometry": {"type": "LineString", "coordinates": [[38.2157839996319, 34.3683869996603], [37.8382739997454, 34.2430709997269]]}, "properties": {"OBJECTID": 2361, "catalog_id": "ME_SY2s1s3", "catalog_na": "EMME", "name": " ", "slip_type": "Reverse", "Shape__Length": 0.39776613713798525}}, {"type": "Feature", "id": 1869, "geometry": {"type": "LineString", "coordinates": [[30.4170309998808, 40.6453409998873], [30.476308000414, 40.6339560000694], [30.5355850000478, 40.6225710002515], [30.5948429997047, 40.6111899997188], [30.654101000261, 40.5998090000853], [30.7133399999411, 40.588430999691], [30.7725789996212, 40.5770530001959], [30.8335619996866, 40.5742989999989], [30.894544999752, 40.5715439997558], [30.9555980003475, 40.5731920002107], [31.0166510000437, 40.5748399997663], [31.0756739996554, 40.5850739995655], [31.1346960001204, 40.595308000264]]}, "properties": {"OBJECTID": 1869, "catalog_id": "ME_TRCS009", "catalog_na": "EMME", "name": " ", "slip_type": "Dextral", "Shape__Length": 0.7260936264595752}}, {"type": "Feature", "id": 7279, "geometry": {"type": "LineString", "coordinates": [[41.1301190001918, 39.3177990004236], [41.0391010000112, 39.3447899995589], [40.9208339995895, 39.3815640001785], [40.7934559998945, 39.3859989996542], [40.6664389997601, 39.3773629998026], [40.5480750002611, 39.414054000192]]}, "properties": {"OBJECTID": 7279, "catalog_id": "EUR_TRCS001", "catalog_na": "SHARE", "name": " ", "slip_type": "Dextral", "Shape__Length": 0.5974739231251381}}, {"type": "Feature", "id": 6689, "geometry": {"type": "LineString", "coordinates": [[25.4847409999972, 42.3018279998624], [25.5699769997388, 42.302694000228], [25.6266420003281, 42.3036310002705], [25.7193039998797, 42.3094479996255], [25.8103959998755, 42.3129379995891], [25.8873540000871, 42.3094479996255], [25.9737340004238, 42.307121000234], [26.0616840003164, 42.3013050000258]]}, "properties": {"OBJECTID": 6689, "catalog_id": "EUR_BGCS048", "catalog_na": "SHARE", "name": " ", "slip_type": "Normal", "Shape__Length": 0.5775069073950788}}, {"type": "Feature", "id": 7637, "geometry": {"type": "LineString", "coordinates": [[37.3828440002505, 37.9942380001836], [37.2713649998949, 38.0126320003666], [37.1558769999236, 38.0316879996016], [37.0403600004137, 38.0507479999203], [36.9248139995665, 38.0698129995703], [36.8068559999045, 38.0658490002313], [36.6892680002181, 38.0575570000556], [36.5808099997817, 38.0209029995738], [36.4900820003841, 37.9615120000788], [36.4422980001526, 37.8765450001517]]}, "properties": {"OBJECTID": 7637, "catalog_id": "EUR_TRCS372", "catalog_na": "SHARE", "name": " ", "slip_type": "Sinistral", "Shape__Length": 1.0205320391092798}}, {"type": "Feature", "id": 2135, "geometry": {"type": "LineString", "coordinates": [[33.8360830002303, 41.0213590002177], [33.7813770000486, 41.001781000293], [33.7266699998207, 40.9822030003682], [33.6947700000355, 40.9433789996412], [33.6628690002042, 40.9045549998135], [33.6044420001982, 40.8928430002043], [33.5460150001921, 40.8811299996498], [33.4892420000184, 40.8654889996177], [33.4324689998445, 40.8498489996317], [33.3731819997495, 40.8411149997575], [33.3138949996546, 40.8323809998833], [33.2631349997804, 40.8285009999213]]}, "properties": {"OBJECTID": 2135, "catalog_id": "ME_TRCS379", "catalog_na": "EMME", "name": " ", "slip_type": "Dextral", "Shape__Length": 0.6244227616272567}}, {"type": "Feature", "id": 7376, "geometry": {"type": "LineString", "coordinates": [[44.9859650003845, 37.0021680000532], [44.9247660002508, 37.0417659996012], [44.8404360000214, 37.0963300004292], [44.7599400003308, 37.1545140000212], [44.6921609998303, 37.2222539996224], [44.6115680001631, 37.2804699997907], [44.531665999986, 37.3393409995875], [44.4491899998187, 37.3959799998772], [44.3575479996405, 37.4429609999502], [44.2621509998688, 37.485045999973], [44.1670260000499, 37.5275880003859], [44.090275000391, 37.5892530004257], [43.989458999833, 37.6227989996742]]}, "properties": {"OBJECTID": 7376, "catalog_id": "EUR_TRCS103", "catalog_na": "SHARE", "name": " ", "slip_type": "Dextral", "Shape__Length": 1.1833637364369771}}, {"type": "Feature", "id": 6950, "geometry": {"type": "LineString", "coordinates": [[26.6078410000621, 35.2813229999566], [26.61627799973, 35.3253450002716], [26.6247150002971, 35.3693669996873], [26.6315160000634, 35.402050999654], [26.6383169998297, 35.4347339995745], [26.6445270002209, 35.4737379996091], [26.6507369997128, 35.5127429996897], [26.6557069995784, 35.5478469997393], [26.6606770003434, 35.5829499997428], [26.6656450001167, 35.6161029997537], [26.6706129998901, 35.6492569998107], [26.6720420001382, 35.6725439999057], [26.6732530002258, 35.6920370004073]]}, "properties": {"OBJECTID": 6950, "catalog_id": "EUR_GRCS774", "catalog_na": "SHARE", "name": " ", "slip_type": "Normal", "Shape__Length": 0.41622099339577956}}, {"type": "Feature", "id": 7614, "geometry": {"type": "LineString", "coordinates": [[36.2560499998077, 36.6726700001204], [36.1623589995683, 36.6220290003382], [36.0684150002521, 36.571250999634], [35.9759429995698, 36.5188339997893], [35.8878860001388, 36.4617820002392], [35.7998689998545, 36.4047550000433], [35.71189099957, 36.3477530001009]]}, "properties": {"OBJECTID": 7614, "catalog_id": "EUR_TRCS349", "catalog_na": "SHARE", "name": " ", "slip_type": "Sinistral", "Shape__Length": 0.6342153336866312}}, {"type": "Feature", "id": 2112, "geometry": {"type": "LineString", "coordinates": [[34.971620000063, 37.0078599999391], [35.0178040002544, 37.0355699998557], [35.0639870003998, 37.0632799997722], [35.110191999761, 37.0910030002883], [35.1563970000216, 37.118725999905], [35.2026240003973, 37.1464620001212], [35.2488509998738, 37.1741980003375], [35.2951000003648, 37.2019480003], [35.3413479999103, 37.2296970002164], [35.3875619996866, 37.2575179998558], [35.4337760003622, 37.2853380003485], [35.4799090000004, 37.3132780000797], [35.5260419996386, 37.3412179998109], [35.5721970002914, 37.3691720001877], [35.6183509999987, 37.3971249996191], [35.6666190000669, 37.4227680004429], [35.7148860000889, 37.4484100003213], [35.7641140003609, 37.4729159999735], [35.8133419997336, 37.4974219996257], [35.9117699998856, 37.546420000083]]}, "properties": {"OBJECTID": 2112, "catalog_id": "ME_TRCS339", "catalog_na": "EMME", "name": " ", "slip_type": "Sinistral-Normal", "Shape__Length": 1.084086761720629}}, {"type": "Feature", "id": 7399, "geometry": {"type": "LineString", "coordinates": [[41.2239960000155, 39.2731170002494], [41.3009730002038, 39.2196610001551], [41.3779129995853, 39.1662310003604], [41.454821000189, 39.1128229997817]]}, "properties": {"OBJECTID": 7399, "catalog_id": "EUR_TRCS126", "catalog_na": "SHARE", "name": " ", "slip_type": "Dextral", "Shape__Length": 0.2810237486249185}}, {"type": "Feature", "id": 7282, "geometry": {"type": "LineString", "coordinates": [[35.7841099997767, 40.541065999896], [35.6756639998937, 40.5065510000287], [35.567169000449, 40.4720210003689], [35.4587219996206, 40.4375059996023], [35.3503220000603, 40.4030060004266], [35.2419689999694, 40.3685210001441], [35.1336630002473, 40.3340519997001], [35.0254050000408, 40.2995969999017], [34.917194000203, 40.2651569998957], [34.8090299998346, 40.2307319996821], [34.7022389998301, 40.1939870003998], [34.6006969999666, 40.149481000248], [34.499204999711, 40.1049970002114], [34.3977629999625, 40.0605350002901], [34.2963709998218, 40.0160949995846], [34.1950290001882, 39.9716759998475], [34.0937370001625, 39.9272790002257]]}, "properties": {"OBJECTID": 7282, "catalog_id": "EUR_TRCS004", "catalog_na": "SHARE", "name": " ", "slip_type": "Dextral", "Shape__Length": 1.8005944654206112}}, {"type": "Feature", "id": 2181, "geometry": {"type": "LineString", "coordinates": [[36.055508000394, 37.058181000253], [35.9471079999343, 36.9622890001373], [35.8270679995886, 36.882497999683], [35.7578399997163, 36.824414000206], [35.6886119998439, 36.7663289997836], [35.5885479997904, 36.6620929997922], [35.5197479998703, 36.5974689999944], [35.4509479999503, 36.5328450001966], [35.373819999993, 36.4515430002094], [35.2966920000358, 36.3702410002221], [35.2258120004236, 36.2805999996903], [35.1549319999119, 36.1909590000578], [35.0798839996469, 36.1075720001477], [35.0048360002812, 36.0241850002377], [34.9422920001757, 35.944967000127], [34.8797480000702, 35.8657490000164]]}, "properties": {"OBJECTID": 2181, "catalog_id": "ME_TRCS999", "catalog_na": "EMME", "name": " ", "slip_type": "Sinistral-Reverse", "Shape__Length": 1.6817988146041465}}, {"type": "Feature", "id": 6927, "geometry": {"type": "LineString", "coordinates": [[35.2147229998666, 34.8286089998056], [35.1142249995841, 34.8074430003942], [35.0137260001549, 34.7862760000374], [34.8422029998686, 34.7369939999732], [34.656381000283, 34.7191809996035], [34.4875770003783, 34.694398999814], [34.3048840002965, 34.6940889999075], [34.1278320004465, 34.7392780000797], [33.9964539997524, 34.7845460002977], [33.8601039999996, 34.8438019998625], [33.6934609999253, 34.9240020002921], [33.5584109998678, 35.0382960000604], [33.4538310002005, 35.1160560003842], [33.3607999998202, 35.2156280002321], [33.2677690003392, 35.3151990000339]]}, "properties": {"OBJECTID": 6927, "catalog_id": "EUR_GRCS696", "catalog_na": "SHARE", "name": " ", "slip_type": "Reverse", "Shape__Length": 2.158924469936395}}, {"type": "Feature", "id": 1849, "geometry": {"type": "LineString", "coordinates": [[25.4664979995831, 38.4579029999235], [25.5209939999731, 38.469667000132], [25.5754900003633, 38.4814310003404], [25.6313479997104, 38.4910559999345], [25.687205999957, 38.5006810004279], [25.7294399996563, 38.5113749998564], [25.771674000255, 38.5220690001843]]}, "properties": {"OBJECTID": 1849, "catalog_id": "ME_GRCS868", "catalog_na": "EMME", "name": " ", "slip_type": "Normal", "Shape__Length": 0.31199868576606604}}, {"type": "Feature", "id": 7591, "geometry": {"type": "LineString", "coordinates": [[28.7848120002736, 38.2168609998353], [28.7141289998535, 38.2830020003421]]}, "properties": {"OBJECTID": 7591, "catalog_id": "EUR_TRCS320", "catalog_na": "SHARE", "name": " ", "slip_type": "Sinistral-Normal", "Shape__Length": 0.09680247154089411}}, {"type": "Feature", "id": 7422, "geometry": {"type": "LineString", "coordinates": [[40.8612860000489, 39.1567359995668], [40.8716470003089, 39.2552049998109], [40.7978700002004, 39.3410899998037]]}, "properties": {"OBJECTID": 7422, "catalog_id": "EUR_TRCS149", "catalog_na": "SHARE", "name": " ", "slip_type": "Normal", "Shape__Length": 0.21223485159406744}}, {"type": "Feature", "id": 7568, "geometry": {"type": "LineString", "coordinates": [[30.5544019999524, 38.6204990004286], [30.5562790001758, 38.5482099996918]]}, "properties": {"OBJECTID": 7568, "catalog_id": "EUR_TRCS297", "catalog_na": "SHARE", "name": " ", "slip_type": "Normal", "Shape__Length": 0.0723133649982214}}, {"type": "Feature", "id": 2158, "geometry": {"type": "LineString", "coordinates": [[27.9944100002214, 42.9279299999696], [28.0261649996151, 42.8403770003983], [28.0579169997698, 42.7528320002966], [28.0896669998322, 42.6652949996646], [28.1214129997102, 42.5777650002546], [28.1531570003953, 42.4902440003604], [28.1848980000427, 42.4027299998896], [28.2166359995518, 42.3152239997878], [28.2483709998218, 42.227727000101], [28.2801019999074, 42.1402379998838], [28.3118309999008, 42.0527580000817], [28.3435569997558, 41.9652859997491], [28.3752790003256, 41.8778219997855], [28.406998999904, 41.7903670002369], [28.4387160002433, 41.7029200001579], [28.4704290003981, 41.6154810004479], [28.5021399995614, 41.5280510002535], [28.533848000385, 41.4406290004281], [28.5655520001247, 41.3532150000722], [28.5972539997723, 41.2658090000853], [28.6289530001808, 41.1784119996141], [28.660660000059, 41.0909899997887]]}, "properties": {"OBJECTID": 2158, "catalog_id": "ME_TRCS418", "catalog_na": "EMME", "name": " ", "slip_type": "Dextral", "Shape__Length": 1.9540311222318}}, {"type": "Feature", "id": 1826, "geometry": {"type": "LineString", "coordinates": [[26.5916980002626, 41.8342739997453], [26.5660009996465, 41.8587059995822], [26.5403049999758, 41.8831370002724], [26.514608000259, 41.9075690001093], [26.4979399996313, 41.9266670003818], [26.4812709998568, 41.945764999755], [26.462867000112, 41.9710569996809], [26.4444630003673, 41.9963479995606], [26.4253640000486, 42.018027000146], [26.40626499973, 42.0397059998321], [26.3794820002941, 42.0693410003869], [26.3526979999128, 42.0989760000424], [26.3308660003657, 42.1165700002054], [26.3090339999192, 42.1341640003684], [26.2706099996518, 42.1603910002445]]}, "properties": {"OBJECTID": 1826, "catalog_id": "ME_BGCS007", "catalog_na": "EMME", "name": " ", "slip_type": "Normal", "Shape__Length": 0.4599012037966873}}, {"type": "Feature", "id": 7445, "geometry": {"type": "LineString", "coordinates": [[35.4616230003013, 39.4241400003608], [35.3853120002487, 39.3709119999888], [35.3090360000114, 39.3177079998244], [35.2327920003506, 39.2645259997751]]}, "properties": {"OBJECTID": 7445, "catalog_id": "EUR_TRCS172", "catalog_na": "SHARE", "name": " ", "slip_type": "Sinistral", "Shape__Length": 0.2789986661652099}}, {"type": "Feature", "id": 7539, "geometry": {"type": "LineString", "coordinates": [[29.1819279995776, 37.0501119995692], [29.2729590003576, 37.0144459996832]]}, "properties": {"OBJECTID": 7539, "catalog_id": "EUR_TRCS267", "catalog_na": "SHARE", "name": " ", "slip_type": "Normal", "Shape__Length": 0.09776863838106228}}, {"type": "Feature", "id": 7468, "geometry": {"type": "LineString", "coordinates": [[32.031137999719, 39.2520120000538], [31.9361469997843, 39.3662390003296], [31.8398180002006, 39.4115109998328], [31.7637159998935, 39.4758390003696], [31.6636010001861, 39.5161319995922], [31.6092819998644, 39.5925389995752], [31.5005429999595, 39.6164869995754], [31.3952489997416, 39.6483620000063], [31.282117999646, 39.6504910001596], [31.1689569999656, 39.651317999626], [31.0558350002851, 39.6489170004193], [30.948432999983, 39.6764159995988], [30.8426990001588, 39.7076090000554]]}, "properties": {"OBJECTID": 7468, "catalog_id": "EUR_TRCS195", "catalog_na": "SHARE", "name": " ", "slip_type": "Dextral-Normal", "Shape__Length": 1.3382404330437552}}, {"type": "Feature", "id": 7491, "geometry": {"type": "LineString", "coordinates": [[30.9806710000666, 38.6924390003596], [30.8508740003349, 38.7302249999838]]}, "properties": {"OBJECTID": 7491, "catalog_id": "EUR_TRCS218", "catalog_na": "SHARE", "name": " ", "slip_type": "Dextral-Normal", "Shape__Length": 0.13518521704300313}}, {"type": "Feature", "id": 2204, "geometry": {"type": "LineString", "coordinates": [[43.8805799997672, 42.4350680000882], [43.813763999609, 42.4237640004084], [43.742795000389, 42.4206679997284], [43.6380670001919, 42.4463689996297], [43.5697360003162, 42.4654170002944], [43.5199870002999, 42.4986989999589], [43.4721949996995, 42.5144430002443], [43.2733120003486, 42.5210079999193], [43.2444120004135, 42.5227270000511]]}, "properties": {"OBJECTID": 2204, "catalog_id": "ME_G13s4s3", "catalog_na": "EMME", "name": " ", "slip_type": "Reverse", "Shape__Length": 0.6556898731269036}}, {"type": "Feature", "id": 6998, "geometry": {"type": "LineString", "coordinates": [[25.8545140001211, 36.0446509997439], [25.8965010001211, 36.0480849998229], [25.938487000075, 36.0515179998558], [25.992720000028, 36.0556370000476], [26.0388810000582, 36.0634339998792], [26.0744720000828, 36.0715679999633], [26.111415000402, 36.0807620003661], [26.144752999951, 36.0920789997461], [26.1892640003334, 36.1040949998844], [26.2184750002211, 36.113267000172], [26.2476860001088, 36.1224389995602], [26.2760620001612, 36.1355420003631], [26.3044380002136, 36.1486440002205], [26.3357210003239, 36.1582230003912], [26.3790229998116, 36.1705870003898], [26.4177670004468, 36.1797819999394], [26.4484030003982, 36.1840259996002], [26.4781370001225, 36.1903909999447], [26.5087720000278, 36.1932200000031]]}, "properties": {"OBJECTID": 6998, "catalog_id": "EUR_GRCS978", "catalog_na": "SHARE", "name": " ", "slip_type": "Normal", "Shape__Length": 0.67476189563581}}, {"type": "Feature", "id": 7585, "geometry": {"type": "LineString", "coordinates": [[31.9793209996645, 38.1969430004192], [31.8937240003624, 38.2595699998557], [31.8543419999834, 38.3506480001052], [31.8446499999976, 38.4465250004285]]}, "properties": {"OBJECTID": 7585, "catalog_id": "EUR_TRCS314", "catalog_na": "SHARE", "name": " ", "slip_type": "Normal", "Shape__Length": 0.30165460879592243}}, {"type": "Feature", "id": 7562, "geometry": {"type": "LineString", "coordinates": [[31.0653290001333, 38.363500000125], [30.9879860001539, 38.3090160002882], [30.9208980000427, 38.243943999616], [30.8593890000024, 38.1755939997634], [30.7896609995555, 38.1123430003292], [30.6860820001842, 38.0932520003796], [30.5805220002902, 38.0829920002806]]}, "properties": {"OBJECTID": 7562, "catalog_id": "EUR_TRCS290", "catalog_na": "SHARE", "name": " ", "slip_type": "Sinistral-Normal", "Shape__Length": 0.5855433437837491}}, {"type": "Feature", "id": 7685, "geometry": {"type": "LineString", "coordinates": [[36.9015230001864, 40.5297260003547], [36.7908370004273, 40.5600050000308], [36.6801260004146, 40.5902899999836], [36.5693710001716, 40.6205869995904], [36.458570999652, 40.6508969997968], [36.3477269998012, 40.6812189996572], [36.236837999674, 40.7115530000709], [36.1259040001695, 40.7418990001388], [36.0149250003885, 40.7722569998607]]}, "properties": {"OBJECTID": 7685, "catalog_id": "EUR_TRCS427", "catalog_na": "SHARE", "name": " ", "slip_type": "Dextral", "Shape__Length": 0.9191720725607745}}, {"type": "Feature", "id": 2141, "geometry": {"type": "LineString", "coordinates": [[26.8564140003059, 38.7854109998178], [26.8135229999865, 38.7956400002859], [26.7706319996671, 38.8058699999006], [26.727741000247, 38.8160990003686], [26.7011380001186, 38.8442540001221], [26.6745349999903, 38.8724099999216], [26.647931999862, 38.9005649996751], [26.6274509996639, 38.9306169996748], [26.6069710004114, 38.9606679996285]]}, "properties": {"OBJECTID": 2141, "catalog_id": "ME_TRCS389", "catalog_na": "EMME", "name": " ", "slip_type": "Sinistral-Normal", "Shape__Length": 0.32122209052107087}}, {"type": "Feature", "id": 6967, "geometry": {"type": "LineString", "coordinates": [[26.533732999978, 39.0642760003372], [26.5322859997991, 39.0714680001481], [26.5284279999523, 39.0813099998567], [26.5173370002025, 39.093043999581], [26.5033530001409, 39.1089419997735], [26.4821350001302, 39.1240830001304], [26.4628460000429, 39.1373319995722], [26.4411470003338, 39.1479310000157], [26.4146250003436, 39.157394000233]]}, "properties": {"OBJECTID": 6967, "catalog_id": "EUR_GRCS857", "catalog_na": "SHARE", "name": " ", "slip_type": "Normal", "Shape__Length": 0.15700252392449568}}, {"type": "Feature", "id": 2129, "geometry": {"type": "LineString", "coordinates": [[36.4422980001526, 37.8765450001517], [36.4661900002683, 37.9190279996425], [36.4900820003841, 37.9615120000788], [36.5354459996332, 37.9912079998494], [36.5808099997817, 38.0209029995738], [36.6350390004496, 38.0392300002644], [36.6892680002181, 38.0575570000556], [36.7480620000613, 38.0617029996938], [36.8068559999045, 38.0658490002313], [36.8658350001851, 38.0678309999008], [36.9248139995665, 38.0698129995703], [36.9825869999901, 38.0602809997684], [37.0403600004137, 38.0507479999203], [37.0981190001917, 38.0412180002106], [37.1558769999236, 38.0316879996016], [37.2136209999093, 38.0221599999841], [37.2713649998949, 38.0126320003666], [37.3271050000957, 38.0034349998255], [37.3828440002505, 37.9942380001836]]}, "properties": {"OBJECTID": 2129, "catalog_id": "ME_TRCS372", "catalog_na": "EMME", "name": " ", "slip_type": "Sinistral", "Shape__Length": 1.0205320391181338}}, {"type": "Feature", "id": 7299, "geometry": {"type": "LineString", "coordinates": [[27.7156999996553, 40.2451999995804], [27.594345999868, 40.2100500001075], [27.4724080001292, 40.1747310000356], [27.3624060004366, 40.1213139999412], [27.253500000025, 40.0667000004048]]}, "properties": {"OBJECTID": 7299, "catalog_id": "EUR_TRCS025", "catalog_na": "SHARE", "name": " ", "slip_type": "Dextral", "Shape__Length": 0.497410570255266}}, {"type": "Feature", "id": 2081, "geometry": {"type": "LineString", "coordinates": [[30.6125420002132, 36.5898730004387], [30.5932639997338, 36.5581519999149], [30.5739870002, 36.5264300002444], [30.5547089997206, 36.4947089997206], [30.5354360003712, 36.462995000419], [30.5161630001224, 36.4312810002181], [30.4968899998736, 36.3995670000171]]}, "properties": {"OBJECTID": 2081, "catalog_id": "ME_TRCS285", "catalog_na": "EMME", "name": " ", "slip_type": "Normal", "Shape__Length": 0.22269207212389772}}, {"type": "Feature", "id": 1903, "geometry": {"type": "LineString", "coordinates": [[35.9024750002212, 35.942201000276], [35.9357040001395, 35.9730849999728], [35.9689320000118, 36.0039689996697], [36.0045549997135, 36.033073000019], [36.0401770002684, 36.0621770003683], [36.0769859998041, 36.0903219996606], [36.113794000193, 36.1184669998522], [36.1389490000963, 36.1540250001537], [36.1641039999997, 36.189582000409], [36.1846040001745, 36.218340000091], [36.2051030003033, 36.2470979997729]]}, "properties": {"OBJECTID": 1903, "catalog_id": "ME_TRCS057", "catalog_na": "EMME", "name": " ", "slip_type": "Sinistral-Normal", "Shape__Length": 0.4331456537830011}}, {"type": "Feature", "id": 7608, "geometry": {"type": "LineString", "coordinates": [[35.9117699998856, 37.546420000083], [35.8133419997336, 37.4974219996257], [35.7148860000889, 37.4484100003213], [35.6183509999987, 37.3971249996191], [35.5260419996386, 37.3412179998109], [35.4337760003622, 37.2853380003485], [35.3413479999103, 37.2296970002164], [35.2488509998738, 37.1741980003375], [35.1563970000216, 37.118725999905], [35.0639870003998, 37.0632799997722], [34.971620000063, 37.0078599999391]]}, "properties": {"OBJECTID": 7608, "catalog_id": "EUR_TRCS339", "catalog_na": "SHARE", "name": " ", "slip_type": "Sinistral-Normal", "Shape__Length": 1.0840867617141414}}, {"type": "Feature", "id": 7405, "geometry": {"type": "LineString", "coordinates": [[40.7470999998652, 38.5208000001199], [40.6236939998782, 38.518552999921], [40.4994429995948, 38.5123170001295], [40.3786389999899, 38.4887990001738], [40.258100000015, 38.4646000002898]]}, "properties": {"OBJECTID": 7405, "catalog_id": "EUR_TRCS132", "catalog_na": "SHARE", "name": " ", "slip_type": "Sinistral-Reverse", "Shape__Length": 0.49384984733363557}}, {"type": "Feature", "id": 7393, "geometry": {"type": "LineString", "coordinates": [[41.6001460001378, 40.9716080001091], [41.5660099997617, 40.9007440003354], [41.5245069995984, 40.8145870003898], [41.4578860003387, 40.738021000269], [41.3551399998112, 40.6896190003167], [41.2517920003006, 40.6420540002919], [41.1463090003601, 40.5973639997488], [41.0498320002467, 40.5422519997301], [40.9734499996179, 40.4712940001181], [40.8579819996696, 40.4450510004034], [40.7405590003976, 40.4245569996059], [40.6256540003319, 40.3971160004032], [40.5061450001917, 40.3860190003766], [40.3858380001237, 40.3827980002276], [40.2712389997801, 40.3547900000585], [40.1560960004301, 40.3282219997456], [40.0408709999967, 40.3019840002614], [39.9261219999304, 40.2746699997207], [39.8113899997488, 40.2474259997102], [39.6948350000353, 40.2252590000029], [39.5783160001833, 40.203097999673]]}, "properties": {"OBJECTID": 7393, "catalog_id": "EUR_TRCS120", "catalog_na": "SHARE", "name": " ", "slip_type": "Sinistral", "Shape__Length": 2.256614293115048}}, {"type": "Feature", "id": 2235, "geometry": {"type": "LineString", "coordinates": [[44.2541630002223, 42.4245830004052], [44.3459509999387, 42.3890209999192], [44.4008320000968, 42.3825479999903], [44.4801739996304, 42.3626159999285], [44.6050999995654, 42.3450530002958], [44.733048000365, 42.3160720002227], [44.8669830002653, 42.2756660002858], [44.9186889996976, 42.2576529996862], [45.0189669997273, 42.2012359997416], [45.0948469996893, 42.1786210000591], [45.1494159998485, 42.1492120000338]]}, "properties": {"OBJECTID": 2235, "catalog_id": "ME_G8s1s2", "catalog_na": "EMME", "name": " ", "slip_type": "Reverse", "Shape__Length": 0.9437261539307858}}, {"type": "Feature", "id": 12755, "geometry": {"type": "LineString", "coordinates": [[29.7309999997502, 35.4269999999501], [29.723591999871, 35.4335540000171], [29.7161839999916, 35.4401070000381], [29.708772999974, 35.446660000059], [29.7013619999564, 35.4532130000799], [29.6939499998927, 35.4597650000547], [29.6865359997366, 35.4663170000296], [29.6791210004339, 35.4728679999583], [29.6717050001857, 35.4794179998408], [29.6642879998913, 35.4859689997696], [29.6568699995509, 35.492517999606], [29.6494500000176, 35.499068000388], [29.6420290004381, 35.5056170002244], [29.6346069999132, 35.5121650000148], [29.6271840002415, 35.5187129998051], [29.6197589995782, 35.5252600004487], [29.6123339998143, 35.5318070001929], [29.6049069999581, 35.5383539999372], [29.5974790000558, 35.5448999996353], [29.5900490000614, 35.5514450001867], [29.5826190000669, 35.5579909998848], [29.5751869999801, 35.56453500039], [29.5677539998472, 35.5710789999959], [29.5603199996683, 35.5776229996018], [29.5528850003425, 35.5841660000609], [29.5454480000253, 35.5907089996207], [29.5380099996618, 35.5972520000798], [29.5305710001516, 35.6037930004467], [29.5231309996959, 35.6103349999603], [29.5156900000935, 35.6168760003272], [29.5082470003988, 35.6234159997487], [29.5008029997587, 35.6299560000694], [29.4933579999717, 35.6364960003901], [29.4859120001387, 35.6430349997655], [29.4784640002135, 35.649572999994], [29.4710160002882, 35.6561120002686], [29.4635660002708, 35.6626489995517], [29.4561150002071, 35.6691859997342], [29.4486620000513, 35.6757229999166], [29.4412089998955, 35.6822590000529], [29.4337539996474, 35.6887950001891], [29.4262980002526, 35.6953300002793], [29.4188409999123, 35.7018650003695], [29.4113830004252, 35.7083999995604], [29.4039229999465, 35.7149339996045], [29.3964620003211, 35.7214669996024], [29.3889999997502, 35.7279999996003]]}, "properties": {"OBJECTID": 12755, "catalog_id": "PB_3404.0", "catalog_na": "Bird 2003", "name": " ", "slip_type": "Spreading_Ridge", "Shape__Length": 0.45559356029582354}}, {"type": "Feature", "id": 2095, "geometry": {"type": "LineString", "coordinates": [[30.4780800002918, 38.9557300003393], [30.4294640003634, 38.9751409997574], [30.3808480004349, 38.9945510000287], [30.3322110004374, 39.0139699998157], [30.2835740004398, 39.0333889996027], [30.2349160003732, 39.0528169998047], [30.1862580003065, 39.0722439999607], [30.1375790001708, 39.0916799996323], [30.0888989999889, 39.1111160002033], [30.0401979997379, 39.1305600002439], [29.9914970003863, 39.1500040002844], [29.9427760001124, 39.1694569998407], [29.8940539997923, 39.1889100002963], [29.8453110003024, 39.2083720002677], [29.7965679999133, 39.2278330001928], [29.7478040003544, 39.2473029996338], [29.69903899985, 39.2667719999279], [29.6502390004296, 39.2862560000144], [29.6014400001559, 39.305740000101]]}, "properties": {"OBJECTID": 2095, "catalog_id": "ME_TRCS310", "catalog_na": "EMME", "name": " ", "slip_type": "Dextral-Normal", "Shape__Length": 0.943930447560668}}, {"type": "Feature", "id": 7345, "geometry": {"type": "LineString", "coordinates": [[37.1724000001599, 37.6084000002598], [37.2578499998776, 37.61220000013], [37.3432999995953, 37.616]]}, "properties": {"OBJECTID": 7345, "catalog_id": "EUR_TRCS072", "catalog_na": "SHARE", "name": " ", "slip_type": "Sinistral-Reverse", "Shape__Length": 0.1710689036706199}}, {"type": "Feature", "id": 7004, "geometry": {"type": "LineString", "coordinates": [[24.6820230003613, 35.722646000013], [24.6504199998831, 35.7158699996008], [24.6188170003044, 35.7090930000419], [24.5766829998207, 35.7056559998246], [24.5345490002362, 35.7022189996072], [24.4924149997525, 35.6987820002892], [24.4550659995962, 35.6963129997452], [24.4177160002932, 35.6938440001006], [24.380367000137, 35.6913749995566]]}, "properties": {"OBJECTID": 7004, "catalog_id": "EUR_GRCS990", "catalog_na": "SHARE", "name": " ", "slip_type": "Normal", "Shape__Length": 0.30375713586475783}}, {"type": "Feature", "id": 7654, "geometry": {"type": "LineString", "coordinates": [[26.5864900002134, 38.9907199996283], [26.647931999862, 38.9005649996751], [26.727741000247, 38.8160990003686], [26.8564140003059, 38.7854109998178]]}, "properties": {"OBJECTID": 7654, "catalog_id": "EUR_TRCS389", "catalog_na": "SHARE", "name": " ", "slip_type": "Sinistral-Normal", "Shape__Length": 0.35758957699229127}}, {"type": "Feature", "id": 2035, "geometry": {"type": "LineString", "coordinates": [[31.3447490001663, 38.867601000286], [31.3224600002289, 38.8427350002202], [31.3001710002915, 38.8178690001543], [31.2778820003541, 38.7930030000884], [31.2556009998863, 38.7681450003915], [31.2333190002717, 38.7432859997492], [31.2110379998039, 38.7184280000522]]}, "properties": {"OBJECTID": 2035, "catalog_id": "ME_TRCS215", "catalog_na": "EMME", "name": " ", "slip_type": "Normal", "Shape__Length": 0.2003277704658596}}, {"type": "Feature", "id": 1949, "geometry": {"type": "LineString", "coordinates": [[41.245293000072, 38.9200580001766], [41.3187000002049, 38.9070720002726], [41.3405499996828, 38.8952890000874], [41.4102659995763, 38.8741019997076], [41.4776220003551, 38.880537999729], [41.5463929998371, 38.8665719995981], [41.6166779998898, 38.8525349997905], [41.6583919998909, 38.8230800003418], [41.6969869999501, 38.8117149996476], [41.7416330002628, 38.7809269998812], [41.7720910000996, 38.7627620003661], [41.8130490003112, 38.7429129996353], [41.858741000297, 38.7443759996527], [41.9011180002955, 38.7232640000336], [41.9328050001507, 38.7014529996563], [41.953331999772, 38.6921240002225], [42.0019099997468, 38.6856300002244]]}, "properties": {"OBJECTID": 1949, "catalog_id": "ME_TRCS112", "catalog_na": "EMME", "name": " ", "slip_type": "Reverse", "Shape__Length": 0.8113409547603203}}, {"type": "Feature", "id": 7359, "geometry": {"type": "LineString", "coordinates": [[42.0496669996324, 40.5434090000254], [42.0040270002459, 40.4797849995781], [41.9481299999995, 40.4081520003146], [41.9137110000627, 40.329075000411], [41.8575930004167, 40.2575970002014], [41.7850709997269, 40.195347000164]]}, "properties": {"OBJECTID": 7359, "catalog_id": "EUR_TRCS086", "catalog_na": "SHARE", "name": " ", "slip_type": "Sinistral", "Shape__Length": 0.4418549511504712}}, {"type": "Feature", "id": 7691, "geometry": {"type": "LineString", "coordinates": [[44.3692499996878, 37.0253849996181], [44.3037499999626, 37.0925749999363], [44.2382300002144, 37.1597840002315]]}, "properties": {"OBJECTID": 7691, "catalog_id": "EUR_TRCS433", "catalog_na": "SHARE", "name": " ", "slip_type": "Dextral", "Shape__Length": 0.187694783169371}}, {"type": "Feature", "id": 7545, "geometry": {"type": "LineString", "coordinates": [[29.4382700001605, 37.1426970000666], [29.4169109999427, 37.0870299996348], [29.3390230000115, 37.0321450001916], [29.2775360000864, 36.9653300000795]]}, "properties": {"OBJECTID": 7545, "catalog_id": "EUR_TRCS273", "catalog_na": "SHARE", "name": " ", "slip_type": "Normal", "Shape__Length": 0.24570869147046204}}, {"type": "Feature", "id": 7551, "geometry": {"type": "LineString", "coordinates": [[29.9694669998023, 37.0138180004005], [29.8812720003026, 37.1072490003411]]}, "properties": {"OBJECTID": 7551, "catalog_id": "EUR_TRCS279", "catalog_na": "SHARE", "name": " ", "slip_type": "Normal", "Shape__Length": 0.12848233219651498}}, {"type": "Feature", "id": 1889, "geometry": {"type": "LineString", "coordinates": [[29.5867950001892, 40.3142209997994], [29.5367950002891, 40.2904689998445], [29.4867940003429, 40.2667159998436], [29.4368179997509, 40.2429740003499], [29.3868410000122, 40.2192319999569]]}, "properties": {"OBJECTID": 1889, "catalog_id": "ME_TRCS039", "catalog_na": "EMME", "name": " ", "slip_type": "Dextral", "Shape__Length": 0.22136962818174968}}, {"type": "Feature", "id": 6958, "geometry": {"type": "LineString", "coordinates": [[24.6512329996033, 39.2633349997105], [24.7243909999447, 39.311271999803], [24.7975480002401, 39.3592079998494], [24.8707059996822, 39.4071449999419], [24.9438619999314, 39.4550809999882], [25.0170200002729, 39.5030180000807], [25.090177999715, 39.5509530000809], [25.1633350000103, 39.5988900001734], [25.2364930003517, 39.6468260002198], [25.3096489997016, 39.6947630003123], [25.382807000043, 39.7426990003586]]}, "properties": {"OBJECTID": 6958, "catalog_id": "EUR_GRCS831", "catalog_na": "SHARE", "name": " ", "slip_type": "Sinistral", "Shape__Length": 0.8746372752703311}}, {"type": "Feature", "id": 7645, "geometry": {"type": "LineString", "coordinates": [[31.3179120000388, 37.6745120003286], [31.3500370003074, 37.5793129997951], [31.3463009997914, 37.4772480000952], [31.3127999999201, 37.3786649999898]]}, "properties": {"OBJECTID": 7645, "catalog_id": "EUR_TRCS380", "catalog_na": "SHARE", "name": " ", "slip_type": "Normal", "Shape__Length": 0.306726322738641}}, {"type": "Feature", "id": 1989, "geometry": {"type": "LineString", "coordinates": [[37.4948479996355, 37.9894729998791], [37.5928809995585, 38.0374700000405], [37.6969160001733, 38.0769500004422], [37.7920199999231, 38.1286050002207], [37.8732599997492, 38.1933249999489], [37.9266440001206, 38.2740130003997], [37.9755740001401, 38.3564479995756], [38.0245139997214, 38.4389000004347], [38.0715020001173, 38.5220639999537], [38.131678999886, 38.5998780000697], [38.1695420003631, 38.6858719996931], [38.2007659995513, 38.7734830001404], [38.2304939998982, 38.8614190002867], [38.2690900000035, 38.9472499995879], [38.3085810000132, 39.0307070000281], [38.3851330003877, 39.0983499996528]]}, "properties": {"OBJECTID": 1989, "catalog_id": "ME_TRCS165", "catalog_na": "EMME", "name": " ", "slip_type": "Dextral", "Shape__Length": 1.4832925162719226}}, {"type": "Feature", "id": 6858, "geometry": {"type": "LineString", "coordinates": [[25.4995359996867, 40.8752029997187], [25.5317549997935, 40.863960000154], [25.5574729995793, 40.8562919999759], [25.5680069997233, 40.8562919999759], [25.5822279999223, 40.8612249999338], [25.5938150000622, 40.8641029995538], [25.6054030002483, 40.864924999689], [25.6326939997284, 40.8621690002992], [25.6643930001369, 40.8554689997945], [25.7033689997796, 40.8476580002166], [25.7326710002665, 40.8471540003569], [25.7725710002515, 40.8499960001154], [25.7955410001171, 40.8509469999042], [25.8189769998887, 40.8510890001573], [25.8480349999153, 40.8508699999506], [25.872755000443, 40.8516350001552], [25.898921000204, 40.8512989999489], [25.9388200001429, 40.8499449995621], [25.9775629998326, 40.8472369996878], [26.0093669996874, 40.8472369996878], [26.0434840000866, 40.8463340003139], [26.0752879999413, 40.8458830002003], [26.1296440001705, 40.8476879998014]]}, "properties": {"OBJECTID": 6858, "catalog_id": "EUR_GRCS160", "catalog_na": "SHARE", "name": " ", "slip_type": "Normal", "Shape__Length": 0.6362616519590166}}, {"type": "Feature", "id": 1995, "geometry": {"type": "LineString", "coordinates": [[35.2327920003506, 39.2645259997751], [35.270914000181, 39.2911170002494], [35.3090360000114, 39.3177079998244], [35.3471739996804, 39.3443099999066], [35.3853120002487, 39.3709119999888], [35.4234679998484, 39.3975259997251], [35.4616230003013, 39.4241400003608]]}, "properties": {"OBJECTID": 1995, "catalog_id": "ME_TRCS172", "catalog_na": "EMME", "name": " ", "slip_type": "Sinistral", "Shape__Length": 0.27899866616697033}}, {"type": "Feature", "id": 6864, "geometry": {"type": "LineString", "coordinates": [[23.6975000002249, 40.198386000014], [23.7500580002766, 40.1892850003026], [23.7902500002374, 40.1820050000308], [23.8304410001521, 40.1747239997129], [23.8876370000476, 40.1647140003509], [23.9448319998969, 40.1547030000435], [23.9846369999976, 40.1480289998385], [24.0244420000983, 40.1413549996336]]}, "properties": {"OBJECTID": 6864, "catalog_id": "EUR_GRCS265", "catalog_na": "SHARE", "name": " ", "slip_type": "Normal", "Shape__Length": 0.3318824358207431}}, {"type": "Feature", "id": 1843, "geometry": {"type": "LineString", "coordinates": [[25.3354469995794, 39.3565519996751], [25.2962929998221, 39.3187989997741], [25.257140000111, 39.2810459998731], [25.2114369996179, 39.239190999665], [25.1657340000241, 39.1973350003101], [25.1295319997021, 39.162468000398], [25.0886539995824, 39.12260000009], [25.0465359998366, 39.0807870000201], [25.0229999999501, 39.0574500003173], [25.0068960001503, 39.0380030001384], [24.9994640000636, 39.0175820000093], [24.9907920003506, 39.0049409998273], [24.9561069998382, 38.9757699999856], [24.9065559999595, 38.9339569999157], [24.8681549998534, 38.902841000312], [24.8309920001807, 38.8746420003281]]}, "properties": {"OBJECTID": 1843, "catalog_id": "ME_GRCS840", "catalog_na": "EMME", "name": " ", "slip_type": "Dextral", "Shape__Length": 0.7011243398740217}}, {"type": "Feature", "id": 7499, "geometry": {"type": "LineString", "coordinates": [[29.9496820002242, 38.9514560001943], [29.8364859998291, 38.9722929997222], [29.7232660001259, 38.9931330002878]]}, "properties": {"OBJECTID": 7499, "catalog_id": "EUR_TRCS227", "catalog_na": "SHARE", "name": " ", "slip_type": "Dextral-Normal", "Shape__Length": 0.23021984588486927}}, {"type": "Feature", "id": 2089, "geometry": {"type": "LineString", "coordinates": [[30.8677440003854, 37.8380239999077], [30.8407890002122, 37.8608520004195], [30.8138340000391, 37.883680000032], [30.786878999866, 37.9065079996445], [30.7715509998788, 37.9369179999658], [30.7723810003829, 37.9554850000328], [30.7755990003936, 37.9826029996288], [30.796380000037, 37.9998239996779], [30.8243369996529, 38.0364159999984], [30.8522930001219, 38.073008000319]]}, "properties": {"OBJECTID": 2089, "catalog_id": "ME_TRCS295", "catalog_na": "EMME", "name": " ", "slip_type": "Sinistral-Normal", "Shape__Length": 0.3050041331228471}}, {"type": "Feature", "id": 2338, "geometry": {"type": "LineString", "coordinates": [[44.5876200001629, 39.4175220000403], [44.6289199999581, 39.3370159998885], [44.6344749998215, 39.285421000179], [44.672324999699, 39.2048279996125], [44.6978230001314, 39.1693260000949], [44.776323999553, 39.0496870002549], [44.8705189996522, 38.9649110001426], [44.9649630004422, 38.847301000341], [45.0326779997899, 38.7439459996082], [45.1146490000514, 38.6601929999071], [45.1948379999738, 38.6120799997922]]}, "properties": {"OBJECTID": 2338, "catalog_id": "ME_IR151s1", "catalog_na": "EMME", "name": " ", "slip_type": "Dextral", "Shape__Length": 1.030049434229221}}, {"type": "Feature", "id": 7353, "geometry": {"type": "LineString", "coordinates": [[42.5472020000723, 38.9975600002938], [42.6045659996212, 39.0884150001522], [42.6113440001255, 39.1920199998232]]}, "properties": {"OBJECTID": 7353, "catalog_id": "EUR_TRCS080", "catalog_na": "SHARE", "name": " ", "slip_type": "Sinistral", "Shape__Length": 0.2112753455943285}}, {"type": "Feature", "id": 1943, "geometry": {"type": "LineString", "coordinates": [[44.6828949997045, 37.4440190001768], [44.5756029999785, 37.45906499975], [44.5189609995505, 37.4708399995664], [44.4741089996307, 37.4766199999131], [44.4103090000604, 37.4989370002424], [44.367144999742, 37.5248429997047], [44.3231630003722, 37.5498990004386]]}, "properties": {"OBJECTID": 1943, "catalog_id": "ME_TRCS104", "catalog_na": "EMME", "name": " ", "slip_type": "Dextral", "Shape__Length": 0.37996803352384667}}, {"type": "Feature", "id": 7554, "geometry": {"type": "LineString", "coordinates": [[29.9047710002815, 36.414963999589], [29.8393800001869, 36.3491079996346], [29.7489199996583, 36.2859999996003], [29.6962059996072, 36.1994690003941], [29.5896299996248, 36.155942000423]]}, "properties": {"OBJECTID": 7554, "catalog_id": "EUR_TRCS282", "catalog_na": "SHARE", "name": " ", "slip_type": "Dextral-Normal", "Shape__Length": 0.4195491554054913}}, {"type": "Feature", "id": 7625, "geometry": {"type": "LineString", "coordinates": [[27.1127099996668, 38.3975799997173], [27.093111999719, 38.3226660002358], [27.0375620001862, 38.2428929997122], [26.9600030001384, 38.1754280002021], [26.904197999638, 38.095810999678], [26.8749160000734, 38.0078710002465]]}, "properties": {"OBJECTID": 7625, "catalog_id": "EUR_TRCS360", "catalog_na": "SHARE", "name": " ", "slip_type": "Dextral", "Shape__Length": 0.46735319218200083}}, {"type": "Feature", "id": 1886, "geometry": {"type": "LineString", "coordinates": [[27.4575999998402, 39.8970999997652], [27.4110849996731, 39.8736819999244], [27.3645700004053, 39.8502630000375], [27.3180770003534, 39.8268559998046], [27.2715840003014, 39.8034480004249], [27.2251130003647, 39.7800519998], [27.1786420004281, 39.7566560000744], [27.1321939997533, 39.7332709999567], [27.0857449999319, 39.7098859998391], [27.0393190002717, 39.6865120002287], [26.9316609998553, 39.6228150000123], [26.920859999989, 39.6164240002674], [26.8484570002904, 39.5735859996942]]}, "properties": {"OBJECTID": 1886, "catalog_id": "ME_TRCS032", "catalog_na": "EMME", "name": " ", "slip_type": "Dextral", "Shape__Length": 0.6900684658129143}}, {"type": "Feature", "id": 2052, "geometry": {"type": "LineString", "coordinates": [[33.1019100004462, 40.2680399997462], [33.0878630001774, 40.2387859996742], [33.0738149998624, 40.2095319996022], [33.0597679995935, 40.1802780004294], [33.0457230003163, 40.1510289996887], [33.0316770000935, 40.1217789998011], [33.0176319999169, 40.0925299999596], [33.0035879997864, 40.0632830002103], [32.9895439996559, 40.0340369996079], [32.9755000004247, 40.0047899998586]]}, "properties": {"OBJECTID": 2052, "catalog_id": "ME_TRCS244", "catalog_na": "EMME", "name": " ", "slip_type": "Sinistral", "Shape__Length": 0.29202748253248173}}, {"type": "Feature", "id": 2384, "geometry": {"type": "LineString", "coordinates": [[44.8042729996992, 41.2450129997502], [44.872805999897, 41.2418790000159], [45.3864519995602, 41.0788510002735], [45.5288369997278, 41.0503740000601], [45.6256580004164, 40.9934209996795], [45.7011220000803, 40.9378910001696], [45.7680419996386, 40.9008709998968], [45.9559900001385, 40.8467650004045], [46.1809569999656, 40.7485189996522], [46.3361560001993, 40.6702079999993], [46.4429450001117, 40.6374589997331], [46.539765999901, 40.6232209996494], [46.6949650001347, 40.563420000133], [46.7969079996046, 40.4928319995972], [46.8786409996824, 40.4039489998465], [46.9156609999553, 40.3213660001409], [46.952681000228, 40.1163320004216], [47.0181779998149, 40.0180869997153], [47.1061180001457, 39.9226150000823]]}, "properties": {"OBJECTID": 2384, "catalog_id": "ME_AZ17", "catalog_na": "EMME", "name": " ", "slip_type": "Dextral", "Shape__Length": 2.8174637303611103}}, {"type": "Feature", "id": 1909, "geometry": {"type": "LineString", "coordinates": [[37.0254819995947, 36.8547849996281], [36.9778930002618, 36.8409670000271], [36.9303050000757, 36.82714800038], [36.882730999636, 36.813333000018], [36.8351570000955, 36.799517999656]]}, "properties": {"OBJECTID": 1909, "catalog_id": "ME_TRCS066", "catalog_na": "EMME", "name": " ", "slip_type": "Sinistral-Normal", "Shape__Length": 0.19818689847007603}}, {"type": "Feature", "id": 1837, "geometry": {"type": "LineString", "coordinates": [[32.8572519999799, 35.7309170001195], [32.8009370002424, 35.6643339999142], [32.7446219996057, 35.597751999755], [32.6654129999101, 35.4611449998419], [32.5739540000771, 35.3210180003805], [32.5002699997607, 35.2055139996714], [32.4265850002976, 35.0900099998616], [32.3457100002164, 34.9599089996007], [32.2714209998793, 34.8468639998737], [32.1907959996357, 34.7125030001134], [32.0845159998136, 34.5844899999136], [32.0224029997987, 34.5225990002437], [31.9602899997837, 34.4607079996745], [31.8625020003671, 34.3604060003367]]}, "properties": {"OBJECTID": 1837, "catalog_id": "ME_GRCS699", "catalog_na": "EMME", "name": " ", "slip_type": "Dextral-Reverse", "Shape__Length": 1.700649665384195}}, {"type": "Feature", "id": 7505, "geometry": {"type": "LineString", "coordinates": [[27.6820320001767, 39.4361300001994], [27.7808759997276, 39.4906720000129], [27.8797450004315, 39.5452270004258], [27.9786649998899, 39.5998100003313], [28.0776369999476, 39.6544219997755], [28.1766599996593, 39.7090629996578], [28.2757360000164, 39.7637319999319], [28.3748630000275, 39.8184299997448]]}, "properties": {"OBJECTID": 7505, "catalog_id": "EUR_TRCS233", "catalog_na": "SHARE", "name": " ", "slip_type": "Dextral", "Shape__Length": 0.791307831386973}}, {"type": "Feature", "id": 2172, "geometry": {"type": "LineString", "coordinates": [[26.1690109998578, 39.9623050002756], [26.1801370003224, 39.9604160003981], [26.2059970003613, 39.9587639997588], [26.2250480002651, 39.9588530002658], [26.2399769998387, 39.9594720000328], [26.2532080002491, 39.9615970000016], [26.2745580000517, 39.9651369995729], [26.2959079998544, 39.9686780000897], [26.318461000275, 39.968914000181], [26.3343979995681, 39.971274000195], [26.3512369999876, 39.9771749998264], [26.365817999701, 39.9878700002004], [26.3777660003007, 39.9905080004439], [26.4057710003315, 40.0007659995513], [26.4184670003518, 40.0022319997071], [26.4330290000883, 40.0107319995822]]}, "properties": {"OBJECTID": 2172, "catalog_id": "ME_TRCS901", "catalog_na": "EMME", "name": " ", "slip_type": "Normal", "Shape__Length": 0.2741675185336446}}, {"type": "Feature", "id": 1935, "geometry": {"type": "LineString", "coordinates": [[43.9461000004147, 39.8452000003797], [43.9805990004436, 39.8187969995819], [44.0150970004263, 39.7923929996373], [44.0495839999017, 39.7659990001538], [44.0840700002304, 39.739604999771]]}, "properties": {"OBJECTID": 1935, "catalog_id": "ME_TRCS095", "catalog_na": "EMME", "name": " ", "slip_type": "Dextral", "Shape__Length": 0.17374125879484884}}, {"type": "Feature", "id": 2121, "geometry": {"type": "LineString", "coordinates": [[26.8749160000734, 38.0078710002465], [26.8846769996439, 38.0371840003414], [26.8944370000676, 38.0664979995831], [26.904197999638, 38.095810999678], [26.9228000004197, 38.1223499995529], [26.941401000256, 38.1488890003271], [26.9600030001384, 38.1754280002021], [26.9858559998546, 38.1979160003232], [27.0117089995707, 38.2204049995911], [27.0375620001862, 38.2428929997122], [27.0560789997461, 38.2694840001865], [27.0745950001592, 38.2960749997615], [27.093111999719, 38.3226660002358], [27.1029110001426, 38.3601229999765], [27.1127099996668, 38.3975799997173]]}, "properties": {"OBJECTID": 2121, "catalog_id": "ME_TRCS360", "catalog_na": "EMME", "name": " ", "slip_type": "Dextral", "Shape__Length": 0.46735319221858074}}, {"type": "Feature", "id": 7482, "geometry": {"type": "LineString", "coordinates": [[28.4207879999663, 39.1886400004357], [28.5420980004224, 39.1687060002818], [28.6633720001178, 39.1487780004044], [28.7846120000438, 39.1288549998584], [28.9058200002928, 39.108937999589]]}, "properties": {"OBJECTID": 7482, "catalog_id": "EUR_TRCS209", "catalog_na": "SHARE", "name": " ", "slip_type": "Normal", "Shape__Length": 0.4915368249490045}}, {"type": "Feature", "id": 7531, "geometry": {"type": "LineString", "coordinates": [[31.9582619997915, 37.6760199997233], [31.9149220003501, 37.5952980004025], [31.8715900003783, 37.5145889998825]]}, "properties": {"OBJECTID": 7531, "catalog_id": "EUR_TRCS259", "catalog_na": "SHARE", "name": " ", "slip_type": "Sinistral-Normal", "Shape__Length": 0.18322664433069474}}, {"type": "Feature", "id": 2195, "geometry": {"type": "LineString", "coordinates": [[43.8897130000549, 41.6506190002667], [44.0106799999821, 41.6456789999859], [44.1100899995539, 41.6444760002673], [44.803255000418, 41.596167000107]]}, "properties": {"OBJECTID": 2195, "catalog_id": "ME_G25s1s1", "catalog_na": "EMME", "name": " ", "slip_type": "Reverse", "Shape__Length": 0.9153314750561687}}, {"type": "Feature", "id": 2244, "geometry": {"type": "LineString", "coordinates": [[42.9800050002306, 42.9923650000447], [42.9390209997194, 43.0054530001559], [42.9096749999014, 43.0166140004358], [42.8653599995644, 43.0413069997183], [42.8111329998881, 43.0583529997912], [42.7571089996807, 43.0689989997041], [42.6975499996328, 43.0720680000382], [42.6468420003581, 43.0710360001113], [42.5980420000383, 43.0583289995837], [42.57358700004, 43.0535610000402], [42.539724999709, 43.0666559995748], [42.3274949999943, 43.1129149996276]]}, "properties": {"OBJECTID": 2244, "catalog_id": "ME_G1s2s5", "catalog_na": "EMME", "name": " ", "slip_type": "Reverse", "Shape__Length": 0.6762741770186131}}, {"type": "Feature", "id": 7462, "geometry": {"type": "LineString", "coordinates": [[35.5298899999236, 39.0178000001699], [35.3885100002364, 38.9530999995654]]}, "properties": {"OBJECTID": 7462, "catalog_id": "EUR_TRCS189", "catalog_na": "SHARE", "name": " ", "slip_type": "Sinistral", "Shape__Length": 0.15548117053135999}}, {"type": "Feature", "id": 7290, "geometry": {"type": "LineString", "coordinates": [[30.9704590003826, 40.7790829998806], [30.9438400004157, 40.7700600001689], [30.8360320002766, 40.733514000171], [30.7282719996531, 40.6969860001039], [30.6111610003799, 40.6859989997541], [30.497905999962, 40.7111510004184], [30.3799420000233, 40.7143969999217], [30.2627790001508, 40.725371999718], [30.1447150000972, 40.7252739996954], [30.0266659998361, 40.7239430003692], [29.9097529998011, 40.7115499999326], [29.7919930002768, 40.7054589996332], [29.6812509997339, 40.7364570000905], [29.5636029999785, 40.7288399995664], [29.4455500004322, 40.7273700001255], [29.327500000125, 40.7258999997852]]}, "properties": {"OBJECTID": 7290, "catalog_id": "EUR_TRCS012", "catalog_na": "SHARE", "name": " ", "slip_type": "Sinistral-Reverse", "Shape__Length": 1.6656676647455972}}, {"type": "Feature", "id": 7296, "geometry": {"type": "LineString", "coordinates": [[30.6778669999621, 40.5599910002845], [30.5746130002898, 40.5407180000357], [30.4585200002978, 40.5190479998653], [30.3424620001213, 40.4973850000178], [30.2264389997601, 40.4757289995937], [30.1145480001901, 40.4439849998079], [29.9966909997898, 40.4295299996098], [29.8788589996432, 40.4150780004494], [29.7608630000275, 40.4015540000171], [29.642850999674, 40.3882360000914], [29.5237690003391, 40.3829360002962], [29.4061500001225, 40.3981090003302], [29.2888359995817, 40.4147050003356], [29.16966499974, 40.4195889998325], [29.0504860004286, 40.4244730002288]]}, "properties": {"OBJECTID": 7296, "catalog_id": "EUR_TRCS022", "catalog_na": "SHARE", "name": " ", "slip_type": "Sinistral", "Shape__Length": 1.6453418738166738}}, {"type": "Feature", "id": 2221, "geometry": {"type": "LineString", "coordinates": [[42.6543749997065, 41.751785999924], [42.7794429998946, 41.7876550001782], [42.8862849995531, 41.816562000436], [42.9670229996118, 41.850475000421], [43.0305690000594, 41.8690360002113], [43.0309390000349, 41.8692070000031], [43.0730979998729, 41.8699219997006], [43.1250150000423, 41.8763460000679], [43.2026269998362, 41.8961329997382], [43.2583029997837, 41.9025550000133], [43.3149880003959, 41.9182370001375], [43.3693599995644, 41.9282949999144], [43.4186469998592, 41.9438220000853], [43.4717499998627, 41.9565960001054], [43.501513000025, 41.9588430003043], [43.5272289997186, 41.9371099999266], [43.571892999962, 41.9241369997228], [43.6292849999029, 41.9231219996806], [43.701021000319, 41.9310500001574], [43.7743040001296, 41.9631569995959], [43.8095699995559, 41.9730020003421], [43.8461890002222, 42.0088509996739]]}, "properties": {"OBJECTID": 2221, "catalog_id": "ME_G21s2s1", "catalog_na": "EMME", "name": " ", "slip_type": "Sinistral", "Shape__Length": 1.2534612180418254}}, {"type": "Feature", "id": 7319, "geometry": {"type": "LineString", "coordinates": [[40.8999759999925, 39.1509279997275], [40.8287050003356, 39.0975050002556], [40.7733140000411, 39.0241079996845], [40.6832729999491, 38.9757289998935], [40.613094000288, 38.9104759998676], [40.5319539996774, 38.8534859995793]]}, "properties": {"OBJECTID": 7319, "catalog_id": "EUR_TRCS046", "catalog_na": "SHARE", "name": " ", "slip_type": "Sinistral", "Shape__Length": 0.4782206618532563}}, {"type": "Feature", "id": 7313, "geometry": {"type": "LineString", "coordinates": [[28.4625430000594, 40.021253000026], [28.5760019999923, 40.0778019997625], [28.6895250001787, 40.1343809999832], [28.8031139998113, 40.1909939999732]]}, "properties": {"OBJECTID": 7313, "catalog_id": "EUR_TRCS040", "catalog_na": "SHARE", "name": " ", "slip_type": "Dextral", "Shape__Length": 0.3805267571924442}}, {"type": "Feature", "id": 1860, "geometry": {"type": "LineString", "coordinates": [[25.4513590002177, 40.0420830001304], [25.4211569995959, 40.0245599996443], [25.3935809995635, 40.0106450000667], [25.3660040003844, 39.9967290004431], [25.3344890003671, 39.9771440001955], [25.3128220003351, 39.9601370001225], [25.2911550003031, 39.9431290000034], [25.247821000239, 39.9132360001414], [25.2248409999123, 39.8926210000591], [25.2018609995855, 39.8720049999309], [25.1755830000554, 39.8515160002632], [25.14930399958, 39.8310269996963], [25.1052100004412, 39.7972139998263], [25.0611160004032, 39.7633999999101], [25.0208309997509, 39.7325069997983], [24.9805449999519, 39.7016139996864], [24.9402600001989, 39.6707209995745]]}, "properties": {"OBJECTID": 1860, "catalog_id": "ME_GRCS999", "catalog_na": "EMME", "name": " ", "slip_type": "Dextral", "Shape__Length": 0.6333550593315763}}, {"type": "Feature", "id": 7362, "geometry": {"type": "LineString", "coordinates": [[43.2501479996305, 41.0869739998503], [43.1351210002341, 41.0445500003823], [43.0707939997433, 40.9554549998484], [43.0289809996734, 40.8590359997117]]}, "properties": {"OBJECTID": 7362, "catalog_id": "EUR_TRCS089", "catalog_na": "SHARE", "name": " ", "slip_type": "Sinistral", "Shape__Length": 0.3375862828608291}}, {"type": "Feature", "id": 6649, "geometry": {"type": "LineString", "coordinates": [[26.7065210001441, 42.2145319995522], [26.7421760004221, 42.2138090003851], [26.7778309998009, 42.2130850002726], [26.8126609998054, 42.2108689997046], [26.8474909998098, 42.208653000036], [26.8916429998246, 42.2074460001328], [26.9357939997933, 42.2062380001836], [26.984481000298, 42.1998390000699], [27.0331679999033, 42.1934410000022], [27.0787140003509, 42.187624999794], [27.1242599998992, 42.1818080004389], [27.1546619998514, 42.1785250001287], [27.1850629997577, 42.1752419998185]]}, "properties": {"OBJECTID": 6649, "catalog_id": "EUR_BGCS008", "catalog_na": "SHARE", "name": " ", "slip_type": "Normal", "Shape__Length": 0.48066113746064437}}, {"type": "Feature", "id": 6655, "geometry": {"type": "LineString", "coordinates": [[26.4094900000635, 42.80934800031], [26.4669519996351, 42.8250769999037], [26.524414000106, 42.8408060003966], [26.5695650003245, 42.8497940002929], [26.6147159996437, 42.8587810001431], [26.6619180000158, 42.8647730003737], [26.7091200003878, 42.8707639996589], [26.7563209998144, 42.877255000418], [26.8035230001864, 42.8837470003239], [26.850723999613, 42.8902380001836], [26.899465999956, 42.8951059998421], [26.948208000299, 42.899975000446], [26.9969499997428, 42.9048430001044], [27.0456920000858, 42.9097109997629]]}, "properties": {"OBJECTID": 6655, "catalog_id": "EUR_BGCS014", "catalog_na": "SHARE", "name": " ", "slip_type": "Normal", "Shape__Length": 0.645261670158032}}, {"type": "Feature", "id": 2101, "geometry": {"type": "LineString", "coordinates": [[27.2437700000855, 39.0937570000855], [27.2217269998013, 39.065065999896], [27.1996840004163, 39.0363749997065], [27.1776410001321, 39.0076840004164], [27.1556050001707, 38.9790019997425], [27.1335690002093, 38.9503199999681], [27.1115330002478, 38.9216380001936], [27.0895039997098, 38.8929649999349], [27.0674750000712, 38.8642919996761], [27.0454460004326, 38.8356190003167], [27.0234230001714, 38.8069540004269], [27.001398999864, 38.7782879995916], [26.9793759996027, 38.7496229997017]]}, "properties": {"OBJECTID": 2101, "catalog_id": "ME_TRCS317", "catalog_na": "EMME", "name": " ", "slip_type": "Sinistral-Normal", "Shape__Length": 0.43397280757249945}}, {"type": "Feature", "id": 7339, "geometry": {"type": "LineString", "coordinates": [[36.8351570000955, 36.799517999656], [36.9303050000757, 36.82714800038], [37.0254819995947, 36.8547849996281]]}, "properties": {"OBJECTID": 7339, "catalog_id": "EUR_TRCS066", "catalog_na": "SHARE", "name": " ", "slip_type": "Sinistral-Normal", "Shape__Length": 0.19818689846233142}}, {"type": "Feature", "id": 7511, "geometry": {"type": "LineString", "coordinates": [[32.1068099999816, 39.6099100002464], [32.1681749996765, 39.6829620001962], [32.2295420003631, 39.7560170002844], [32.2909290001733, 39.8290949996346], [32.3523339999142, 39.9021949999993], [32.4137589996781, 39.975317999626], [32.4752030003183, 40.0484640003134], [32.536666000036, 40.1216330002628], [32.5981479997304, 40.1948250003735], [32.6596500003473, 40.2680399997462]]}, "properties": {"OBJECTID": 7511, "catalog_id": "EUR_TRCS239", "catalog_na": "SHARE", "name": " ", "slip_type": "Sinistral-Normal", "Shape__Length": 0.8595156556168932}}, {"type": "Feature", "id": 1929, "geometry": {"type": "LineString", "coordinates": [[43.0289809996734, 40.8590359997117], [43.0429190003117, 40.8911759997726], [43.0568560000045, 40.9233149997875], [43.0707939997433, 40.9554549998484], [43.0922360001913, 40.9851529997112], [43.1136789997861, 41.0148519996201], [43.1351210002341, 41.0445500003823], [43.1734630003173, 41.05869099959], [43.2118060004466, 41.0728329997432], [43.2501479996305, 41.0869739998503]]}, "properties": {"OBJECTID": 1929, "catalog_id": "ME_TRCS089", "catalog_na": "EMME", "name": " ", "slip_type": "Sinistral", "Shape__Length": 0.3375862828667259}}, {"type": "Feature", "id": 14103, "geometry": {"type": "LineString", "coordinates": [[26.4649999995504, 34.1979999996004], [26.4755519996251, 34.1999349998005], [26.486104999746, 34.2018689999545], [26.4966589999129, 34.2038030001084], [26.50721300008, 34.2057350001702], [26.5177670002469, 34.2076660001858], [26.5283219995607, 34.2095970002014], [26.5388769997738, 34.211527000171], [26.549433000033, 34.2134550000483], [26.5599900003383, 34.2153829999256], [26.5705459996982, 34.2173099997567], [26.5811040000496, 34.2192360004411], [26.5916610003549, 34.2211610001801], [26.6022199998532, 34.223085999919], [26.6127780002046, 34.2250089995657], [26.6233379997489, 34.2269310000656], [26.6338970001465, 34.2288529996662], [26.6444569996908, 34.230773000074], [26.6550180001806, 34.2326929995823], [26.6655789997711, 34.2346119999439], [26.676141000307, 34.2365300002593], [26.6867029999435, 34.2384459995833], [26.6972649995801, 34.2403619998065], [26.7078290002082, 34.2422780000297], [26.7183919998909, 34.2441920001608], [26.7289559996198, 34.2461050002456], [26.739521000294, 34.2480170002844], [26.7500850000228, 34.2499290003232], [26.7606509998438, 34.2518390002697], [26.7712169996648, 34.2537490002163], [26.7817830003852, 34.2556580001167], [26.7923500002524, 34.257565999971], [26.8029170001195, 34.2594719997331], [26.8134850000328, 34.2613780003945], [26.824052999946, 34.2632840001565], [26.8346219999054, 34.2651879998264], [26.8451909998648, 34.2670910003494], [26.8557609998703, 34.268992999927], [26.8663309998758, 34.270895000404], [26.8769019999274, 34.2727949998894], [26.887472999979, 34.2746950002741], [26.8980450000768, 34.2765939997134], [26.9086170001744, 34.2784909999597], [26.9191900003183, 34.2803880002061], [26.9297629995629, 34.2822840004063], [26.9403359997067, 34.2841789996612], [26.9509099998966, 34.2860729997692], [26.9614850001327, 34.2879669998772], [26.9720590003226, 34.289858999893], [26.9826349997055, 34.2917499998626], [26.9932109999877, 34.2936409998323], [27.0037870002699, 34.2955299997097], [27.0143639996989, 34.2974189995872], [27.0249410000272, 34.2993070003179], [27.0355190004016, 34.3011940001031], [27.0460969998767, 34.3030789997961], [27.0566760002972, 34.3049640003883], [27.0672549998184, 34.3068490000813], [27.0778350002851, 34.3087319996821], [27.0884149998524, 34.3106140001361], [27.0989960003652, 34.3124949996446], [27.1095769999786, 34.3143760000524], [27.120157999592, 34.316255000368], [27.1307400001509, 34.3181339997843], [27.1413229998566, 34.3200120000538], [27.1519059995623, 34.3218880002311], [27.1624890001673, 34.3237640004083], [27.173072999919, 34.3256389996401], [27.183657999717, 34.3275129997252], [27.1942430004142, 34.3293859997642], [27.2048280002121, 34.3312579997569], [27.2154140000561, 34.3331299997498], [27.2259999999001, 34.3349999996503]]}, "properties": {"OBJECTID": 14103, "catalog_id": "PB_5449.0", "catalog_na": "Bird 2003", "name": " ", "slip_type": "Subduction_Thrust", "Shape__Length": 0.773234867549099}}, {"type": "Feature", "id": 2029, "geometry": {"type": "LineString", "coordinates": [[28.9058200002928, 39.108937999589], [28.8654169995949, 39.1155769999786], [28.8250149998424, 39.1222160003682], [28.7846120000438, 39.1288549998584], [28.7441989997841, 39.1354960003402], [28.7037850003775, 39.1421369999227], [28.6633720001178, 39.1487780004044], [28.622947000204, 39.1554210000791], [28.5825230003363, 39.1620629997077], [28.5420980004224, 39.1687060002818], [28.5016609999552, 39.1753510000487], [28.4612250004335, 39.1819949997695], [28.4207879999663, 39.1886400004357]]}, "properties": {"OBJECTID": 2029, "catalog_id": "ME_TRCS209", "catalog_na": "EMME", "name": " ", "slip_type": "Normal", "Shape__Length": 0.4915368249605112}}, {"type": "Feature", "id": 2078, "geometry": {"type": "LineString", "coordinates": [[30.7671789997111, 38.375372999964], [30.8026489995518, 38.388368000283], [30.8381180002456, 38.4013639997489], [30.8735880000862, 38.4143590000679], [30.9071330001879, 38.4315840003014], [30.9181490000764, 38.4505780002746], [30.9177889996627, 38.4688880001811], [30.9275300001095, 38.4961530002608], [30.9416910002395, 38.5372349998954], [30.9558520003696, 38.5783160003832]]}, "properties": {"OBJECTID": 2078, "catalog_id": "ME_TRCS281", "catalog_na": "EMME", "name": " ", "slip_type": "Normal", "Shape__Length": 0.3071660952820235}}, {"type": "Feature", "id": 7488, "geometry": {"type": "LineString", "coordinates": [[31.2110379998039, 38.7184280000522], [31.2778820003541, 38.7930030000884], [31.3447490001663, 38.867601000286]]}, "properties": {"OBJECTID": 7488, "catalog_id": "EUR_TRCS215", "catalog_na": "SHARE", "name": " ", "slip_type": "Normal", "Shape__Length": 0.20032777046580202}}, {"type": "Feature", "id": 7439, "geometry": {"type": "LineString", "coordinates": [[38.8959730001539, 39.2325350002901], [38.7839150000772, 39.1901439996459], [38.6564659998061, 39.1705010003209], [38.5267609998203, 39.1647100003663], [38.4113180001257, 39.118568000313]]}, "properties": {"OBJECTID": 7439, "catalog_id": "EUR_TRCS166", "catalog_na": "SHARE", "name": " ", "slip_type": "Sinistral", "Shape__Length": 0.5029190562654755}}, {"type": "Feature", "id": 2152, "geometry": {"type": "LineString", "coordinates": [[39.2718599998392, 41.4074500001175], [39.2134430002943, 41.3996370004473], [39.1550259998501, 41.3918229998316], [39.0966220000054, 41.3840110002075], [39.0382190002068, 41.3761989996842], [38.9798290001083, 41.3683890001523], [38.9214390000099, 41.3605789997211], [38.8630629996578, 41.3527710002815], [38.8046860001588, 41.3449619998964], [38.7463230004062, 41.3371559996497], [38.6879599997542, 41.3293490002562], [38.6296109997479, 41.3215450001017], [38.5712609996954, 41.3137399999011], [38.5129250002886, 41.3059369997928], [38.4545889999824, 41.2981339996844], [38.3962599999991, 41.2903319996221], [38.3379299999696, 41.2825299995599]]}, "properties": {"OBJECTID": 2152, "catalog_id": "ME_TRCS410", "catalog_na": "EMME", "name": " ", "slip_type": "Reverse", "Shape__Length": 0.9422474469206331}}, {"type": "Feature", "id": 14117, "geometry": {"type": "LineString", "coordinates": [[32.6679999996003, 34.3899999999001], [32.6783209998143, 34.3876369997478], [32.6886420000283, 34.3852730004486], [32.6989630002423, 34.3829080002041], [32.7092820003641, 34.3805419999134], [32.7196009995865, 34.3781759996227], [32.7299199997083, 34.3758080001392], [32.7402379997839, 34.3734399997562], [32.7505549998135, 34.3710710002266], [32.7608719998429, 34.3687009997514], [32.7711879998264, 34.3663300001294], [32.7815039998098, 34.3639579995621], [32.7918189997471, 34.3615849998479], [32.8021339996844, 34.3592110000876], [32.8124470004288, 34.3568370003273], [32.82276100032, 34.3544619996217], [32.833074000165, 34.3520859997691], [32.843385999964, 34.3497079998244], [32.8536969997168, 34.3473309999258], [32.864008000369, 34.3449519999349], [32.8743190001218, 34.3425719998979], [32.8846279997824, 34.340191999861], [32.8949380003884, 34.3378099997317], [32.9052460000029, 34.3354279996025], [32.9155539996174, 34.3330450003265], [32.9258620001312, 34.3306610001051], [32.9361689996996, 34.3282759998376], [32.9464750001212, 34.3258900004232], [32.9567809996435, 34.3235040001096], [32.9670860000189, 34.3211159997037], [32.9773910003944, 34.3187280001971], [32.9876949998244, 34.3163389997451], [32.9979980001077, 34.3139480001002], [33.0083010003909, 34.311557999602], [33.0186029997287, 34.309165999911], [33.0289049999658, 34.3067730001738], [33.0392060001568, 34.3043790003906], [33.0495060003017, 34.301984999708], [33.0598060004466, 34.2995899998787], [33.0701059996922, 34.2971940000032], [33.0804039997448, 34.2947970000815], [33.0907019997975, 34.2923990001138], [33.1009999998502, 34.2900000001]]}, "properties": {"OBJECTID": 14117, "catalog_id": "PB_5463.0", "catalog_na": "Bird 2003", "name": " ", "slip_type": "Subduction_Thrust", "Shape__Length": 0.44439762434548585}}, {"type": "Feature", "id": 7631, "geometry": {"type": "LineString", "coordinates": [[27.0168999997352, 38.2298899999236], [26.9241050003455, 38.2208189997971], [26.8305760003822, 38.2210729998191]]}, "properties": {"OBJECTID": 7631, "catalog_id": "EUR_TRCS366", "catalog_na": "SHARE", "name": " ", "slip_type": "Dextral", "Shape__Length": 0.18676664938586787}}, {"type": "Feature", "id": 7382, "geometry": {"type": "LineString", "coordinates": [[42.6077449996321, 38.7015010000712], [42.7136310001706, 38.7163119995992], [42.8195349997405, 38.7311250001187]]}, "properties": {"OBJECTID": 7382, "catalog_id": "EUR_TRCS109", "catalog_na": "SHARE", "name": " ", "slip_type": "Dextral-Reverse", "Shape__Length": 0.2138517840117251}}, {"type": "Feature", "id": 1880, "geometry": {"type": "LineString", "coordinates": [[27.253500000025, 40.0667000004048], [27.2898019995627, 40.0849049999658], [27.3261039999996, 40.1031090003801], [27.3624060004366, 40.1213139999412], [27.3990729997192, 40.1391199999881], [27.4357409999473, 40.1569249999888], [27.4724080001292, 40.1747310000356], [27.5130540003419, 40.1865039997599], [27.5536999996553, 40.1982770003833], [27.594345999868, 40.2100500001075], [27.6347970000816, 40.2217669999471], [27.6752490003411, 40.2334829997407], [27.7156999996553, 40.2451999995804]]}, "properties": {"OBJECTID": 1880, "catalog_id": "ME_TRCS025", "catalog_na": "EMME", "name": " ", "slip_type": "Dextral", "Shape__Length": 0.49741057028857505}}, {"type": "Feature", "id": 2058, "geometry": {"type": "LineString", "coordinates": [[33.0659260002847, 39.5377730002238], [33.0981210001841, 39.5734149999024], [33.1303160000834, 39.6090579996271], [33.1625219995906, 39.6447119998589], [33.1947279999973, 39.6803660000909], [33.2268130002199, 39.7161019996076], [33.2588980004424, 39.7518369999776], [33.2697889999624, 39.794454000252], [33.2806800003818, 39.837070999627], [33.2904929996523, 39.8798090000853], [33.3003059998221, 39.9225469996444]]}, "properties": {"OBJECTID": 2058, "catalog_id": "ME_TRCS253", "catalog_na": "EMME", "name": " ", "slip_type": "Sinistral-Normal", "Shape__Length": 0.46387780715385085}}, {"type": "Feature", "id": 7333, "geometry": {"type": "LineString", "coordinates": [[36.5295999998402, 36.2515000004248], [36.6425650003745, 36.2335980004474], [36.7555000004247, 36.2156999997553]]}, "properties": {"OBJECTID": 7333, "catalog_id": "EUR_TRCS060", "catalog_na": "SHARE", "name": " ", "slip_type": "Dextral", "Shape__Length": 0.22871915160866968}}, {"type": "Feature", "id": 7419, "geometry": {"type": "LineString", "coordinates": [[40.5506720004125, 38.930030999631], [40.5101420001532, 38.9963660000909], [40.4289950001192, 39.0472159996187], [40.3248370001275, 39.0513610001101]]}, "properties": {"OBJECTID": 7419, "catalog_id": "EUR_TRCS146", "catalog_na": "SHARE", "name": " ", "slip_type": "Dextral", "Shape__Length": 0.2777402941077238}}, {"type": "Feature", "id": 7582, "geometry": {"type": "LineString", "coordinates": [[30.1481969996918, 39.3556120003935], [30.097044999727, 39.3727080000742], [29.9910929997422, 39.4081179998458], [29.8850960003801, 39.4435440003554], [29.7790529997961, 39.478984999758], [29.6729649998349, 39.5144409998523], [29.5747470003738, 39.4673900001484], [29.463032999973, 39.4902809999682], [29.3512839997568, 39.5131790001108], [29.2395009997714, 39.5360839996769], [29.1276840000166, 39.5589959995658], [29.0208319998969, 39.5932869998952], [28.9104020002521, 39.6201250000688], [28.7951409999573, 39.6289139997813], [28.679865999916, 39.6377040004393], [28.5645760000824, 39.6464950002441], [28.4492719996031, 39.655287000095], [28.3339530002308, 39.6640799999921], [28.2186190001668, 39.6728739999352]]}, "properties": {"OBJECTID": 7582, "catalog_id": "EUR_TRCS311", "catalog_na": "SHARE", "name": " ", "slip_type": "Dextral-Normal", "Shape__Length": 1.9859841826188593}}, {"type": "Feature", "id": 7668, "geometry": {"type": "LineString", "coordinates": [[38.3379299999696, 41.2825299995599], [38.4545889999824, 41.2981339996844], [38.5712609996954, 41.3137399999011], [38.6879599997542, 41.3293490002562], [38.8046860001588, 41.3449619998964], [38.9214390000099, 41.3605789997211], [39.0382190002068, 41.3761989996842], [39.1550259998501, 41.3918229998316], [39.2718599998392, 41.4074500001175]]}, "properties": {"OBJECTID": 7668, "catalog_id": "EUR_TRCS410", "catalog_na": "SHARE", "name": " ", "slip_type": "Reverse", "Shape__Length": 0.9422474469058782}}, {"type": "Feature", "id": 2009, "geometry": {"type": "LineString", "coordinates": [[38.1677929997472, 39.8600810004378], [38.1106450002666, 39.8695099999866], [38.0534969998867, 39.8789390004346], [37.9963349997605, 39.8883710001216], [37.9391719995882, 39.8978019997625], [37.8808269997663, 39.9008580003965], [37.8224829999905, 39.9039130000849], [37.7659639998388, 39.9154679996485], [37.7094439996409, 39.9270220000653], [37.6510300002344, 39.9295159999635], [37.5926159999285, 39.9320089998155], [37.5345949997595, 39.9262739997453], [37.4765739995905, 39.9205389996752], [37.4180899996538, 39.9196419996786], [37.359604999671, 39.918744999682], [37.3042100000915, 39.9043620001063], [37.2488149996126, 39.8899779995851], [37.1953839997718, 39.8717810003929], [37.141951999885, 39.8535830002553]]}, "properties": {"OBJECTID": 2009, "catalog_id": "ME_TRCS187", "catalog_na": "EMME", "name": " ", "slip_type": "Sinistral-Reverse", "Shape__Length": 1.0418169174649972}}, {"type": "Feature", "id": 2258, "geometry": {"type": "LineString", "coordinates": [[43.964641000182, 40.9644209996295], [44.1023959999755, 40.9332199997033], [44.1450799997422, 40.9219770001385], [44.2003610003599, 40.9122949997145], [44.262791999751, 40.8971750003261], [44.3255679997635, 40.8761359995768], [44.3589169998197, 40.8456340004088], [44.3937859998241, 40.8315009997714], [44.4433599998641, 40.799731999732], [44.4827260004046, 40.782195000399], [44.5350779999498, 40.7635979998479], [44.5826720004125, 40.7560659996462], [44.6112970002564, 40.746196938438]]}, "properties": {"OBJECTID": 2258, "catalog_id": "ME_AM1s2", "catalog_na": "EMME", "name": " ", "slip_type": "Dextral", "Shape__Length": 0.6907662096346511}}, {"type": "Feature", "id": 6941, "geometry": {"type": "LineString", "coordinates": [[25.5127680001431, 35.2366819998745], [25.4871969999417, 35.2371430004492], [25.4698070001929, 35.233992999977], [25.449741000247, 35.2290929997422], [25.4301220002302, 35.2182430003143], [25.4118399998162, 35.2094919996561], [25.3948959999505, 35.1993420001332], [25.3800420002382, 35.1858490002312], [25.3676380001936, 35.1708419997585], [25.3564739997753, 35.1553500003023], [25.3494149998024, 35.1447400002509], [25.3415890004321, 35.1350169997348], [25.3360379998539, 35.1247890002122]]}, "properties": {"OBJECTID": 6941, "catalog_id": "EUR_GRCS743", "catalog_na": "SHARE", "name": " ", "slip_type": "Normal", "Shape__Length": 0.22183796130076552}}, {"type": "Feature", "id": 6990, "geometry": {"type": "LineString", "coordinates": [[25.6727169999896, 36.6988149998124], [25.7191609995805, 36.7200580000767], [25.7642529997761, 36.7377559996397], [25.794941000327, 36.7505380000287], [25.8256289999784, 36.7633200004178], [25.8520980002226, 36.7762810000681], [25.8785660004206, 36.7892429997647], [25.9052180001107, 36.8074219999254], [25.9380240003074, 36.8286959998206], [25.9679780002845, 36.8488500002274], [25.9993580003714, 36.8678840002465], [26.0364440000906, 36.8813200002179], [26.0761429997996, 36.8872060000569], [26.1137209997244, 36.8921220001303]]}, "properties": {"OBJECTID": 6990, "catalog_id": "EUR_GRCS958", "catalog_na": "SHARE", "name": " ", "slip_type": "Normal", "Shape__Length": 0.486584976841793}}, {"type": "Feature", "id": 6978, "geometry": {"type": "LineString", "coordinates": [[27.0990629998576, 37.7913899996488], [27.0645819997595, 37.7991230001264], [27.0301009996614, 37.8068559997047], [26.9878789996162, 37.8123799999371], [26.9456569995709, 37.8179040001695], [26.9069539999272, 37.8206659998361], [26.8682510002835, 37.823428000402], [26.8274370004173, 37.8250850003725], [26.7866219996056, 37.8267420003431], [26.7415860001938, 37.8261900000685], [26.6965489998365, 37.8256369997478], [26.6479940000231, 37.823428000402], [26.5994390002098, 37.8212180001107]]}, "properties": {"OBJECTID": 6978, "catalog_id": "EUR_GRCS912", "catalog_na": "SHARE", "name": " ", "slip_type": "Normal", "Shape__Length": 0.5024280133464126}}, {"type": "Feature", "id": 2072, "geometry": {"type": "LineString", "coordinates": [[29.2775360000864, 36.9653300000795], [29.3082799996224, 36.9987380001587], [29.3390230000115, 37.0321450001916], [29.3779669999771, 37.059588000386], [29.4169109999427, 37.0870299996348], [29.427590999625, 37.1148639998738], [29.4382700001605, 37.1426970000666]]}, "properties": {"OBJECTID": 2072, "catalog_id": "ME_TRCS273", "catalog_na": "EMME", "name": " ", "slip_type": "Normal", "Shape__Length": 0.24570869147676225}}, {"type": "Feature", "id": 1972, "geometry": {"type": "LineString", "coordinates": [[34.7643729999141, 37.24676100022], [34.7978460002927, 37.3312689996646], [34.8313579997719, 37.4157759999625], [34.8869019999274, 37.4926309999208], [34.9688580003964, 37.5528459996432], [35.0029089995508, 37.6372440003104], [35.0213760004021, 37.7246339995595], [35.0708060000969, 37.8041580002915], [35.1126400002359, 37.8863750002062], [35.1399859995543, 37.9723160000834], [35.1740860000689, 38.0567489996666], [35.2182990001987, 38.1382380001836], [35.2495590001478, 38.1958539996624]]}, "properties": {"OBJECTID": 1972, "catalog_id": "ME_TRCS136", "catalog_na": "EMME", "name": " ", "slip_type": "Sinistral", "Shape__Length": 1.084045829306659}}, {"type": "Feature", "id": 1966, "geometry": {"type": "LineString", "coordinates": [[41.39877400022, 38.3211210000342], [41.8080890000074, 38.1256739999552], [42.5163199995684, 37.8772629999875], [42.859114000211, 37.7071639997189]]}, "properties": {"OBJECTID": 1966, "catalog_id": "ME_TRCS130", "catalog_na": "EMME", "name": " ", "slip_type": "Reverse", "Shape__Length": 1.5867930538681243}}, {"type": "Feature", "id": 2358, "geometry": {"type": "LineString", "coordinates": [[36.8150459998731, 36.22236100026], [36.5865120001288, 36.0375230001864], [36.5701960004451, 36.0096679998783], [36.5021340003839, 35.880158999938], [36.4681610003299, 35.7520849996231], [36.3855530003707, 35.6198519999699], [36.3811329997882, 35.5210339998193], [36.3617390002547, 35.3450089996657]]}, "properties": {"OBJECTID": 2358, "catalog_id": "ME_SY1s6", "catalog_na": "EMME", "name": " ", "slip_type": "Sinistral-Normal", "Shape__Length": 1.036938704274058}}, {"type": "Feature", "id": 7325, "geometry": {"type": "LineString", "coordinates": [[39.1511009996115, 38.356410999668], [39.0400320001767, 38.3381890002223], [38.9289449999119, 38.2967840000816], [38.8309299999196, 38.2385669998672], [38.734897999643, 38.1784270000061]]}, "properties": {"OBJECTID": 7325, "catalog_id": "EUR_TRCS052", "catalog_na": "SHARE", "name": " ", "slip_type": "Sinistral", "Shape__Length": 0.4584161824798848}}, {"type": "Feature", "id": 1872, "geometry": {"type": "LineString", "coordinates": [[28.0562999998452, 40.7968000003198], [28.1166610000052, 40.8077770002084], [28.1770220001652, 40.8187540000971], [28.2375180002555, 40.8293670002869], [28.2980140003459, 40.8399790004306], [28.3595800003168, 40.846214000176], [28.4211450002416, 40.8524479998753], [28.4828320003966, 40.8580310001306], [28.5445179996061, 40.8636140003858], [28.6065359997366, 40.8664790003057], [28.6685539998672, 40.8693430001794], [28.7305770002284, 40.8722080000992], [28.7925999996903, 40.875073000019], [28.8535910001246, 40.8660959997306], [28.9145819996596, 40.8571180002955], [28.9679160004231, 40.8330449999269], [29.0212500002874, 40.8089719995582], [29.0745559997596, 40.7849129998351], [29.1278610000851, 40.7608530000659], [29.2278999998852, 40.7156999997553]]}, "properties": {"OBJECTID": 1872, "catalog_id": "ME_TRCS013", "catalog_na": "EMME", "name": " ", "slip_type": "Dextral", "Shape__Length": 1.208577032644733}}, {"type": "Feature", "id": 1866, "geometry": {"type": "LineString", "coordinates": [[33.1974410001021, 40.9130700003803], [33.3051569995959, 40.9218909997699], [33.3909309998658, 40.9611410003569], [33.5243439999757, 40.9920929995923], [33.6394759997177, 41.0106039997748], [33.754640000036, 41.0291200001879], [33.8702450000068, 41.0461159997536], [33.9869650001347, 41.058141000307], [34.1037060003317, 41.0701690000993], [34.2204679996985, 41.0821989999839], [34.3372510000337, 41.0942320000069], [34.448465999906, 41.123730999686], [34.566300000145, 41.1201689999994], [34.6827050001357, 41.1060000003998], [34.7993280002871, 41.1190990001188], [34.9167430000894, 41.110915000427], [35.0341430000994, 41.1027309998358], [35.1517990002237, 41.0971539998573], [35.2696569997708, 41.0953009998413], [35.3875110000327, 41.0934479998254], [35.4997270002009, 41.066297999653], [35.6058869998852, 41.0278019996626], [35.716640000036, 40.9976660002857], [35.8248560001044, 40.9627659997511], [35.9270329995733, 40.9187790001508], [36.0425269998212, 40.902230999661], [36.1526469995594, 40.8712289999185], [36.2583250003985, 40.8324650001597], [36.3671770001185, 40.7992109999877], [36.47820000013, 40.7704789997061], [36.5891799999571, 40.7417569998857], [36.6507779996051, 40.7258160004081]]}, "properties": {"OBJECTID": 1866, "catalog_id": "ME_TRCS006", "catalog_na": "EMME", "name": " ", "slip_type": "Dextral", "Shape__Length": 3.5339285483849405}}, {"type": "Feature", "id": 2364, "geometry": {"type": "LineString", "coordinates": [[35.6615500001325, 33.1318160000084], [35.6430690004341, 33.2007489997666], [35.6755170003094, 33.3037500003623], [35.7328120002737, 33.4169530001809], [35.7908759997276, 33.4690240002574], [35.852494000298, 33.5497109997629], [35.8978930002618, 33.5949450002116], [35.9397489996167, 33.6502839999067], [36.0051069999881, 33.7211909998648]]}, "properties": {"OBJECTID": 2364, "catalog_id": "ME_LB3s1", "catalog_na": "EMME", "name": " ", "slip_type": "Sinistral", "Shape__Length": 0.7156580650611072}}, {"type": "Feature", "id": 7674, "geometry": {"type": "LineString", "coordinates": [[27.585543999556, 38.8124029998986], [27.606004999731, 38.9020810003379], [27.6264669999521, 38.9917599999241], [27.6469290001733, 39.0814429996947], [27.6673920004405, 39.1711289996037]]}, "properties": {"OBJECTID": 7674, "catalog_id": "EUR_TRCS416", "catalog_na": "SHARE", "name": " ", "slip_type": "Dextral-Normal", "Shape__Length": 0.3679448846160197}}, {"type": "Feature", "id": 2015, "geometry": {"type": "LineString", "coordinates": [[32.077327000141, 39.4829300000196], [32.1705959998056, 39.4267300001894], [32.2638169999547, 39.3705579998519], [32.356991999781, 39.3144149999524], [32.4501200001379, 39.2583000004447], [32.5432010001261, 39.2022130004297], [32.6238830003003, 39.1356429999246], [32.7041340003839, 39.06881300002], [32.80273500042, 39.0190110002575], [32.8970830003802, 38.9645440003054], [32.9537730003237, 38.88454800029], [32.9813850002176, 38.8455850003475]]}, "properties": {"OBJECTID": 2015, "catalog_id": "ME_TRCS194", "catalog_na": "EMME", "name": " ", "slip_type": "Dextral", "Shape__Length": 1.118153533370372}}, {"type": "Feature", "id": 2507, "geometry": {"type": "LineString", "coordinates": [[43.5502029997687, 38.6073199997182], [43.5487199997282, 38.6074120003636], [43.5469930001269, 38.6074130004097], [43.5397669996474, 38.6071639997189], [43.5346290001283, 38.6068070003428], [43.5290110000577, 38.606272999999], [43.5231820001492, 38.6055590003476], [43.5183569997758, 38.6048350002351], [43.5055390004246, 38.6025589995982], [43.5019060001619, 38.6019500002923], [43.497897999693, 38.6013969999716], [43.4898469998392, 38.6005460002978], [43.4737640001086, 38.5990679995886], [43.463031999827, 38.5977889999624], [43.4596539996325, 38.5974729997791], [43.4554140001561, 38.5972819999644], [43.4511499995729, 38.5972830000105], [43.4468690000044, 38.5974250002636], [43.4382700000605, 38.5979900002384], [43.4296429997247, 38.5987710002815], [43.4080379998539, 38.6009639997888], [43.3994030000485, 38.6017199995784], [43.395093000042, 38.6020139996464], [43.3907900003583, 38.6022190001068], [43.3867999998202, 38.6022980001526], [43.3828229998816, 38.6022359999915], [43.3788629998276, 38.6019900003383], [43.3746139999362, 38.6014780001097], [43.3703840000217, 38.6007570001355], [43.3661689998995, 38.5998830003003], [43.3619630001924, 38.5988979998428], [43.3535699998557, 38.5967210001741], [43.3368050001507, 38.5920770000536], [43.3284099997218, 38.5898289998086], [43.3199839996619, 38.5877969996319], [43.3157519996551, 38.5869229997966], [43.3115009996715, 38.5861880000762], [43.3074200003328, 38.5856460002627], [43.3033240003024, 38.5852200004027], [43.2910029995888, 38.5842030002683], [43.2869040003194, 38.5838130002698], [43.2828199999431, 38.5833260002947], [43.2786629997976, 38.582691999836], [43.2662530003757, 38.5804380002136], [43.262114000161, 38.5797609995705], [43.2579630002923, 38.5792330004027], [43.2541519999149, 38.5789350001502], [43.2503279998374, 38.5787980001277], [43.2464419995986, 38.578801000266], [43.2442690001143, 38.5788869997353]]}, "properties": {"OBJECTID": 2507, "catalog_id": "ME_TRCS423", "catalog_na": "EMME", "name": " ", "slip_type": "Reverse", "Shape__Length": 0.30919380616848235}}, {"type": "Feature", "id": 7425, "geometry": {"type": "LineString", "coordinates": [[40.6128820004041, 39.1731639999187], [40.5430539998422, 39.1017570002854], [40.4656570000706, 39.0351699998956]]}, "properties": {"OBJECTID": 7425, "catalog_id": "EUR_TRCS152", "catalog_na": "SHARE", "name": " ", "slip_type": "Sinistral", "Shape__Length": 0.20197306785897742}}, {"type": "Feature", "id": 2264, "geometry": {"type": "LineString", "coordinates": [[44.4541239998228, 38.8253980002176], [44.2790230000115, 38.9361339995845], [44.1877649995552, 38.9991279997574], [44.1035209996944, 39.0476879998014], [44.0328689998046, 39.0709119996891], [43.9105850002976, 39.1405850002976], [43.7584049998909, 39.1849219998505], [43.4720920003456, 39.2546670001819]]}, "properties": {"OBJECTID": 2264, "catalog_id": "ME_IR43s1", "catalog_na": "EMME", "name": " ", "slip_type": "Dextral", "Shape__Length": 1.0836077626633953}}, {"type": "Feature", "id": 7574, "geometry": {"type": "LineString", "coordinates": [[30.0588150003121, 38.0250449999269], [29.9988670003119, 37.9711819999494], [29.9064159996987, 37.9269360000964], [29.8183629995528, 37.8774879995716], [29.7273660003407, 37.8315509999787], [29.6205310001056, 37.8439469996543], [29.5265689999594, 37.8019520001847]]}, "properties": {"OBJECTID": 7574, "catalog_id": "EUR_TRCS303", "catalog_na": "SHARE", "name": " ", "slip_type": "Normal", "Shape__Length": 0.5964780814240823}}, {"type": "Feature", "id": 2066, "geometry": {"type": "LineString", "coordinates": [[30.6346740001051, 36.9137639999087], [30.6084579998369, 36.9421880003759], [30.5873810000332, 36.9604269997063], [30.5690320001268, 36.9804569997908], [30.5454580002865, 37.0123809997834], [30.5429129998352, 37.0464170000446], [30.5518160003082, 37.0790440000806], [30.5598399998162, 37.1074539999022], [30.5752570003104, 37.1470549995886], [30.5973239999027, 37.1843600004137], [30.5991499995729, 37.1874479998254], [30.6214989995792, 37.2252330003028]]}, "properties": {"OBJECTID": 2066, "catalog_id": "ME_TRCS263", "catalog_na": "EMME", "name": " ", "slip_type": "Normal", "Shape__Length": 0.3641881921365658}}, {"type": "Feature", "id": 2115, "geometry": {"type": "LineString", "coordinates": [[36.1539739996005, 37.093280000072], [36.1922720003526, 37.1060580002766], [36.2305690001593, 37.118835000435], [36.2688670000121, 37.1316129997402], [36.3071809997034, 37.1443960001753], [36.3454960003402, 37.1571789997111], [36.3838100000315, 37.1699620001463], [36.4149079997045, 37.1919260003847], [36.4460070003229, 37.2138909997699], [36.4771049999958, 37.2358550000083], [36.5224999997752, 37.2498329997932], [36.5678949995547, 37.2638100004312]]}, "properties": {"OBJECTID": 2115, "catalog_id": "ME_TRCS344", "catalog_na": "EMME", "name": " ", "slip_type": "Sinistral", "Shape__Length": 0.45150531603459937}}, {"type": "Feature", "id": 7525, "geometry": {"type": "LineString", "coordinates": [[33.3003059998221, 39.9225469996444], [33.2806800003818, 39.837070999627], [33.2588980004424, 39.7518369999776], [33.1947279999973, 39.6803660000909], [33.1303160000834, 39.6090579996271], [33.0659260002847, 39.5377730002238]]}, "properties": {"OBJECTID": 7525, "catalog_id": "EUR_TRCS253", "catalog_na": "SHARE", "name": " ", "slip_type": "Sinistral-Normal", "Shape__Length": 0.46387780714919247}}, {"type": "Feature", "id": 2164, "geometry": {"type": "LineString", "coordinates": [[39.6710419999883, 39.6027389996052], [39.7038490002312, 39.5877590003776], [39.7401780001147, 39.5799039996699], [39.7800299996848, 39.5734070004328], [39.8196799998322, 39.5662529996762], [39.8584479997754, 39.5536670002319], [39.8963369996529, 39.541757999632], [39.8992219995957, 39.5407859997741], [39.9366560000744, 39.5242859996992], [39.975214000226, 39.5040980004225]]}, "properties": {"OBJECTID": 2164, "catalog_id": "ME_TRCS425", "catalog_na": "EMME", "name": " ", "slip_type": "Dextral-Reverse", "Shape__Length": 0.3218551173109471}}, {"type": "Feature", "id": 6984, "geometry": {"type": "LineString", "coordinates": [[24.3027680000432, 36.8462289998685], [24.2525669998672, 36.8446210003589], [24.2023659996912, 36.8430119999039], [24.1624089997756, 36.8430119999039], [24.1224519998599, 36.8430119999039], [24.0691770000186, 36.8446210003589], [24.0159020001772, 36.8462289998685], [23.9687739996205, 36.8526629997976], [23.921645999963, 36.8590969997268], [23.8786160004281, 36.8711600002339], [23.835585999994, 36.8832229998416], [23.7894819998944, 36.8960909996999], [23.7433779997949, 36.9089580004114]]}, "properties": {"OBJECTID": 6984, "catalog_id": "EUR_GRCS943", "catalog_na": "SHARE", "name": " ", "slip_type": "Normal", "Shape__Length": 0.5672061306157448}}]}